case_id,property,expected_detection,expected_type,pred_deteccion,pred_tipo_anomalia,oracle_result,theta_available_independent_windows,theta_duration,theta_final_planned_checks,theta_paper_sensor,theta_requested_windows,theta_sensor,theta_direction,theta_magnitude,theta_dynamic,theta_ratio,theta_target,theta_co2,theta_delta,theta_corr_sign,theta_reference,theta_reference_quartile,failure_mode
SS_ca52a4c42f4a,SS,anomalia,Sensor Atascado,normal,normal,fail,1640.0,16.0,100.0,DHEXT,100.0,PHEXT,,,,,,,,,,,A_binary_miss
SS_5dd5000a386e,SS,anomalia,Sensor Atascado,normal,normal,fail,1640.0,16.0,100.0,DHEXT,100.0,PHEXT,,,,,,,,,,,A_binary_miss
SS_9b4b2e5c203e,SS,anomalia,Sensor Atascado,normal,normal,fail,1640.0,16.0,100.0,DHEXT,100.0,PHEXT,,,,,,,,,,,A_binary_miss
SS_cfabf5f5bdf6,SS,anomalia,Sensor Atascado,normal,normal,fail,1640.0,16.0,100.0,DHEXT,100.0,PHEXT,,,,,,,,,,,A_binary_miss
SS_7a96db17e3f5,SS,anomalia,Sensor Atascado,normal,normal,fail,1640.0,16.0,100.0,DHEXT,100.0,PHEXT,,,,,,,,,,,A_binary_miss
SS_d2f1691d49ed,SS,anomalia,Sensor Atascado,normal,normal,fail,1640.0,16.0,100.0,DHEXT,100.0,PHEXT,,,,,,,,,,,A_binary_miss
SS_44bc4ef3e08c,SS,anomalia,Sensor Atascado,normal,normal,fail,1640.0,16.0,100.0,DHEXT,100.0,PHEXT,,,,,,,,,,,A_binary_miss
SS_2b80602b040a,SS,anomalia,Sensor Atascado,normal,normal,fail,1640.0,16.0,100.0,DHEXT,100.0,PHEXT,,,,,,,,,,,A_binary_miss
SS_c44f0a96a9ce,SS,anomalia,Sensor Atascado,normal,normal,fail,1640.0,16.0,100.0,DHEXT,100.0,PHEXT,,,,,,,,,,,A_binary_miss
SS_f52d853d14ae,SS,anomalia,Sensor Atascado,normal,normal,fail,1640.0,16.0,100.0,DHEXT,100.0,PHEXT,,,,,,,,,,,A_binary_miss
SS_5c9a5fca4076,SS,anomalia,Sensor Atascado,normal,normal,fail,1640.0,16.0,100.0,DHEXT,100.0,PHEXT,,,,,,,,,,,A_binary_miss
SS_09ebb3e40fff,SS,anomalia,Sensor Atascado,normal,normal,fail,1640.0,16.0,100.0,DHEXT,100.0,PHEXT,,,,,,,,,,,A_binary_miss
SS_33e63620924b,SS,anomalia,Sensor Atascado,normal,normal,fail,1640.0,16.0,100.0,DHEXT,100.0,PHEXT,,,,,,,,,,,A_binary_miss
SS_3a35e867d6f2,SS,anomalia,Sensor Atascado,normal,normal,fail,1640.0,16.0,100.0,DHEXT,100.0,PHEXT,,,,,,,,,,,A_binary_miss
SS_831d9900fa00,SS,anomalia,Sensor Atascado,normal,normal,fail,1640.0,16.0,100.0,DHEXT,100.0,PHEXT,,,,,,,,,,,A_binary_miss
SS_273ebbcde547,SS,anomalia,Sensor Atascado,normal,normal,fail,1640.0,16.0,100.0,DHEXT,100.0,PHEXT,,,,,,,,,,,A_binary_miss
SS_f6addd094ac7,SS,anomalia,Sensor Atascado,normal,normal,fail,1640.0,16.0,100.0,DHEXT,100.0,PHEXT,,,,,,,,,,,A_binary_miss
SS_10fba00c0d9e,SS,anomalia,Sensor Atascado,normal,normal,fail,1640.0,16.0,100.0,DHEXT,100.0,PHEXT,,,,,,,,,,,A_binary_miss
SS_8b045bd66885,SS,anomalia,Sensor Atascado,normal,normal,fail,1640.0,16.0,100.0,DHEXT,100.0,PHEXT,,,,,,,,,,,A_binary_miss
SS_b7f441ef2528,SS,anomalia,Sensor Atascado,normal,normal,fail,1640.0,16.0,100.0,DHEXT,100.0,PHEXT,,,,,,,,,,,A_binary_miss
SS_72a0109329ab,SS,anomalia,Sensor Atascado,normal,normal,fail,1640.0,16.0,100.0,DHEXT,100.0,PHEXT,,,,,,,,,,,A_binary_miss
SS_238b41f8d35c,SS,anomalia,Sensor Atascado,normal,normal,fail,1640.0,16.0,100.0,DHEXT,100.0,PHEXT,,,,,,,,,,,A_binary_miss
SS_b2feee3f9232,SS,anomalia,Sensor Atascado,normal,normal,fail,1640.0,16.0,100.0,DHEXT,100.0,PHEXT,,,,,,,,,,,A_binary_miss
SS_fe8bf4ba08e0,SS,anomalia,Sensor Atascado,normal,normal,fail,802.0,20.0,100.0,DHEXT,100.0,PHEXT,,,,,,,,,,,A_binary_miss
SS_4dcfafe951c0,SS,anomalia,Sensor Atascado,normal,normal,fail,802.0,20.0,100.0,DHEXT,100.0,PHEXT,,,,,,,,,,,A_binary_miss
SS_549aeb619f95,SS,anomalia,Sensor Atascado,normal,normal,fail,802.0,20.0,100.0,DHEXT,100.0,PHEXT,,,,,,,,,,,A_binary_miss
SS_220064fd766b,SS,anomalia,Sensor Atascado,normal,normal,fail,802.0,20.0,100.0,DHEXT,100.0,PHEXT,,,,,,,,,,,A_binary_miss
SS_9472b90de6ee,SS,anomalia,Sensor Atascado,normal,normal,fail,802.0,20.0,100.0,DHEXT,100.0,PHEXT,,,,,,,,,,,A_binary_miss
SS_85b63e6e9083,SS,anomalia,Sensor Atascado,normal,normal,fail,802.0,20.0,100.0,DHEXT,100.0,PHEXT,,,,,,,,,,,A_binary_miss
SS_91bb5df146f2,SS,anomalia,Sensor Atascado,normal,normal,fail,802.0,20.0,100.0,DHEXT,100.0,PHEXT,,,,,,,,,,,A_binary_miss
SS_f88626d927f5,SS,anomalia,Sensor Atascado,normal,normal,fail,802.0,20.0,100.0,DHEXT,100.0,PHEXT,,,,,,,,,,,A_binary_miss
SS_05d74b8dbf4f,SS,anomalia,Sensor Atascado,normal,normal,fail,802.0,20.0,100.0,DHEXT,100.0,PHEXT,,,,,,,,,,,A_binary_miss
SS_80e0cdef284a,SS,anomalia,Sensor Atascado,normal,normal,fail,802.0,20.0,100.0,DHEXT,100.0,PHEXT,,,,,,,,,,,A_binary_miss
SS_23dae1531752,SS,anomalia,Sensor Atascado,normal,normal,fail,802.0,20.0,100.0,DHEXT,100.0,PHEXT,,,,,,,,,,,A_binary_miss
SS_5c0c92fa76fc,SS,anomalia,Sensor Atascado,normal,normal,fail,802.0,20.0,100.0,DHEXT,100.0,PHEXT,,,,,,,,,,,A_binary_miss
SS_f627375eccf9,SS,anomalia,Sensor Atascado,normal,normal,fail,802.0,20.0,100.0,DHEXT,100.0,PHEXT,,,,,,,,,,,A_binary_miss
SS_25c598ba88e2,SS,anomalia,Sensor Atascado,normal,normal,fail,802.0,20.0,100.0,DHEXT,100.0,PHEXT,,,,,,,,,,,A_binary_miss
SS_7132a2cbe902,SS,anomalia,Sensor Atascado,normal,normal,fail,802.0,20.0,100.0,DHEXT,100.0,PHEXT,,,,,,,,,,,A_binary_miss
SS_2ec7e249333a,SS,anomalia,Sensor Atascado,normal,normal,fail,802.0,20.0,100.0,DHEXT,100.0,PHEXT,,,,,,,,,,,A_binary_miss
SS_7914fefca464,SS,anomalia,Sensor Atascado,normal,normal,fail,802.0,20.0,100.0,DHEXT,100.0,PHEXT,,,,,,,,,,,A_binary_miss
SS_8d3049dc04a6,SS,anomalia,Sensor Atascado,normal,normal,fail,802.0,20.0,100.0,DHEXT,100.0,PHEXT,,,,,,,,,,,A_binary_miss
SS_6fa1a2e2683d,SS,anomalia,Sensor Atascado,normal,normal,fail,491.0,23.0,100.0,DHEXT,100.0,PHEXT,,,,,,,,,,,A_binary_miss
SS_147b5093c9fb,SS,anomalia,Sensor Atascado,normal,normal,fail,491.0,23.0,100.0,DHEXT,100.0,PHEXT,,,,,,,,,,,A_binary_miss
SS_016362592d31,SS,anomalia,Sensor Atascado,normal,normal,fail,491.0,23.0,100.0,DHEXT,100.0,PHEXT,,,,,,,,,,,A_binary_miss
SS_be38ea49f6c7,SS,anomalia,Sensor Atascado,normal,normal,fail,491.0,23.0,100.0,DHEXT,100.0,PHEXT,,,,,,,,,,,A_binary_miss
SS_81783c9f55f7,SS,anomalia,Sensor Atascado,normal,normal,fail,491.0,23.0,100.0,DHEXT,100.0,PHEXT,,,,,,,,,,,A_binary_miss
SS_7b4012937060,SS,anomalia,Sensor Atascado,normal,normal,fail,491.0,23.0,100.0,DHEXT,100.0,PHEXT,,,,,,,,,,,A_binary_miss
SS_62babcdeceeb,SS,anomalia,Sensor Atascado,normal,normal,fail,491.0,23.0,100.0,DHEXT,100.0,PHEXT,,,,,,,,,,,A_binary_miss
SS_adc67cb5d4d3,SS,anomalia,Sensor Atascado,normal,normal,fail,491.0,23.0,100.0,DHEXT,100.0,PHEXT,,,,,,,,,,,A_binary_miss
SS_dcc9b68385fb,SS,anomalia,Sensor Atascado,normal,normal,fail,491.0,23.0,100.0,DHEXT,100.0,PHEXT,,,,,,,,,,,A_binary_miss
SS_2e226b71eefc,SS,anomalia,Sensor Atascado,normal,normal,fail,491.0,23.0,100.0,DHEXT,100.0,PHEXT,,,,,,,,,,,A_binary_miss
SS_9b76e05e2726,SS,anomalia,Sensor Atascado,normal,normal,fail,491.0,23.0,100.0,DHEXT,100.0,PHEXT,,,,,,,,,,,A_binary_miss
SS_7b2d510852eb,SS,anomalia,Sensor Atascado,normal,normal,fail,491.0,23.0,100.0,DHEXT,100.0,PHEXT,,,,,,,,,,,A_binary_miss
SS_81292679703f,SS,anomalia,Sensor Atascado,normal,normal,fail,491.0,23.0,100.0,DHEXT,100.0,PHEXT,,,,,,,,,,,A_binary_miss
SS_711cd30028e2,SS,anomalia,Sensor Atascado,normal,normal,fail,491.0,23.0,100.0,DHEXT,100.0,PHEXT,,,,,,,,,,,A_binary_miss
SS_ced883d80d63,SS,anomalia,Sensor Atascado,normal,normal,fail,491.0,23.0,100.0,DHEXT,100.0,PHEXT,,,,,,,,,,,A_binary_miss
SS_e4509300747b,SS,anomalia,Sensor Atascado,normal,normal,fail,491.0,23.0,100.0,DHEXT,100.0,PHEXT,,,,,,,,,,,A_binary_miss
SS_571d2849cc28,SS,anomalia,Sensor Atascado,normal,normal,fail,491.0,23.0,100.0,DHEXT,100.0,PHEXT,,,,,,,,,,,A_binary_miss
SS_f5bffbe0565a,SS,anomalia,Sensor Atascado,normal,normal,fail,491.0,23.0,100.0,DHEXT,100.0,PHEXT,,,,,,,,,,,A_binary_miss
SS_d9b3ba3ce662,SS,anomalia,Sensor Atascado,normal,normal,fail,491.0,23.0,100.0,DHEXT,100.0,PHEXT,,,,,,,,,,,A_binary_miss
SS_ee06ac33ed04,SS,anomalia,Sensor Atascado,normal,normal,fail,491.0,23.0,100.0,DHEXT,100.0,PHEXT,,,,,,,,,,,A_binary_miss
SS_5c51d32b0583,SS,anomalia,Sensor Atascado,normal,normal,fail,491.0,23.0,100.0,DHEXT,100.0,PHEXT,,,,,,,,,,,A_binary_miss
SS_316909229ff5,SS,anomalia,Sensor Atascado,normal,normal,fail,491.0,23.0,100.0,DHEXT,100.0,PHEXT,,,,,,,,,,,A_binary_miss
SS_42d7ddab1a4a,SS,anomalia,Sensor Atascado,normal,normal,fail,491.0,23.0,100.0,DHEXT,100.0,PHEXT,,,,,,,,,,,A_binary_miss
SS_39a02527d4bf,SS,anomalia,Sensor Atascado,normal,normal,fail,272.0,27.0,100.0,DHEXT,100.0,PHEXT,,,,,,,,,,,A_binary_miss
SS_c789cb6e036d,SS,anomalia,Sensor Atascado,normal,normal,fail,272.0,27.0,100.0,DHEXT,100.0,PHEXT,,,,,,,,,,,A_binary_miss
SS_45be738e9e46,SS,anomalia,Sensor Atascado,normal,normal,fail,272.0,27.0,100.0,DHEXT,100.0,PHEXT,,,,,,,,,,,A_binary_miss
SS_23dc38cdae98,SS,anomalia,Sensor Atascado,normal,normal,fail,272.0,27.0,100.0,DHEXT,100.0,PHEXT,,,,,,,,,,,A_binary_miss
SS_6c61aba3bc43,SS,anomalia,Sensor Atascado,normal,normal,fail,272.0,27.0,100.0,DHEXT,100.0,PHEXT,,,,,,,,,,,A_binary_miss
SS_79db8e86b573,SS,anomalia,Sensor Atascado,normal,normal,fail,272.0,27.0,100.0,DHEXT,100.0,PHEXT,,,,,,,,,,,A_binary_miss
SS_910f3e163f24,SS,anomalia,Sensor Atascado,normal,normal,fail,272.0,27.0,100.0,DHEXT,100.0,PHEXT,,,,,,,,,,,A_binary_miss
SS_e9ae3f2cc48d,SS,anomalia,Sensor Atascado,normal,normal,fail,272.0,27.0,100.0,DHEXT,100.0,PHEXT,,,,,,,,,,,A_binary_miss
SS_749574c1deb6,SS,anomalia,Sensor Atascado,normal,normal,fail,272.0,27.0,100.0,DHEXT,100.0,PHEXT,,,,,,,,,,,A_binary_miss
SS_cc5d6dabb686,SS,anomalia,Sensor Atascado,normal,normal,fail,272.0,27.0,100.0,DHEXT,100.0,PHEXT,,,,,,,,,,,A_binary_miss
SS_21fb1640d0e4,SS,anomalia,Sensor Atascado,normal,normal,fail,272.0,27.0,100.0,DHEXT,100.0,PHEXT,,,,,,,,,,,A_binary_miss
SS_4302ff019f60,SS,anomalia,Sensor Atascado,normal,normal,fail,272.0,27.0,100.0,DHEXT,100.0,PHEXT,,,,,,,,,,,A_binary_miss
SS_81ce8dd60943,SS,anomalia,Sensor Atascado,normal,normal,fail,272.0,27.0,100.0,DHEXT,100.0,PHEXT,,,,,,,,,,,A_binary_miss
SS_7715b27b2d0d,SS,anomalia,Sensor Atascado,normal,normal,fail,272.0,27.0,100.0,DHEXT,100.0,PHEXT,,,,,,,,,,,A_binary_miss
SS_40a836bd4303,SS,anomalia,Sensor Atascado,normal,normal,fail,272.0,27.0,100.0,DHEXT,100.0,PHEXT,,,,,,,,,,,A_binary_miss
SS_2860e1340dae,SS,anomalia,Sensor Atascado,normal,normal,fail,272.0,27.0,100.0,DHEXT,100.0,PHEXT,,,,,,,,,,,A_binary_miss
SS_8e6858620816,SS,anomalia,Sensor Atascado,normal,normal,fail,272.0,27.0,100.0,DHEXT,100.0,PHEXT,,,,,,,,,,,A_binary_miss
SS_21c47fc7465f,SS,anomalia,Sensor Atascado,normal,normal,fail,272.0,27.0,100.0,DHEXT,100.0,PHEXT,,,,,,,,,,,A_binary_miss
SS_c3c306f13831,SS,anomalia,Sensor Atascado,normal,normal,fail,272.0,27.0,100.0,DHEXT,100.0,PHEXT,,,,,,,,,,,A_binary_miss
SS_157b2becd997,SS,anomalia,Sensor Atascado,normal,normal,fail,272.0,27.0,100.0,DHEXT,100.0,PHEXT,,,,,,,,,,,A_binary_miss
SS_be7e56f33b43,SS,anomalia,Sensor Atascado,normal,normal,fail,272.0,27.0,100.0,DHEXT,100.0,PHEXT,,,,,,,,,,,A_binary_miss
SS_009002019a8b,SS,anomalia,Sensor Atascado,normal,normal,fail,272.0,27.0,100.0,DHEXT,100.0,PHEXT,,,,,,,,,,,A_binary_miss
SS_d334e1af4aca,SS,anomalia,Sensor Atascado,normal,normal,fail,272.0,27.0,100.0,DHEXT,100.0,PHEXT,,,,,,,,,,,A_binary_miss
SS_4aabfe3b970f,SS,anomalia,Sensor Atascado,normal,normal,fail,272.0,27.0,100.0,DHEXT,100.0,PHEXT,,,,,,,,,,,A_binary_miss
SS_0a164fa0f395,SS,anomalia,Sensor Atascado,normal,normal,fail,159.0,30.0,100.0,DHEXT,100.0,PHEXT,,,,,,,,,,,A_binary_miss
SS_817dd241c19a,SS,anomalia,Sensor Atascado,normal,normal,fail,159.0,30.0,100.0,DHEXT,100.0,PHEXT,,,,,,,,,,,A_binary_miss
SS_82a56f90cd5a,SS,anomalia,Sensor Atascado,normal,normal,fail,159.0,30.0,100.0,DHEXT,100.0,PHEXT,,,,,,,,,,,A_binary_miss
SS_b7a1b891c7b8,SS,anomalia,Sensor Atascado,normal,normal,fail,159.0,30.0,100.0,DHEXT,100.0,PHEXT,,,,,,,,,,,A_binary_miss
SS_d5bd5f2b66fb,SS,anomalia,Sensor Atascado,normal,normal,fail,159.0,30.0,100.0,DHEXT,100.0,PHEXT,,,,,,,,,,,A_binary_miss
SS_3e6cd8248499,SS,anomalia,Sensor Atascado,normal,normal,fail,159.0,30.0,100.0,DHEXT,100.0,PHEXT,,,,,,,,,,,A_binary_miss
SS_6546946641a0,SS,anomalia,Sensor Atascado,normal,normal,fail,159.0,30.0,100.0,DHEXT,100.0,PHEXT,,,,,,,,,,,A_binary_miss
SS_6881bf1293fc,SS,anomalia,Sensor Atascado,normal,normal,fail,159.0,30.0,100.0,DHEXT,100.0,PHEXT,,,,,,,,,,,A_binary_miss
SS_886491e1b7ed,SS,anomalia,Sensor Atascado,normal,normal,fail,159.0,30.0,100.0,DHEXT,100.0,PHEXT,,,,,,,,,,,A_binary_miss
SS_42fb3e75f991,SS,anomalia,Sensor Atascado,normal,normal,fail,159.0,30.0,100.0,DHEXT,100.0,PHEXT,,,,,,,,,,,A_binary_miss
SS_58852226136b,SS,anomalia,Sensor Atascado,normal,normal,fail,159.0,30.0,100.0,DHEXT,100.0,PHEXT,,,,,,,,,,,A_binary_miss
SS_75bd6d6dc2e4,SS,anomalia,Sensor Atascado,normal,normal,fail,159.0,30.0,100.0,DHEXT,100.0,PHEXT,,,,,,,,,,,A_binary_miss
SS_9f9d7230c376,SS,anomalia,Sensor Atascado,normal,normal,fail,159.0,30.0,100.0,DHEXT,100.0,PHEXT,,,,,,,,,,,A_binary_miss
SS_aebc53dea1d7,SS,anomalia,Sensor Atascado,normal,normal,fail,159.0,30.0,100.0,DHEXT,100.0,PHEXT,,,,,,,,,,,A_binary_miss
SS_794519ce23c9,SS,anomalia,Sensor Atascado,normal,normal,fail,159.0,30.0,100.0,DHEXT,100.0,PHEXT,,,,,,,,,,,A_binary_miss
SS_f0376cec7655,SS,anomalia,Sensor Atascado,normal,normal,fail,159.0,30.0,100.0,DHEXT,100.0,PHEXT,,,,,,,,,,,A_binary_miss
SS_1f355a028fd2,SS,anomalia,Sensor Atascado,normal,normal,fail,159.0,30.0,100.0,DHEXT,100.0,PHEXT,,,,,,,,,,,A_binary_miss
SS_9e81ad7f6793,SS,anomalia,Sensor Atascado,normal,normal,fail,159.0,30.0,100.0,DHEXT,100.0,PHEXT,,,,,,,,,,,A_binary_miss
SS_ab17987aa7de,SS,anomalia,Sensor Atascado,normal,normal,fail,159.0,30.0,100.0,DHEXT,100.0,PHEXT,,,,,,,,,,,A_binary_miss
SS_05eeee378e20,SS,anomalia,Sensor Atascado,normal,normal,fail,159.0,30.0,100.0,DHEXT,100.0,PHEXT,,,,,,,,,,,A_binary_miss
SS_0f9750a1a383,SS,anomalia,Sensor Atascado,normal,normal,fail,159.0,30.0,100.0,DHEXT,100.0,PHEXT,,,,,,,,,,,A_binary_miss
SS_7aa892d858d4,SS,anomalia,Sensor Atascado,normal,normal,fail,159.0,30.0,100.0,DHEXT,100.0,PHEXT,,,,,,,,,,,A_binary_miss
SS_25e575be6cc4,SS,anomalia,Sensor Atascado,normal,normal,fail,31.0,40.0,31.0,DTEXT,100.0,PTEXT,,,,,,,,,,,A_binary_miss
SS_0f68363a1602,SS,anomalia,Sensor Atascado,normal,normal,fail,31.0,40.0,31.0,DTEXT,100.0,PTEXT,,,,,,,,,,,A_binary_miss
SS_0dfb0f6d5f61,SS,anomalia,Sensor Atascado,normal,normal,fail,31.0,40.0,31.0,DTEXT,100.0,PTEXT,,,,,,,,,,,A_binary_miss
SS_fbde3c7b9ae3,SS,anomalia,Sensor Atascado,normal,normal,fail,31.0,40.0,31.0,DTEXT,100.0,PTEXT,,,,,,,,,,,A_binary_miss
SS_7dc065179d1f,SS,anomalia,Sensor Atascado,normal,normal,fail,31.0,40.0,31.0,DTEXT,100.0,PTEXT,,,,,,,,,,,A_binary_miss
SS_16e03804c108,SS,anomalia,Sensor Atascado,normal,normal,fail,31.0,40.0,31.0,DTEXT,100.0,PTEXT,,,,,,,,,,,A_binary_miss
SS_317d68d7e31a,SS,anomalia,Sensor Atascado,normal,normal,fail,31.0,40.0,31.0,DTEXT,100.0,PTEXT,,,,,,,,,,,A_binary_miss
SS_e76642e2b3bb,SS,anomalia,Sensor Atascado,normal,normal,fail,31.0,40.0,31.0,DTEXT,100.0,PTEXT,,,,,,,,,,,A_binary_miss
SS_1a24848cc171,SS,anomalia,Sensor Atascado,normal,normal,fail,31.0,40.0,31.0,DTEXT,100.0,PTEXT,,,,,,,,,,,A_binary_miss
SS_7b83abb46585,SS,anomalia,Sensor Atascado,normal,normal,fail,31.0,40.0,31.0,DTEXT,100.0,PTEXT,,,,,,,,,,,A_binary_miss
SS_99158f93a60b,SS,anomalia,Sensor Atascado,normal,normal,fail,31.0,40.0,31.0,DTEXT,100.0,PTEXT,,,,,,,,,,,A_binary_miss
SS_0611a4bc5cbd,SS,anomalia,Sensor Atascado,normal,normal,fail,31.0,40.0,31.0,DTEXT,100.0,PTEXT,,,,,,,,,,,A_binary_miss
SS_5de3ccddb983,SS,anomalia,Sensor Atascado,normal,normal,fail,31.0,40.0,31.0,DTEXT,100.0,PTEXT,,,,,,,,,,,A_binary_miss
SS_d2a86ea4b0c4,SS,anomalia,Sensor Atascado,normal,normal,fail,31.0,40.0,31.0,DTEXT,100.0,PTEXT,,,,,,,,,,,A_binary_miss
SS_30727274ab93,SS,anomalia,Sensor Atascado,normal,normal,fail,31.0,40.0,31.0,DTEXT,100.0,PTEXT,,,,,,,,,,,A_binary_miss
SS_58d00fe7b086,SS,anomalia,Sensor Atascado,normal,normal,fail,31.0,40.0,31.0,DTEXT,100.0,PTEXT,,,,,,,,,,,A_binary_miss
SS_990bd9fd576d,SS,anomalia,Sensor Atascado,normal,normal,fail,31.0,40.0,31.0,DTEXT,100.0,PTEXT,,,,,,,,,,,A_binary_miss
SS_6ddb746f2781,SS,anomalia,Sensor Atascado,normal,normal,fail,31.0,40.0,31.0,DTEXT,100.0,PTEXT,,,,,,,,,,,A_binary_miss
SS_bb82c757fa69,SS,anomalia,Sensor Atascado,normal,normal,fail,31.0,40.0,31.0,DTEXT,100.0,PTEXT,,,,,,,,,,,A_binary_miss
SS_9d616bcba716,SS,anomalia,Sensor Atascado,normal,normal,fail,31.0,40.0,31.0,DTEXT,100.0,PTEXT,,,,,,,,,,,A_binary_miss
SS_615a33aaf2e4,SS,anomalia,Sensor Atascado,normal,normal,fail,9.0,45.0,9.0,DTEXT,100.0,PTEXT,,,,,,,,,,,A_binary_miss
SS_8183fde2c56e,SS,anomalia,Sensor Atascado,normal,normal,fail,9.0,45.0,9.0,DTEXT,100.0,PTEXT,,,,,,,,,,,A_binary_miss
SS_920a5159b60d,SS,anomalia,Sensor Atascado,normal,normal,fail,9.0,45.0,9.0,DTEXT,100.0,PTEXT,,,,,,,,,,,A_binary_miss
SS_d49439198e98,SS,anomalia,Sensor Atascado,normal,normal,fail,9.0,45.0,9.0,DTEXT,100.0,PTEXT,,,,,,,,,,,A_binary_miss
SS_bc688eb537c8,SS,anomalia,Sensor Atascado,normal,normal,fail,9.0,45.0,9.0,DTEXT,100.0,PTEXT,,,,,,,,,,,A_binary_miss
SS_db4d39a027b8,SS,anomalia,Sensor Atascado,normal,normal,fail,9.0,45.0,9.0,DTEXT,100.0,PTEXT,,,,,,,,,,,A_binary_miss
SS_04404d57ba40,SS,anomalia,Sensor Atascado,normal,normal,fail,9.0,45.0,9.0,DTEXT,100.0,PTEXT,,,,,,,,,,,A_binary_miss
SS_b063386da05c,SS,anomalia,Sensor Atascado,normal,normal,fail,6.0,50.0,6.0,DTEXT,100.0,PTEXT,,,,,,,,,,,A_binary_miss
SS_fcaf7cba2ec1,SS,anomalia,Sensor Atascado,normal,normal,fail,6.0,50.0,6.0,DTEXT,100.0,PTEXT,,,,,,,,,,,A_binary_miss
SS_61a04f80c8cb,SS,anomalia,Sensor Atascado,normal,normal,fail,6.0,50.0,6.0,DTEXT,100.0,PTEXT,,,,,,,,,,,A_binary_miss
SS_d16747f3aaaa,SS,anomalia,Sensor Atascado,normal,normal,fail,6.0,50.0,6.0,DTEXT,100.0,PTEXT,,,,,,,,,,,A_binary_miss
SS_f81f562bc972,SS,anomalia,Sensor Atascado,normal,normal,fail,2.0,55.0,2.0,DTEXT,100.0,PTEXT,,,,,,,,,,,A_binary_miss
SS_2d15cd0bf31b,SS,anomalia,Sensor Atascado,normal,normal,fail,1.0,60.0,1.0,DTEXT,100.0,PTEXT,,,,,,,,,,,A_binary_miss
SS_b763355867e7,SS,anomalia,Sensor Atascado,normal,normal,fail,802.0,20.0,100.0,DVEXT,100.0,PVV,,,,,,,,,,,A_binary_miss
SS_b454da438964,SS,anomalia,Sensor Atascado,normal,normal,fail,802.0,20.0,100.0,DVEXT,100.0,PVV,,,,,,,,,,,A_binary_miss
SS_975fc7ff2079,SS,anomalia,Sensor Atascado,normal,normal,fail,802.0,20.0,100.0,DVEXT,100.0,PVV,,,,,,,,,,,A_binary_miss
SS_b8f9c32abc80,SS,anomalia,Sensor Atascado,normal,normal,fail,802.0,20.0,100.0,DVEXT,100.0,PVV,,,,,,,,,,,A_binary_miss
SS_94001ff53be0,SS,anomalia,Sensor Atascado,normal,normal,fail,802.0,20.0,100.0,DVEXT,100.0,PVV,,,,,,,,,,,A_binary_miss
SS_547c1137e4d4,SS,anomalia,Sensor Atascado,normal,normal,fail,802.0,20.0,100.0,DVEXT,100.0,PVV,,,,,,,,,,,A_binary_miss
SS_bdf6756e27c6,SS,anomalia,Sensor Atascado,normal,normal,fail,802.0,20.0,100.0,DVEXT,100.0,PVV,,,,,,,,,,,A_binary_miss
SS_c6ed36881ee9,SS,anomalia,Sensor Atascado,normal,normal,fail,802.0,20.0,100.0,DVEXT,100.0,PVV,,,,,,,,,,,A_binary_miss
SS_800c35e2e370,SS,anomalia,Sensor Atascado,normal,normal,fail,802.0,20.0,100.0,DVEXT,100.0,PVV,,,,,,,,,,,A_binary_miss
SS_78ee3225a004,SS,anomalia,Sensor Atascado,normal,normal,fail,802.0,20.0,100.0,DVEXT,100.0,PVV,,,,,,,,,,,A_binary_miss
SS_43932ced9bc5,SS,anomalia,Sensor Atascado,normal,normal,fail,802.0,20.0,100.0,DVEXT,100.0,PVV,,,,,,,,,,,A_binary_miss
SS_8df5344fbe38,SS,anomalia,Sensor Atascado,normal,normal,fail,802.0,20.0,100.0,DVEXT,100.0,PVV,,,,,,,,,,,A_binary_miss
SS_23a2cb5efc9a,SS,anomalia,Sensor Atascado,normal,normal,fail,802.0,20.0,100.0,DVEXT,100.0,PVV,,,,,,,,,,,A_binary_miss
SS_9f3ef79a4229,SS,anomalia,Sensor Atascado,normal,normal,fail,802.0,20.0,100.0,DVEXT,100.0,PVV,,,,,,,,,,,A_binary_miss
SS_2661eb11a7a4,SS,anomalia,Sensor Atascado,normal,normal,fail,802.0,20.0,100.0,DVEXT,100.0,PVV,,,,,,,,,,,A_binary_miss
SS_221bcbc4a43d,SS,anomalia,Sensor Atascado,normal,normal,fail,802.0,20.0,100.0,DVEXT,100.0,PVV,,,,,,,,,,,A_binary_miss
SS_a1b910ab896a,SS,anomalia,Sensor Atascado,normal,normal,fail,802.0,20.0,100.0,DVEXT,100.0,PVV,,,,,,,,,,,A_binary_miss
SS_fce69632b165,SS,anomalia,Sensor Atascado,normal,normal,fail,802.0,20.0,100.0,DVEXT,100.0,PVV,,,,,,,,,,,A_binary_miss
SS_1d68e2a31b1a,SS,anomalia,Sensor Atascado,normal,normal,fail,802.0,20.0,100.0,DVEXT,100.0,PVV,,,,,,,,,,,A_binary_miss
SS_7f4190377a8b,SS,anomalia,Sensor Atascado,normal,normal,fail,802.0,20.0,100.0,DVEXT,100.0,PVV,,,,,,,,,,,A_binary_miss
SS_6e40264fcafc,SS,anomalia,Sensor Atascado,normal,normal,fail,802.0,20.0,100.0,DVEXT,100.0,PVV,,,,,,,,,,,A_binary_miss
SS_8142ca65d23b,SS,anomalia,Sensor Atascado,normal,normal,fail,802.0,20.0,100.0,DVEXT,100.0,PVV,,,,,,,,,,,A_binary_miss
SS_7770b0cb98fd,SS,anomalia,Sensor Atascado,normal,normal,fail,802.0,20.0,100.0,DVEXT,100.0,PVV,,,,,,,,,,,A_binary_miss
SS_6595409a9880,SS,anomalia,Sensor Atascado,normal,normal,fail,802.0,20.0,100.0,DVEXT,100.0,PVV,,,,,,,,,,,A_binary_miss
SS_02222b5c843d,SS,anomalia,Sensor Atascado,normal,normal,fail,802.0,20.0,100.0,DVEXT,100.0,PVV,,,,,,,,,,,A_binary_miss
SS_ecaf8ea89231,SS,anomalia,Sensor Atascado,normal,normal,fail,802.0,20.0,100.0,DVEXT,100.0,PVV,,,,,,,,,,,A_binary_miss
SS_a36ee87dddec,SS,anomalia,Sensor Atascado,normal,normal,fail,802.0,20.0,100.0,DVEXT,100.0,PVV,,,,,,,,,,,A_binary_miss
SS_518a8b7b09e8,SS,anomalia,Sensor Atascado,normal,normal,fail,802.0,20.0,100.0,DVEXT,100.0,PVV,,,,,,,,,,,A_binary_miss
SS_3a55c33e837b,SS,anomalia,Sensor Atascado,normal,normal,fail,802.0,20.0,100.0,DVEXT,100.0,PVV,,,,,,,,,,,A_binary_miss
SS_513ddbbbc032,SS,anomalia,Sensor Atascado,normal,normal,fail,802.0,20.0,100.0,DVEXT,100.0,PVV,,,,,,,,,,,A_binary_miss
SS_3bb166e049bd,SS,anomalia,Sensor Atascado,normal,normal,fail,802.0,20.0,100.0,DVEXT,100.0,PVV,,,,,,,,,,,A_binary_miss
SS_c43395a1db51,SS,anomalia,Sensor Atascado,normal,normal,fail,802.0,20.0,100.0,DVEXT,100.0,PVV,,,,,,,,,,,A_binary_miss
SS_4aa93694e81b,SS,anomalia,Sensor Atascado,normal,normal,fail,802.0,20.0,100.0,DVEXT,100.0,PVV,,,,,,,,,,,A_binary_miss
SS_555d6c5fed55,SS,anomalia,Sensor Atascado,normal,normal,fail,802.0,20.0,100.0,DVEXT,100.0,PVV,,,,,,,,,,,A_binary_miss
SS_fb19a0c7abfa,SS,anomalia,Sensor Atascado,normal,normal,fail,802.0,20.0,100.0,DVEXT,100.0,PVV,,,,,,,,,,,A_binary_miss
SS_be5091b0e1ca,SS,anomalia,Sensor Atascado,normal,normal,fail,802.0,20.0,100.0,DVEXT,100.0,PVV,,,,,,,,,,,A_binary_miss
SS_5bc756a1cc87,SS,anomalia,Sensor Atascado,normal,normal,fail,802.0,20.0,100.0,DVEXT,100.0,PVV,,,,,,,,,,,A_binary_miss
SS_a8429200fca3,SS,anomalia,Sensor Atascado,normal,normal,fail,802.0,20.0,100.0,DVEXT,100.0,PVV,,,,,,,,,,,A_binary_miss
SS_1b3e07628bf6,SS,anomalia,Sensor Atascado,normal,normal,fail,159.0,30.0,100.0,DVEXT,100.0,PVV,,,,,,,,,,,A_binary_miss
SS_e83c13dfeb76,SS,anomalia,Sensor Atascado,normal,normal,fail,159.0,30.0,100.0,DVEXT,100.0,PVV,,,,,,,,,,,A_binary_miss
SS_e778548ac9f8,SS,anomalia,Sensor Atascado,normal,normal,fail,159.0,30.0,100.0,DVEXT,100.0,PVV,,,,,,,,,,,A_binary_miss
SS_5473d7156e96,SS,anomalia,Sensor Atascado,normal,normal,fail,159.0,30.0,100.0,DVEXT,100.0,PVV,,,,,,,,,,,A_binary_miss
SS_1d26662ff39b,SS,anomalia,Sensor Atascado,normal,normal,fail,159.0,30.0,100.0,DVEXT,100.0,PVV,,,,,,,,,,,A_binary_miss
SS_e6e04c1d729d,SS,anomalia,Sensor Atascado,normal,normal,fail,159.0,30.0,100.0,DVEXT,100.0,PVV,,,,,,,,,,,A_binary_miss
SS_208bc73c4300,SS,anomalia,Sensor Atascado,normal,normal,fail,159.0,30.0,100.0,DVEXT,100.0,PVV,,,,,,,,,,,A_binary_miss
SS_48dc909aa52b,SS,anomalia,Sensor Atascado,normal,normal,fail,159.0,30.0,100.0,DVEXT,100.0,PVV,,,,,,,,,,,A_binary_miss
SS_3a867d00e653,SS,anomalia,Sensor Atascado,normal,normal,fail,159.0,30.0,100.0,DVEXT,100.0,PVV,,,,,,,,,,,A_binary_miss
SS_530fb39e8e03,SS,anomalia,Sensor Atascado,normal,normal,fail,159.0,30.0,100.0,DVEXT,100.0,PVV,,,,,,,,,,,A_binary_miss
SS_0c4b35253036,SS,anomalia,Sensor Atascado,normal,normal,fail,159.0,30.0,100.0,DVEXT,100.0,PVV,,,,,,,,,,,A_binary_miss
SS_1b750aac1c3b,SS,anomalia,Sensor Atascado,normal,normal,fail,159.0,30.0,100.0,DVEXT,100.0,PVV,,,,,,,,,,,A_binary_miss
SS_f995761a9d49,SS,anomalia,Sensor Atascado,normal,normal,fail,159.0,30.0,100.0,DVEXT,100.0,PVV,,,,,,,,,,,A_binary_miss
SS_1ff69e5e1a14,SS,anomalia,Sensor Atascado,normal,normal,fail,159.0,30.0,100.0,DVEXT,100.0,PVV,,,,,,,,,,,A_binary_miss
SS_69b7679924cd,SS,anomalia,Sensor Atascado,normal,normal,fail,159.0,30.0,100.0,DVEXT,100.0,PVV,,,,,,,,,,,A_binary_miss
SS_d30e5c4758f0,SS,anomalia,Sensor Atascado,normal,normal,fail,159.0,30.0,100.0,DVEXT,100.0,PVV,,,,,,,,,,,A_binary_miss
SS_ee9824d1c4b4,SS,anomalia,Sensor Atascado,normal,normal,fail,159.0,30.0,100.0,DVEXT,100.0,PVV,,,,,,,,,,,A_binary_miss
SS_75e39eb26fef,SS,anomalia,Sensor Atascado,normal,normal,fail,159.0,30.0,100.0,DVEXT,100.0,PVV,,,,,,,,,,,A_binary_miss
SS_48aa88ae7ffd,SS,anomalia,Sensor Atascado,normal,normal,fail,159.0,30.0,100.0,DVEXT,100.0,PVV,,,,,,,,,,,A_binary_miss
SS_72c9073fa5d5,SS,anomalia,Sensor Atascado,normal,normal,fail,159.0,30.0,100.0,DVEXT,100.0,PVV,,,,,,,,,,,A_binary_miss
SS_d7644b4a8076,SS,anomalia,Sensor Atascado,normal,normal,fail,159.0,30.0,100.0,DVEXT,100.0,PVV,,,,,,,,,,,A_binary_miss
SS_fbcb1437535d,SS,anomalia,Sensor Atascado,normal,normal,fail,159.0,30.0,100.0,DVEXT,100.0,PVV,,,,,,,,,,,A_binary_miss
SS_1eb182c2e9a7,SS,anomalia,Sensor Atascado,normal,normal,fail,159.0,30.0,100.0,DVEXT,100.0,PVV,,,,,,,,,,,A_binary_miss
SS_1563ed36710a,SS,anomalia,Sensor Atascado,normal,normal,fail,159.0,30.0,100.0,DVEXT,100.0,PVV,,,,,,,,,,,A_binary_miss
SS_068ba32ff6b6,SS,anomalia,Sensor Atascado,normal,normal,fail,159.0,30.0,100.0,DVEXT,100.0,PVV,,,,,,,,,,,A_binary_miss
SS_51916a48e332,SS,anomalia,Sensor Atascado,normal,normal,fail,159.0,30.0,100.0,DVEXT,100.0,PVV,,,,,,,,,,,A_binary_miss
SS_23160900ab28,SS,anomalia,Sensor Atascado,normal,normal,fail,159.0,30.0,100.0,DVEXT,100.0,PVV,,,,,,,,,,,A_binary_miss
SS_01e77f372b12,SS,anomalia,Sensor Atascado,normal,normal,fail,159.0,30.0,100.0,DVEXT,100.0,PVV,,,,,,,,,,,A_binary_miss
SS_b78e3b2c5b7b,SS,anomalia,Sensor Atascado,normal,normal,fail,159.0,30.0,100.0,DVEXT,100.0,PVV,,,,,,,,,,,A_binary_miss
SS_00ea2869975c,SS,anomalia,Sensor Atascado,normal,normal,fail,159.0,30.0,100.0,DVEXT,100.0,PVV,,,,,,,,,,,A_binary_miss
SS_13e1f6baa497,SS,anomalia,Sensor Atascado,normal,normal,fail,159.0,30.0,100.0,DVEXT,100.0,PVV,,,,,,,,,,,A_binary_miss
SS_23934e706f61,SS,anomalia,Sensor Atascado,normal,normal,fail,159.0,30.0,100.0,DVEXT,100.0,PVV,,,,,,,,,,,A_binary_miss
SS_dab8a6916474,SS,anomalia,Sensor Atascado,normal,normal,fail,159.0,30.0,100.0,DVEXT,100.0,PVV,,,,,,,,,,,A_binary_miss
SS_7e8f69a516d7,SS,anomalia,Sensor Atascado,normal,normal,fail,159.0,30.0,100.0,DVEXT,100.0,PVV,,,,,,,,,,,A_binary_miss
SS_44f437068fc1,SS,anomalia,Sensor Atascado,normal,normal,fail,159.0,30.0,100.0,DVEXT,100.0,PVV,,,,,,,,,,,A_binary_miss
SS_e6f68ee28ef0,SS,anomalia,Sensor Atascado,normal,normal,fail,159.0,30.0,100.0,DVEXT,100.0,PVV,,,,,,,,,,,A_binary_miss
SS_b18520d57083,SS,anomalia,Sensor Atascado,normal,normal,fail,159.0,30.0,100.0,DVEXT,100.0,PVV,,,,,,,,,,,A_binary_miss
SS_072d375c47b3,SS,anomalia,Sensor Atascado,normal,normal,fail,159.0,30.0,100.0,DVEXT,100.0,PVV,,,,,,,,,,,A_binary_miss
SS_0a77d2bda722,SS,anomalia,Sensor Atascado,normal,normal,fail,159.0,30.0,100.0,DVEXT,100.0,PVV,,,,,,,,,,,A_binary_miss
SS_530f928e02f2,SS,anomalia,Sensor Atascado,normal,normal,fail,159.0,30.0,100.0,DVEXT,100.0,PVV,,,,,,,,,,,A_binary_miss
SS_ceae3e750c99,SS,anomalia,Sensor Atascado,normal,normal,fail,159.0,30.0,100.0,DVEXT,100.0,PVV,,,,,,,,,,,A_binary_miss
SS_1ae50ed8c77e,SS,anomalia,Sensor Atascado,normal,normal,fail,159.0,30.0,100.0,DVEXT,100.0,PVV,,,,,,,,,,,A_binary_miss
SS_0c878633691f,SS,anomalia,Sensor Atascado,normal,normal,fail,159.0,30.0,100.0,DVEXT,100.0,PVV,,,,,,,,,,,A_binary_miss
SS_3b680eb346ac,SS,anomalia,Sensor Atascado,normal,normal,fail,159.0,30.0,100.0,DVEXT,100.0,PVV,,,,,,,,,,,A_binary_miss
SS_e76fc60d0c22,SS,anomalia,Sensor Atascado,normal,normal,fail,159.0,30.0,100.0,DVEXT,100.0,PVV,,,,,,,,,,,A_binary_miss
SS_df7b5d7cdb42,SS,anomalia,Sensor Atascado,normal,normal,fail,159.0,30.0,100.0,DVEXT,100.0,PVV,,,,,,,,,,,A_binary_miss
SS_4426c6837c2c,SS,anomalia,Sensor Atascado,normal,normal,fail,31.0,40.0,31.0,DVEXT,100.0,PVV,,,,,,,,,,,A_binary_miss
SS_1e80b703d5d2,SS,anomalia,Sensor Atascado,normal,normal,fail,31.0,40.0,31.0,DVEXT,100.0,PVV,,,,,,,,,,,A_binary_miss
SS_6520382dd11a,SS,anomalia,Sensor Atascado,normal,normal,fail,31.0,40.0,31.0,DVEXT,100.0,PVV,,,,,,,,,,,A_binary_miss
SS_15ab550c98b5,SS,anomalia,Sensor Atascado,normal,normal,fail,31.0,40.0,31.0,DVEXT,100.0,PVV,,,,,,,,,,,A_binary_miss
SS_4ef565a3d0c2,SS,anomalia,Sensor Atascado,normal,normal,fail,31.0,40.0,31.0,DVEXT,100.0,PVV,,,,,,,,,,,A_binary_miss
SS_fb07c19a2e60,SS,anomalia,Sensor Atascado,normal,normal,fail,31.0,40.0,31.0,DVEXT,100.0,PVV,,,,,,,,,,,A_binary_miss
SS_f88da4394f3b,SS,anomalia,Sensor Atascado,normal,normal,fail,31.0,40.0,31.0,DVEXT,100.0,PVV,,,,,,,,,,,A_binary_miss
SS_31a2791daf01,SS,anomalia,Sensor Atascado,normal,normal,fail,31.0,40.0,31.0,DVEXT,100.0,PVV,,,,,,,,,,,A_binary_miss
SS_1e10d2850d81,SS,anomalia,Sensor Atascado,normal,normal,fail,31.0,40.0,31.0,DVEXT,100.0,PVV,,,,,,,,,,,A_binary_miss
SS_6f63e5a8cc2d,SS,anomalia,Sensor Atascado,normal,normal,fail,31.0,40.0,31.0,DVEXT,100.0,PVV,,,,,,,,,,,A_binary_miss
SS_54fbc44b2a57,SS,anomalia,Sensor Atascado,normal,normal,fail,31.0,40.0,31.0,DVEXT,100.0,PVV,,,,,,,,,,,A_binary_miss
SS_f66d70d69005,SS,anomalia,Sensor Atascado,normal,normal,fail,31.0,40.0,31.0,DVEXT,100.0,PVV,,,,,,,,,,,A_binary_miss
SS_568675aeadb1,SS,anomalia,Sensor Atascado,normal,normal,fail,31.0,40.0,31.0,DVEXT,100.0,PVV,,,,,,,,,,,A_binary_miss
SS_2b13c675288d,SS,anomalia,Sensor Atascado,normal,normal,fail,31.0,40.0,31.0,DVEXT,100.0,PVV,,,,,,,,,,,A_binary_miss
SS_d2b5ad873081,SS,anomalia,Sensor Atascado,normal,normal,fail,6.0,50.0,6.0,DVEXT,100.0,PVV,,,,,,,,,,,A_binary_miss
SS_60dd7237e9f6,SS,anomalia,Sensor Atascado,normal,normal,fail,6.0,50.0,6.0,DVEXT,100.0,PVV,,,,,,,,,,,A_binary_miss
SS_097dc8381f60,SS,anomalia,Sensor Atascado,normal,normal,fail,380.0,20.0,100.0,XGRINT,100.0,PRGINT,,,,,,,,,,,A_binary_miss
SS_26fa1a99954a,SS,anomalia,Sensor Atascado,normal,normal,fail,380.0,20.0,100.0,XGRINT,100.0,PRGINT,,,,,,,,,,,A_binary_miss
SS_0858efc58b47,SS,anomalia,Sensor Atascado,anomalia,Ruido,fail,380.0,20.0,100.0,XGRINT,100.0,PRGINT,,,,,,,,,,,B_type_mismatch
SS_f458dba72df1,SS,anomalia,Sensor Atascado,normal,normal,fail,380.0,20.0,100.0,XGRINT,100.0,PRGINT,,,,,,,,,,,A_binary_miss
SS_d3f2feada5e9,SS,anomalia,Sensor Atascado,normal,normal,fail,380.0,20.0,100.0,XGRINT,100.0,PRGINT,,,,,,,,,,,A_binary_miss
SS_ac625726fd10,SS,anomalia,Sensor Atascado,normal,normal,fail,380.0,20.0,100.0,XGRINT,100.0,PRGINT,,,,,,,,,,,A_binary_miss
SS_ab25abaa8606,SS,anomalia,Sensor Atascado,normal,normal,fail,380.0,20.0,100.0,XGRINT,100.0,PRGINT,,,,,,,,,,,A_binary_miss
SS_a68d2f8353bd,SS,anomalia,Sensor Atascado,normal,normal,fail,380.0,20.0,100.0,XGRINT,100.0,PRGINT,,,,,,,,,,,A_binary_miss
SS_0f9a63b7e8c2,SS,anomalia,Sensor Atascado,normal,normal,fail,380.0,20.0,100.0,XGRINT,100.0,PRGINT,,,,,,,,,,,A_binary_miss
SS_984973a0cf8d,SS,anomalia,Sensor Atascado,normal,normal,fail,380.0,20.0,100.0,XGRINT,100.0,PRGINT,,,,,,,,,,,A_binary_miss
SS_f5b9b20b4a9f,SS,anomalia,Sensor Atascado,normal,normal,fail,380.0,20.0,100.0,XGRINT,100.0,PRGINT,,,,,,,,,,,A_binary_miss
SS_76379529677d,SS,anomalia,Sensor Atascado,normal,normal,fail,380.0,20.0,100.0,XGRINT,100.0,PRGINT,,,,,,,,,,,A_binary_miss
SS_afbbdff25379,SS,anomalia,Sensor Atascado,normal,normal,fail,380.0,20.0,100.0,XGRINT,100.0,PRGINT,,,,,,,,,,,A_binary_miss
SS_a13891538ab6,SS,anomalia,Sensor Atascado,normal,normal,fail,380.0,20.0,100.0,XGRINT,100.0,PRGINT,,,,,,,,,,,A_binary_miss
SS_911d841c12be,SS,anomalia,Sensor Atascado,normal,normal,fail,380.0,20.0,100.0,XGRINT,100.0,PRGINT,,,,,,,,,,,A_binary_miss
SS_04ac159ac94a,SS,anomalia,Sensor Atascado,anomalia,Ruido,fail,380.0,20.0,100.0,XGRINT,100.0,PRGINT,,,,,,,,,,,B_type_mismatch
SS_553b7d18f0f5,SS,anomalia,Sensor Atascado,normal,normal,fail,380.0,20.0,100.0,XGRINT,100.0,PRGINT,,,,,,,,,,,A_binary_miss
SS_08e01f177b5b,SS,anomalia,Sensor Atascado,normal,normal,fail,380.0,20.0,100.0,XGRINT,100.0,PRGINT,,,,,,,,,,,A_binary_miss
SS_ecc6304e9e4a,SS,anomalia,Sensor Atascado,normal,normal,fail,380.0,20.0,100.0,XGRINT,100.0,PRGINT,,,,,,,,,,,A_binary_miss
SS_6633645a1254,SS,anomalia,Sensor Atascado,normal,normal,fail,380.0,20.0,100.0,XGRINT,100.0,PRGINT,,,,,,,,,,,A_binary_miss
SS_dd670ba3d335,SS,anomalia,Sensor Atascado,normal,normal,fail,380.0,20.0,100.0,XGRINT,100.0,PRGINT,,,,,,,,,,,A_binary_miss
SS_9d43d4fa3cb4,SS,anomalia,Sensor Atascado,normal,normal,fail,380.0,20.0,100.0,XGRINT,100.0,PRGINT,,,,,,,,,,,A_binary_miss
SS_81c087cb1a3f,SS,anomalia,Sensor Atascado,normal,normal,fail,380.0,20.0,100.0,XGRINT,100.0,PRGINT,,,,,,,,,,,A_binary_miss
SS_0c16336bd301,SS,anomalia,Sensor Atascado,normal,normal,fail,380.0,20.0,100.0,XGRINT,100.0,PRGINT,,,,,,,,,,,A_binary_miss
SS_0087de0d2c16,SS,anomalia,Sensor Atascado,normal,normal,fail,380.0,20.0,100.0,XGRINT,100.0,PRGINT,,,,,,,,,,,A_binary_miss
SS_06db18334cd7,SS,anomalia,Sensor Atascado,normal,normal,fail,380.0,20.0,100.0,XGRINT,100.0,PRGINT,,,,,,,,,,,A_binary_miss
SS_f3837d5b43d3,SS,anomalia,Sensor Atascado,normal,normal,fail,380.0,20.0,100.0,XGRINT,100.0,PRGINT,,,,,,,,,,,A_binary_miss
SS_de08a4f25401,SS,anomalia,Sensor Atascado,normal,normal,fail,380.0,20.0,100.0,XGRINT,100.0,PRGINT,,,,,,,,,,,A_binary_miss
SS_ae6c5b357f4c,SS,anomalia,Sensor Atascado,normal,normal,fail,380.0,20.0,100.0,XGRINT,100.0,PRGINT,,,,,,,,,,,A_binary_miss
SS_5145cad2432e,SS,anomalia,Sensor Atascado,normal,normal,fail,380.0,20.0,100.0,XGRINT,100.0,PRGINT,,,,,,,,,,,A_binary_miss
SS_34aeb234bd4e,SS,anomalia,Sensor Atascado,normal,normal,fail,380.0,20.0,100.0,XGRINT,100.0,PRGINT,,,,,,,,,,,A_binary_miss
SS_68f9baacc650,SS,anomalia,Sensor Atascado,normal,normal,fail,380.0,20.0,100.0,XGRINT,100.0,PRGINT,,,,,,,,,,,A_binary_miss
SS_53fbe6bb17c7,SS,anomalia,Sensor Atascado,normal,normal,fail,380.0,20.0,100.0,XGRINT,100.0,PRGINT,,,,,,,,,,,A_binary_miss
SS_9f7a5697ec2f,SS,anomalia,Sensor Atascado,normal,normal,fail,380.0,20.0,100.0,XGRINT,100.0,PRGINT,,,,,,,,,,,A_binary_miss
SS_84f37c75b5ec,SS,anomalia,Sensor Atascado,normal,normal,fail,380.0,20.0,100.0,XGRINT,100.0,PRGINT,,,,,,,,,,,A_binary_miss
SS_04364db1709a,SS,anomalia,Sensor Atascado,normal,normal,fail,380.0,20.0,100.0,XGRINT,100.0,PRGINT,,,,,,,,,,,A_binary_miss
SS_6ac22a1225f7,SS,anomalia,Sensor Atascado,normal,normal,fail,380.0,20.0,100.0,XGRINT,100.0,PRGINT,,,,,,,,,,,A_binary_miss
SS_32d62f7fd20c,SS,anomalia,Sensor Atascado,normal,normal,fail,380.0,20.0,100.0,XGRINT,100.0,PRGINT,,,,,,,,,,,A_binary_miss
SS_0dce22351339,SS,anomalia,Sensor Atascado,normal,normal,fail,380.0,20.0,100.0,XGRINT,100.0,PRGINT,,,,,,,,,,,A_binary_miss
SS_5c384d570b9e,SS,anomalia,Sensor Atascado,normal,normal,fail,380.0,20.0,100.0,XGRINT,100.0,PRGINT,,,,,,,,,,,A_binary_miss
SS_3980feace1bb,SS,anomalia,Sensor Atascado,normal,normal,fail,380.0,20.0,100.0,XGRINT,100.0,PRGINT,,,,,,,,,,,A_binary_miss
SS_91fbbc405de1,SS,anomalia,Sensor Atascado,normal,normal,fail,380.0,20.0,100.0,XGRINT,100.0,PRGINT,,,,,,,,,,,A_binary_miss
SS_b0eef6019954,SS,anomalia,Sensor Atascado,normal,normal,fail,380.0,20.0,100.0,XGRINT,100.0,PRGINT,,,,,,,,,,,A_binary_miss
SS_285e804ad0ef,SS,anomalia,Sensor Atascado,normal,normal,fail,380.0,20.0,100.0,XGRINT,100.0,PRGINT,,,,,,,,,,,A_binary_miss
SS_b5f4ab4759b6,SS,anomalia,Sensor Atascado,normal,normal,fail,380.0,20.0,100.0,XGRINT,100.0,PRGINT,,,,,,,,,,,A_binary_miss
SS_c3c7452f4f2f,SS,anomalia,Sensor Atascado,normal,normal,fail,380.0,20.0,100.0,XGRINT,100.0,PRGINT,,,,,,,,,,,A_binary_miss
SS_f05b523cdaa1,SS,anomalia,Sensor Atascado,normal,normal,fail,380.0,20.0,100.0,XGRINT,100.0,PRGINT,,,,,,,,,,,A_binary_miss
SS_b6a6eaa90f34,SS,anomalia,Sensor Atascado,normal,normal,fail,380.0,20.0,100.0,XGRINT,100.0,PRGINT,,,,,,,,,,,A_binary_miss
SS_a97ecab83caf,SS,anomalia,Sensor Atascado,normal,normal,fail,380.0,20.0,100.0,XGRINT,100.0,PRGINT,,,,,,,,,,,A_binary_miss
SS_5c9ee4141780,SS,anomalia,Sensor Atascado,normal,normal,fail,380.0,20.0,100.0,XGRINT,100.0,PRGINT,,,,,,,,,,,A_binary_miss
SS_38cb6b8d22be,SS,anomalia,Sensor Atascado,normal,normal,fail,380.0,20.0,100.0,XGRINT,100.0,PRGINT,,,,,,,,,,,A_binary_miss
SS_b0dbabbb1770,SS,anomalia,Sensor Atascado,normal,normal,fail,380.0,20.0,100.0,XGRINT,100.0,PRGINT,,,,,,,,,,,A_binary_miss
SS_a2fa2b780746,SS,anomalia,Sensor Atascado,normal,normal,fail,380.0,20.0,100.0,XGRINT,100.0,PRGINT,,,,,,,,,,,A_binary_miss
SS_eededff7dca0,SS,anomalia,Sensor Atascado,normal,normal,fail,380.0,20.0,100.0,XGRINT,100.0,PRGINT,,,,,,,,,,,A_binary_miss
SS_358d1acdff93,SS,anomalia,Sensor Atascado,normal,normal,fail,380.0,20.0,100.0,XGRINT,100.0,PRGINT,,,,,,,,,,,A_binary_miss
SS_b0d18a19a04b,SS,anomalia,Sensor Atascado,normal,normal,fail,380.0,20.0,100.0,XGRINT,100.0,PRGINT,,,,,,,,,,,A_binary_miss
SS_3f8a884abdc6,SS,anomalia,Sensor Atascado,normal,normal,fail,380.0,20.0,100.0,XGRINT,100.0,PRGINT,,,,,,,,,,,A_binary_miss
SS_d6d2ed33917a,SS,anomalia,Sensor Atascado,normal,normal,fail,380.0,20.0,100.0,XGRINT,100.0,PRGINT,,,,,,,,,,,A_binary_miss
SS_10a913a2bb4b,SS,anomalia,Sensor Atascado,normal,normal,fail,380.0,20.0,100.0,XGRINT,100.0,PRGINT,,,,,,,,,,,A_binary_miss
SS_0c4b1863c8aa,SS,anomalia,Sensor Atascado,normal,normal,fail,380.0,20.0,100.0,XGRINT,100.0,PRGINT,,,,,,,,,,,A_binary_miss
SS_7cb974328b81,SS,anomalia,Sensor Atascado,normal,normal,fail,380.0,20.0,100.0,XGRINT,100.0,PRGINT,,,,,,,,,,,A_binary_miss
SS_698eae81ed33,SS,anomalia,Sensor Atascado,normal,normal,fail,380.0,20.0,100.0,XGRINT,100.0,PRGINT,,,,,,,,,,,A_binary_miss
SS_73adb43f7c02,SS,anomalia,Sensor Atascado,normal,normal,fail,380.0,20.0,100.0,XGRINT,100.0,PRGINT,,,,,,,,,,,A_binary_miss
SS_8005baf00eb3,SS,anomalia,Sensor Atascado,normal,normal,fail,380.0,20.0,100.0,XGRINT,100.0,PRGINT,,,,,,,,,,,A_binary_miss
SS_8466b3b0d015,SS,anomalia,Sensor Atascado,normal,normal,fail,380.0,20.0,100.0,XGRINT,100.0,PRGINT,,,,,,,,,,,A_binary_miss
SS_3858461ac34c,SS,anomalia,Sensor Atascado,normal,normal,fail,380.0,20.0,100.0,XGRINT,100.0,PRGINT,,,,,,,,,,,A_binary_miss
SS_6a469811fd0a,SS,anomalia,Sensor Atascado,normal,normal,fail,380.0,20.0,100.0,XGRINT,100.0,PRGINT,,,,,,,,,,,A_binary_miss
SS_b766d18dfbc0,SS,anomalia,Sensor Atascado,normal,normal,fail,380.0,20.0,100.0,XGRINT,100.0,PRGINT,,,,,,,,,,,A_binary_miss
SS_cc636abe6d83,SS,anomalia,Sensor Atascado,normal,normal,fail,380.0,20.0,100.0,XGRINT,100.0,PRGINT,,,,,,,,,,,A_binary_miss
SS_ad623df0e94b,SS,anomalia,Sensor Atascado,normal,normal,fail,380.0,20.0,100.0,XGRINT,100.0,PRGINT,,,,,,,,,,,A_binary_miss
SS_7020350e8f6d,SS,anomalia,Sensor Atascado,normal,normal,fail,380.0,20.0,100.0,XGRINT,100.0,PRGINT,,,,,,,,,,,A_binary_miss
SS_6ac63b6dcbf1,SS,anomalia,Sensor Atascado,normal,normal,fail,380.0,20.0,100.0,XGRINT,100.0,PRGINT,,,,,,,,,,,A_binary_miss
SS_bcc371506a94,SS,anomalia,Sensor Atascado,normal,normal,fail,380.0,20.0,100.0,XGRINT,100.0,PRGINT,,,,,,,,,,,A_binary_miss
SS_a593f0b7b384,SS,anomalia,Sensor Atascado,normal,normal,fail,380.0,20.0,100.0,XGRINT,100.0,PRGINT,,,,,,,,,,,A_binary_miss
SS_7764cb7e249e,SS,anomalia,Sensor Atascado,normal,normal,fail,380.0,20.0,100.0,XGRINT,100.0,PRGINT,,,,,,,,,,,A_binary_miss
SS_f0c51e2b1c94,SS,anomalia,Sensor Atascado,normal,normal,fail,380.0,20.0,100.0,XGRINT,100.0,PRGINT,,,,,,,,,,,A_binary_miss
SS_4faad1fa2092,SS,anomalia,Sensor Atascado,normal,normal,fail,380.0,20.0,100.0,XGRINT,100.0,PRGINT,,,,,,,,,,,A_binary_miss
SS_8d18d6cc74d2,SS,anomalia,Sensor Atascado,normal,normal,fail,380.0,20.0,100.0,XGRINT,100.0,PRGINT,,,,,,,,,,,A_binary_miss
SS_cd9fe225edf2,SS,anomalia,Sensor Atascado,normal,normal,fail,380.0,20.0,100.0,XGRINT,100.0,PRGINT,,,,,,,,,,,A_binary_miss
SS_3bb46f6ece5b,SS,anomalia,Sensor Atascado,anomalia,Ruido,fail,380.0,20.0,100.0,XGRINT,100.0,PRGINT,,,,,,,,,,,B_type_mismatch
SS_07ad617f3c97,SS,anomalia,Sensor Atascado,normal,normal,fail,380.0,20.0,100.0,XGRINT,100.0,PRGINT,,,,,,,,,,,A_binary_miss
SS_85a70d9bc122,SS,anomalia,Sensor Atascado,normal,normal,fail,380.0,20.0,100.0,XGRINT,100.0,PRGINT,,,,,,,,,,,A_binary_miss
SS_21fa3f373654,SS,anomalia,Sensor Atascado,normal,normal,fail,380.0,20.0,100.0,XGRINT,100.0,PRGINT,,,,,,,,,,,A_binary_miss
SS_5c1271ade310,SS,anomalia,Sensor Atascado,normal,normal,fail,380.0,20.0,100.0,XGRINT,100.0,PRGINT,,,,,,,,,,,A_binary_miss
SS_eee0a4a5d617,SS,anomalia,Sensor Atascado,normal,normal,fail,380.0,20.0,100.0,XGRINT,100.0,PRGINT,,,,,,,,,,,A_binary_miss
SS_1e9c31b0fd3c,SS,anomalia,Sensor Atascado,normal,normal,fail,380.0,20.0,100.0,XGRINT,100.0,PRGINT,,,,,,,,,,,A_binary_miss
SS_b6984f4c90b0,SS,anomalia,Sensor Atascado,normal,normal,fail,380.0,20.0,100.0,XGRINT,100.0,PRGINT,,,,,,,,,,,A_binary_miss
SS_72218cde39b0,SS,anomalia,Sensor Atascado,normal,normal,fail,380.0,20.0,100.0,XGRINT,100.0,PRGINT,,,,,,,,,,,A_binary_miss
SS_170c77803886,SS,anomalia,Sensor Atascado,normal,normal,fail,380.0,20.0,100.0,XGRINT,100.0,PRGINT,,,,,,,,,,,A_binary_miss
SS_4610a4e3dcc7,SS,anomalia,Sensor Atascado,normal,normal,fail,380.0,20.0,100.0,XGRINT,100.0,PRGINT,,,,,,,,,,,A_binary_miss
SS_b1725a21d3b7,SS,anomalia,Sensor Atascado,normal,normal,fail,380.0,20.0,100.0,XGRINT,100.0,PRGINT,,,,,,,,,,,A_binary_miss
SS_74ee523d94fd,SS,anomalia,Sensor Atascado,normal,normal,fail,380.0,20.0,100.0,XGRINT,100.0,PRGINT,,,,,,,,,,,A_binary_miss
SS_fcf1c3eb7adc,SS,anomalia,Sensor Atascado,normal,normal,fail,380.0,20.0,100.0,XGRINT,100.0,PRGINT,,,,,,,,,,,A_binary_miss
SS_c0c2f1966814,SS,anomalia,Sensor Atascado,normal,normal,fail,380.0,20.0,100.0,XGRINT,100.0,PRGINT,,,,,,,,,,,A_binary_miss
SS_1cfe032040fc,SS,anomalia,Sensor Atascado,normal,normal,fail,380.0,20.0,100.0,XGRINT,100.0,PRGINT,,,,,,,,,,,A_binary_miss
SS_0553ddb3f3e6,SS,anomalia,Sensor Atascado,normal,normal,fail,380.0,20.0,100.0,XGRINT,100.0,PRGINT,,,,,,,,,,,A_binary_miss
SS_e8218269ba60,SS,anomalia,Sensor Atascado,normal,normal,fail,380.0,20.0,100.0,XGRINT,100.0,PRGINT,,,,,,,,,,,A_binary_miss
SS_d8c85746c717,SS,anomalia,Sensor Atascado,normal,normal,fail,380.0,20.0,100.0,XGRINT,100.0,PRGINT,,,,,,,,,,,A_binary_miss
SS_8057833d0be3,SS,anomalia,Sensor Atascado,normal,normal,fail,380.0,20.0,100.0,XGRINT,100.0,PRGINT,,,,,,,,,,,A_binary_miss
SS_e0b756921195,SS,anomalia,Sensor Atascado,normal,normal,fail,380.0,20.0,100.0,XGRINT,100.0,PRGINT,,,,,,,,,,,A_binary_miss
SS_f5b2532e9bc0,SS,anomalia,Sensor Atascado,normal,normal,fail,58.0,30.0,58.0,XGRINT,100.0,PRGINT,,,,,,,,,,,A_binary_miss
SS_a442ac4b2d57,SS,anomalia,Sensor Atascado,normal,normal,fail,58.0,30.0,58.0,XGRINT,100.0,PRGINT,,,,,,,,,,,A_binary_miss
SS_ddbbb9992742,SS,anomalia,Sensor Atascado,normal,normal,fail,58.0,30.0,58.0,XGRINT,100.0,PRGINT,,,,,,,,,,,A_binary_miss
SS_37054803a1ca,SS,anomalia,Sensor Atascado,normal,normal,fail,58.0,30.0,58.0,XGRINT,100.0,PRGINT,,,,,,,,,,,A_binary_miss
SS_872ec505c36f,SS,anomalia,Sensor Atascado,normal,normal,fail,58.0,30.0,58.0,XGRINT,100.0,PRGINT,,,,,,,,,,,A_binary_miss
SS_a3638ca64a9c,SS,anomalia,Sensor Atascado,normal,normal,fail,58.0,30.0,58.0,XGRINT,100.0,PRGINT,,,,,,,,,,,A_binary_miss
SS_a926cfdf5736,SS,anomalia,Sensor Atascado,normal,normal,fail,58.0,30.0,58.0,XGRINT,100.0,PRGINT,,,,,,,,,,,A_binary_miss
SS_d452903f8250,SS,anomalia,Sensor Atascado,normal,normal,fail,58.0,30.0,58.0,XGRINT,100.0,PRGINT,,,,,,,,,,,A_binary_miss
SS_b0b0f01147fa,SS,anomalia,Sensor Atascado,normal,normal,fail,58.0,30.0,58.0,XGRINT,100.0,PRGINT,,,,,,,,,,,A_binary_miss
SS_95b23ee43add,SS,anomalia,Sensor Atascado,normal,normal,fail,58.0,30.0,58.0,XGRINT,100.0,PRGINT,,,,,,,,,,,A_binary_miss
SS_1a4a224b2678,SS,anomalia,Sensor Atascado,anomalia,Ruido,fail,58.0,30.0,58.0,XGRINT,100.0,PRGINT,,,,,,,,,,,B_type_mismatch
SS_6881c5c5a4c6,SS,anomalia,Sensor Atascado,normal,normal,fail,58.0,30.0,58.0,XGRINT,100.0,PRGINT,,,,,,,,,,,A_binary_miss
SS_5acbdc0cceda,SS,anomalia,Sensor Atascado,normal,normal,fail,58.0,30.0,58.0,XGRINT,100.0,PRGINT,,,,,,,,,,,A_binary_miss
SS_14097c76a7ad,SS,anomalia,Sensor Atascado,normal,normal,fail,58.0,30.0,58.0,XGRINT,100.0,PRGINT,,,,,,,,,,,A_binary_miss
SS_3d854dcb192a,SS,anomalia,Sensor Atascado,normal,normal,fail,58.0,30.0,58.0,XGRINT,100.0,PRGINT,,,,,,,,,,,A_binary_miss
SS_c496e3471e9d,SS,anomalia,Sensor Atascado,anomalia,Ruido,fail,58.0,30.0,58.0,XGRINT,100.0,PRGINT,,,,,,,,,,,B_type_mismatch
SS_6cb16785bee5,SS,anomalia,Sensor Atascado,normal,normal,fail,58.0,30.0,58.0,XGRINT,100.0,PRGINT,,,,,,,,,,,A_binary_miss
SS_e12051dce84d,SS,anomalia,Sensor Atascado,normal,normal,fail,58.0,30.0,58.0,XGRINT,100.0,PRGINT,,,,,,,,,,,A_binary_miss
SS_a04055ef1d16,SS,anomalia,Sensor Atascado,normal,normal,fail,58.0,30.0,58.0,XGRINT,100.0,PRGINT,,,,,,,,,,,A_binary_miss
SS_47a9f4da24be,SS,anomalia,Sensor Atascado,normal,normal,fail,58.0,30.0,58.0,XGRINT,100.0,PRGINT,,,,,,,,,,,A_binary_miss
SS_b1657e0a55da,SS,anomalia,Sensor Atascado,normal,normal,fail,58.0,30.0,58.0,XGRINT,100.0,PRGINT,,,,,,,,,,,A_binary_miss
SS_735f0541ac4e,SS,anomalia,Sensor Atascado,normal,normal,fail,58.0,30.0,58.0,XGRINT,100.0,PRGINT,,,,,,,,,,,A_binary_miss
SS_6fd7fadb2a0b,SS,anomalia,Sensor Atascado,normal,normal,fail,58.0,30.0,58.0,XGRINT,100.0,PRGINT,,,,,,,,,,,A_binary_miss
SS_f234006aee9a,SS,anomalia,Sensor Atascado,normal,normal,fail,58.0,30.0,58.0,XGRINT,100.0,PRGINT,,,,,,,,,,,A_binary_miss
SS_b0c27d19be1b,SS,anomalia,Sensor Atascado,normal,normal,fail,58.0,30.0,58.0,XGRINT,100.0,PRGINT,,,,,,,,,,,A_binary_miss
SS_7f9f3f28643e,SS,anomalia,Sensor Atascado,normal,normal,fail,58.0,30.0,58.0,XGRINT,100.0,PRGINT,,,,,,,,,,,A_binary_miss
SS_0147b052db37,SS,anomalia,Sensor Atascado,normal,normal,fail,58.0,30.0,58.0,XGRINT,100.0,PRGINT,,,,,,,,,,,A_binary_miss
SS_449bfa7e5d13,SS,anomalia,Sensor Atascado,normal,normal,fail,58.0,30.0,58.0,XGRINT,100.0,PRGINT,,,,,,,,,,,A_binary_miss
SS_4a45addcafcb,SS,anomalia,Sensor Atascado,normal,normal,fail,58.0,30.0,58.0,XGRINT,100.0,PRGINT,,,,,,,,,,,A_binary_miss
SS_7750467d440e,SS,anomalia,Sensor Atascado,normal,normal,fail,58.0,30.0,58.0,XGRINT,100.0,PRGINT,,,,,,,,,,,A_binary_miss
SS_f61472920a23,SS,anomalia,Sensor Atascado,normal,normal,fail,58.0,30.0,58.0,XGRINT,100.0,PRGINT,,,,,,,,,,,A_binary_miss
SS_fac1a6fe930f,SS,anomalia,Sensor Atascado,normal,normal,fail,58.0,30.0,58.0,XGRINT,100.0,PRGINT,,,,,,,,,,,A_binary_miss
SS_c0f5d10ffcdb,SS,anomalia,Sensor Atascado,normal,normal,fail,58.0,30.0,58.0,XGRINT,100.0,PRGINT,,,,,,,,,,,A_binary_miss
SS_922b1c755ef1,SS,anomalia,Sensor Atascado,normal,normal,fail,58.0,30.0,58.0,XGRINT,100.0,PRGINT,,,,,,,,,,,A_binary_miss
SS_e583624c6289,SS,anomalia,Sensor Atascado,normal,normal,fail,58.0,30.0,58.0,XGRINT,100.0,PRGINT,,,,,,,,,,,A_binary_miss
SS_d6e16aa6ef59,SS,anomalia,Sensor Atascado,normal,normal,fail,58.0,30.0,58.0,XGRINT,100.0,PRGINT,,,,,,,,,,,A_binary_miss
SS_c6cd8ac93bd3,SS,anomalia,Sensor Atascado,normal,normal,fail,58.0,30.0,58.0,XGRINT,100.0,PRGINT,,,,,,,,,,,A_binary_miss
SS_7871faa37137,SS,anomalia,Sensor Atascado,normal,normal,fail,58.0,30.0,58.0,XGRINT,100.0,PRGINT,,,,,,,,,,,A_binary_miss
SS_e56ccc34b924,SS,anomalia,Sensor Atascado,normal,normal,fail,58.0,30.0,58.0,XGRINT,100.0,PRGINT,,,,,,,,,,,A_binary_miss
SS_1a01ece184c4,SS,anomalia,Sensor Atascado,normal,normal,fail,58.0,30.0,58.0,XGRINT,100.0,PRGINT,,,,,,,,,,,A_binary_miss
SS_4134ab7a385d,SS,anomalia,Sensor Atascado,normal,normal,fail,58.0,30.0,58.0,XGRINT,100.0,PRGINT,,,,,,,,,,,A_binary_miss
SS_90503fdd9bb3,SS,anomalia,Sensor Atascado,normal,normal,fail,58.0,30.0,58.0,XGRINT,100.0,PRGINT,,,,,,,,,,,A_binary_miss
SS_9627a8a7bb14,SS,anomalia,Sensor Atascado,normal,normal,fail,58.0,30.0,58.0,XGRINT,100.0,PRGINT,,,,,,,,,,,A_binary_miss
SS_712dc7b59d77,SS,anomalia,Sensor Atascado,normal,normal,fail,58.0,30.0,58.0,XGRINT,100.0,PRGINT,,,,,,,,,,,A_binary_miss
SS_ab67401385b7,SS,anomalia,Sensor Atascado,normal,normal,fail,58.0,30.0,58.0,XGRINT,100.0,PRGINT,,,,,,,,,,,A_binary_miss
SS_68f68059d944,SS,anomalia,Sensor Atascado,normal,normal,fail,58.0,30.0,58.0,XGRINT,100.0,PRGINT,,,,,,,,,,,A_binary_miss
SS_18b63387cb5a,SS,anomalia,Sensor Atascado,normal,normal,fail,58.0,30.0,58.0,XGRINT,100.0,PRGINT,,,,,,,,,,,A_binary_miss
SS_933e415938ff,SS,anomalia,Sensor Atascado,normal,normal,fail,58.0,30.0,58.0,XGRINT,100.0,PRGINT,,,,,,,,,,,A_binary_miss
SS_c256784d535c,SS,anomalia,Sensor Atascado,normal,normal,fail,58.0,30.0,58.0,XGRINT,100.0,PRGINT,,,,,,,,,,,A_binary_miss
SS_c64f37649375,SS,anomalia,Sensor Atascado,anomalia,Ruido,fail,58.0,30.0,58.0,XGRINT,100.0,PRGINT,,,,,,,,,,,B_type_mismatch
SS_1347832e4068,SS,anomalia,Sensor Atascado,normal,normal,fail,58.0,30.0,58.0,XGRINT,100.0,PRGINT,,,,,,,,,,,A_binary_miss
SS_8a318937b73a,SS,anomalia,Sensor Atascado,normal,normal,fail,58.0,30.0,58.0,XGRINT,100.0,PRGINT,,,,,,,,,,,A_binary_miss
SS_a0f7caa5ee0b,SS,anomalia,Sensor Atascado,normal,normal,fail,58.0,30.0,58.0,XGRINT,100.0,PRGINT,,,,,,,,,,,A_binary_miss
SS_49ce2ee1b6ef,SS,anomalia,Sensor Atascado,normal,normal,fail,58.0,30.0,58.0,XGRINT,100.0,PRGINT,,,,,,,,,,,A_binary_miss
SS_5c2729a79340,SS,anomalia,Sensor Atascado,anomalia,Ruido,fail,58.0,30.0,58.0,XGRINT,100.0,PRGINT,,,,,,,,,,,B_type_mismatch
SS_bb43bbc3d59b,SS,anomalia,Sensor Atascado,normal,normal,fail,58.0,30.0,58.0,XGRINT,100.0,PRGINT,,,,,,,,,,,A_binary_miss
SS_d848aaf08a57,SS,anomalia,Sensor Atascado,normal,normal,fail,58.0,30.0,58.0,XGRINT,100.0,PRGINT,,,,,,,,,,,A_binary_miss
SS_26d0ef71f8f7,SS,anomalia,Sensor Atascado,normal,normal,fail,58.0,30.0,58.0,XGRINT,100.0,PRGINT,,,,,,,,,,,A_binary_miss
SS_19c067053c76,SS,anomalia,Sensor Atascado,normal,normal,fail,18.0,40.0,18.0,XGRINT,100.0,PRGINT,,,,,,,,,,,A_binary_miss
SS_318281e08620,SS,anomalia,Sensor Atascado,normal,normal,fail,18.0,40.0,18.0,XGRINT,100.0,PRGINT,,,,,,,,,,,A_binary_miss
SS_6d698090cd43,SS,anomalia,Sensor Atascado,normal,normal,fail,18.0,40.0,18.0,XGRINT,100.0,PRGINT,,,,,,,,,,,A_binary_miss
SS_61289c01aa21,SS,anomalia,Sensor Atascado,normal,normal,fail,18.0,40.0,18.0,XGRINT,100.0,PRGINT,,,,,,,,,,,A_binary_miss
SS_d0b02031ed5e,SS,anomalia,Sensor Atascado,normal,normal,fail,18.0,40.0,18.0,XGRINT,100.0,PRGINT,,,,,,,,,,,A_binary_miss
SS_514eb2f402ee,SS,anomalia,Sensor Atascado,normal,normal,fail,18.0,40.0,18.0,XGRINT,100.0,PRGINT,,,,,,,,,,,A_binary_miss
SS_620191c5fe45,SS,anomalia,Sensor Atascado,normal,normal,fail,18.0,40.0,18.0,XGRINT,100.0,PRGINT,,,,,,,,,,,A_binary_miss
SS_a8935a9649af,SS,anomalia,Sensor Atascado,normal,normal,fail,18.0,40.0,18.0,XGRINT,100.0,PRGINT,,,,,,,,,,,A_binary_miss
SS_a649d56d0edb,SS,anomalia,Sensor Atascado,anomalia,Ruido,fail,18.0,40.0,18.0,XGRINT,100.0,PRGINT,,,,,,,,,,,B_type_mismatch
SS_db42ca811023,SS,anomalia,Sensor Atascado,normal,normal,fail,18.0,40.0,18.0,XGRINT,100.0,PRGINT,,,,,,,,,,,A_binary_miss
SS_db2c47b6bcfc,SS,anomalia,Sensor Atascado,normal,normal,fail,18.0,40.0,18.0,XGRINT,100.0,PRGINT,,,,,,,,,,,A_binary_miss
SS_368419212365,SS,anomalia,Sensor Atascado,normal,normal,fail,18.0,40.0,18.0,XGRINT,100.0,PRGINT,,,,,,,,,,,A_binary_miss
SS_910a9cb5d6c6,SS,anomalia,Sensor Atascado,normal,normal,fail,18.0,40.0,18.0,XGRINT,100.0,PRGINT,,,,,,,,,,,A_binary_miss
SS_3dc18ffadcbd,SS,anomalia,Sensor Atascado,normal,normal,fail,18.0,40.0,18.0,XGRINT,100.0,PRGINT,,,,,,,,,,,A_binary_miss
SS_85dda0ce63f2,SS,anomalia,Sensor Atascado,normal,normal,fail,18.0,40.0,18.0,XGRINT,100.0,PRGINT,,,,,,,,,,,A_binary_miss
SS_612c266b000f,SS,anomalia,Sensor Atascado,normal,normal,fail,18.0,40.0,18.0,XGRINT,100.0,PRGINT,,,,,,,,,,,A_binary_miss
SS_34433b4747f4,SS,anomalia,Sensor Atascado,normal,normal,fail,18.0,40.0,18.0,XGRINT,100.0,PRGINT,,,,,,,,,,,A_binary_miss
SS_193f99c522cc,SS,anomalia,Sensor Atascado,normal,normal,fail,18.0,40.0,18.0,XGRINT,100.0,PRGINT,,,,,,,,,,,A_binary_miss
SS_720c777420b5,SS,anomalia,Sensor Atascado,normal,normal,fail,4.0,50.0,4.0,XGRINT,100.0,PRGINT,,,,,,,,,,,A_binary_miss
SS_6c9fad416d2a,SS,anomalia,Sensor Atascado,normal,normal,fail,4.0,50.0,4.0,XGRINT,100.0,PRGINT,,,,,,,,,,,A_binary_miss
SS_7718a751937c,SS,anomalia,Sensor Atascado,normal,normal,fail,4.0,50.0,4.0,XGRINT,100.0,PRGINT,,,,,,,,,,,A_binary_miss
SS_eb7c099bac7f,SS,anomalia,Sensor Atascado,normal,normal,fail,4.0,50.0,4.0,XGRINT,100.0,PRGINT,,,,,,,,,,,A_binary_miss
SS_ee07a02a1ba1,SS,anomalia,Sensor Atascado,normal,normal,fail,1.0,60.0,1.0,XGRINT,100.0,PRGINT,,,,,,,,,,,A_binary_miss
SS_fceb96d5aa24,SS,anomalia,Sensor Atascado,normal,normal,fail,1640.0,16.0,100.0,XHINT,100.0,XHINV,,,,,,,,,,,A_binary_miss
SS_51c11c3d5410,SS,anomalia,Sensor Atascado,normal,normal,fail,1640.0,16.0,100.0,XHINT,100.0,XHINV,,,,,,,,,,,A_binary_miss
SS_49fe0723ee53,SS,anomalia,Sensor Atascado,normal,normal,fail,1640.0,16.0,100.0,XHINT,100.0,XHINV,,,,,,,,,,,A_binary_miss
SS_360f0c39393e,SS,anomalia,Sensor Atascado,normal,normal,fail,1640.0,16.0,100.0,XHINT,100.0,XHINV,,,,,,,,,,,A_binary_miss
SS_1ecaf040779a,SS,anomalia,Sensor Atascado,normal,normal,fail,1640.0,16.0,100.0,XHINT,100.0,XHINV,,,,,,,,,,,A_binary_miss
SS_2a91f98cd234,SS,anomalia,Sensor Atascado,normal,normal,fail,1640.0,16.0,100.0,XHINT,100.0,XHINV,,,,,,,,,,,A_binary_miss
SS_da01afc28f1c,SS,anomalia,Sensor Atascado,normal,normal,fail,1640.0,16.0,100.0,XHINT,100.0,XHINV,,,,,,,,,,,A_binary_miss
SS_58647a5b51a7,SS,anomalia,Sensor Atascado,normal,normal,fail,1640.0,16.0,100.0,XHINT,100.0,XHINV,,,,,,,,,,,A_binary_miss
SS_f5f9f54563c6,SS,anomalia,Sensor Atascado,normal,normal,fail,1640.0,16.0,100.0,XHINT,100.0,XHINV,,,,,,,,,,,A_binary_miss
SS_3ea71001064b,SS,anomalia,Sensor Atascado,normal,normal,fail,1640.0,16.0,100.0,XHINT,100.0,XHINV,,,,,,,,,,,A_binary_miss
SS_71841fda0764,SS,anomalia,Sensor Atascado,normal,normal,fail,1640.0,16.0,100.0,XHINT,100.0,XHINV,,,,,,,,,,,A_binary_miss
SS_538e900c6c37,SS,anomalia,Sensor Atascado,normal,normal,fail,1640.0,16.0,100.0,XHINT,100.0,XHINV,,,,,,,,,,,A_binary_miss
SS_e16b8df1d932,SS,anomalia,Sensor Atascado,normal,normal,fail,1640.0,16.0,100.0,XHINT,100.0,XHINV,,,,,,,,,,,A_binary_miss
SS_b66a4be69566,SS,anomalia,Sensor Atascado,normal,normal,fail,1640.0,16.0,100.0,XHINT,100.0,XHINV,,,,,,,,,,,A_binary_miss
SS_e7c15edea98b,SS,anomalia,Sensor Atascado,normal,normal,fail,1640.0,16.0,100.0,XHINT,100.0,XHINV,,,,,,,,,,,A_binary_miss
SS_2c6e015b3d36,SS,anomalia,Sensor Atascado,normal,normal,fail,1640.0,16.0,100.0,XHINT,100.0,XHINV,,,,,,,,,,,A_binary_miss
SS_6ff5510ba946,SS,anomalia,Sensor Atascado,normal,normal,fail,1640.0,16.0,100.0,XHINT,100.0,XHINV,,,,,,,,,,,A_binary_miss
SS_84081b338be8,SS,anomalia,Sensor Atascado,normal,normal,fail,1640.0,16.0,100.0,XHINT,100.0,XHINV,,,,,,,,,,,A_binary_miss
SS_5c6eaf554163,SS,anomalia,Sensor Atascado,normal,normal,fail,1640.0,16.0,100.0,XHINT,100.0,XHINV,,,,,,,,,,,A_binary_miss
SS_104c0663d7a4,SS,anomalia,Sensor Atascado,normal,normal,fail,1640.0,16.0,100.0,XHINT,100.0,XHINV,,,,,,,,,,,A_binary_miss
SS_cd6312e108f5,SS,anomalia,Sensor Atascado,normal,normal,fail,1640.0,16.0,100.0,XHINT,100.0,XHINV,,,,,,,,,,,A_binary_miss
SS_d8ba3335813a,SS,anomalia,Sensor Atascado,normal,normal,fail,1640.0,16.0,100.0,XHINT,100.0,XHINV,,,,,,,,,,,A_binary_miss
SS_9566b2eec635,SS,anomalia,Sensor Atascado,normal,normal,fail,1640.0,16.0,100.0,XHINT,100.0,XHINV,,,,,,,,,,,A_binary_miss
SS_1d1e155ab1e1,SS,anomalia,Sensor Atascado,normal,normal,fail,1640.0,16.0,100.0,XHINT,100.0,XHINV,,,,,,,,,,,A_binary_miss
SS_885291950ed3,SS,anomalia,Sensor Atascado,normal,normal,fail,1640.0,16.0,100.0,XHINT,100.0,XHINV,,,,,,,,,,,A_binary_miss
SS_c49658cf6883,SS,anomalia,Sensor Atascado,normal,normal,fail,1640.0,16.0,100.0,XHINT,100.0,XHINV,,,,,,,,,,,A_binary_miss
SS_949c55688400,SS,anomalia,Sensor Atascado,normal,normal,fail,1640.0,16.0,100.0,XHINT,100.0,XHINV,,,,,,,,,,,A_binary_miss
SS_defb97b7a87a,SS,anomalia,Sensor Atascado,normal,normal,fail,1640.0,16.0,100.0,XHINT,100.0,XHINV,,,,,,,,,,,A_binary_miss
SS_d0e3a86e9f8f,SS,anomalia,Sensor Atascado,normal,normal,fail,1640.0,16.0,100.0,XHINT,100.0,XHINV,,,,,,,,,,,A_binary_miss
SS_385c8faad040,SS,anomalia,Sensor Atascado,normal,normal,fail,1640.0,16.0,100.0,XHINT,100.0,XHINV,,,,,,,,,,,A_binary_miss
SS_76daf5b05dc3,SS,anomalia,Sensor Atascado,normal,normal,fail,1640.0,16.0,100.0,XHINT,100.0,XHINV,,,,,,,,,,,A_binary_miss
SS_a49a6afb0aac,SS,anomalia,Sensor Atascado,normal,normal,fail,1640.0,16.0,100.0,XHINT,100.0,XHINV,,,,,,,,,,,A_binary_miss
SS_bc200394de40,SS,anomalia,Sensor Atascado,anomalia,Ruido,fail,1640.0,16.0,100.0,XHINT,100.0,XHINV,,,,,,,,,,,B_type_mismatch
SS_eb9f693028e3,SS,anomalia,Sensor Atascado,normal,normal,fail,1640.0,16.0,100.0,XHINT,100.0,XHINV,,,,,,,,,,,A_binary_miss
SS_ec3cde694362,SS,anomalia,Sensor Atascado,normal,normal,fail,1640.0,16.0,100.0,XHINT,100.0,XHINV,,,,,,,,,,,A_binary_miss
SS_07bb36676cf3,SS,anomalia,Sensor Atascado,normal,normal,fail,1640.0,16.0,100.0,XHINT,100.0,XHINV,,,,,,,,,,,A_binary_miss
SS_8f0e01505c7a,SS,anomalia,Sensor Atascado,normal,normal,fail,1640.0,16.0,100.0,XHINT,100.0,XHINV,,,,,,,,,,,A_binary_miss
SS_7594d4348bc5,SS,anomalia,Sensor Atascado,normal,normal,fail,1640.0,16.0,100.0,XHINT,100.0,XHINV,,,,,,,,,,,A_binary_miss
SS_bf80ae9a2191,SS,anomalia,Sensor Atascado,normal,normal,fail,1640.0,16.0,100.0,XHINT,100.0,XHINV,,,,,,,,,,,A_binary_miss
SS_0b09d53287c3,SS,anomalia,Sensor Atascado,normal,normal,fail,1640.0,16.0,100.0,XHINT,100.0,XHINV,,,,,,,,,,,A_binary_miss
SS_953819c5edac,SS,anomalia,Sensor Atascado,normal,normal,fail,1640.0,16.0,100.0,XHINT,100.0,XHINV,,,,,,,,,,,A_binary_miss
SS_7a9bd7a582a7,SS,anomalia,Sensor Atascado,normal,normal,fail,1640.0,16.0,100.0,XHINT,100.0,XHINV,,,,,,,,,,,A_binary_miss
SS_f18fea369f4e,SS,anomalia,Sensor Atascado,normal,normal,fail,1640.0,16.0,100.0,XHINT,100.0,XHINV,,,,,,,,,,,A_binary_miss
SS_8f7e87711ab0,SS,anomalia,Sensor Atascado,normal,normal,fail,1640.0,16.0,100.0,XHINT,100.0,XHINV,,,,,,,,,,,A_binary_miss
SS_3f8d1beb1fd9,SS,anomalia,Sensor Atascado,normal,normal,fail,1640.0,16.0,100.0,XHINT,100.0,XHINV,,,,,,,,,,,A_binary_miss
SS_3730e332aa07,SS,anomalia,Sensor Atascado,normal,normal,fail,1640.0,16.0,100.0,XHINT,100.0,XHINV,,,,,,,,,,,A_binary_miss
SS_ae2dfae5ed06,SS,anomalia,Sensor Atascado,normal,normal,fail,1640.0,16.0,100.0,XHINT,100.0,XHINV,,,,,,,,,,,A_binary_miss
SS_a064a1da1bfc,SS,anomalia,Sensor Atascado,normal,normal,fail,1640.0,16.0,100.0,XHINT,100.0,XHINV,,,,,,,,,,,A_binary_miss
SS_5a8051b2ee57,SS,anomalia,Sensor Atascado,normal,normal,fail,1640.0,16.0,100.0,XHINT,100.0,XHINV,,,,,,,,,,,A_binary_miss
SS_51ac53855bb2,SS,anomalia,Sensor Atascado,normal,normal,fail,1640.0,16.0,100.0,XHINT,100.0,XHINV,,,,,,,,,,,A_binary_miss
SS_78705538a3c6,SS,anomalia,Sensor Atascado,normal,normal,fail,1640.0,16.0,100.0,XHINT,100.0,XHINV,,,,,,,,,,,A_binary_miss
SS_2efd643e2da1,SS,anomalia,Sensor Atascado,normal,normal,fail,802.0,20.0,100.0,XHINT,100.0,XHINV,,,,,,,,,,,A_binary_miss
SS_b25e4f251d9a,SS,anomalia,Sensor Atascado,normal,normal,fail,802.0,20.0,100.0,XHINT,100.0,XHINV,,,,,,,,,,,A_binary_miss
SS_9d693a46f7ab,SS,anomalia,Sensor Atascado,normal,normal,fail,802.0,20.0,100.0,XHINT,100.0,XHINV,,,,,,,,,,,A_binary_miss
SS_cc0e1ab78916,SS,anomalia,Sensor Atascado,normal,normal,fail,802.0,20.0,100.0,XHINT,100.0,XHINV,,,,,,,,,,,A_binary_miss
SS_7634f9d74a13,SS,anomalia,Sensor Atascado,normal,normal,fail,802.0,20.0,100.0,XHINT,100.0,XHINV,,,,,,,,,,,A_binary_miss
SS_4be2685a14c9,SS,anomalia,Sensor Atascado,normal,normal,fail,802.0,20.0,100.0,XHINT,100.0,XHINV,,,,,,,,,,,A_binary_miss
SS_1400ef46ace2,SS,anomalia,Sensor Atascado,normal,normal,fail,802.0,20.0,100.0,XHINT,100.0,XHINV,,,,,,,,,,,A_binary_miss
SS_7b7fc991936e,SS,anomalia,Sensor Atascado,normal,normal,fail,802.0,20.0,100.0,XHINT,100.0,XHINV,,,,,,,,,,,A_binary_miss
SS_c7ebd7938178,SS,anomalia,Sensor Atascado,normal,normal,fail,802.0,20.0,100.0,XHINT,100.0,XHINV,,,,,,,,,,,A_binary_miss
SS_2b140e0eb43d,SS,anomalia,Sensor Atascado,normal,normal,fail,802.0,20.0,100.0,XHINT,100.0,XHINV,,,,,,,,,,,A_binary_miss
SS_86af541ad28d,SS,anomalia,Sensor Atascado,normal,normal,fail,802.0,20.0,100.0,XHINT,100.0,XHINV,,,,,,,,,,,A_binary_miss
SS_15a428598918,SS,anomalia,Sensor Atascado,normal,normal,fail,802.0,20.0,100.0,XHINT,100.0,XHINV,,,,,,,,,,,A_binary_miss
SS_fc38662a9caa,SS,anomalia,Sensor Atascado,normal,normal,fail,802.0,20.0,100.0,XHINT,100.0,XHINV,,,,,,,,,,,A_binary_miss
SS_868ccb7579de,SS,anomalia,Sensor Atascado,normal,normal,fail,802.0,20.0,100.0,XHINT,100.0,XHINV,,,,,,,,,,,A_binary_miss
SS_46fad04138d2,SS,anomalia,Sensor Atascado,normal,normal,fail,802.0,20.0,100.0,XHINT,100.0,XHINV,,,,,,,,,,,A_binary_miss
SS_a4bbc488a88c,SS,anomalia,Sensor Atascado,normal,normal,fail,802.0,20.0,100.0,XHINT,100.0,XHINV,,,,,,,,,,,A_binary_miss
SS_38c56d4f495c,SS,anomalia,Sensor Atascado,normal,normal,fail,802.0,20.0,100.0,XHINT,100.0,XHINV,,,,,,,,,,,A_binary_miss
SS_c7e960b633cb,SS,anomalia,Sensor Atascado,normal,normal,fail,802.0,20.0,100.0,XHINT,100.0,XHINV,,,,,,,,,,,A_binary_miss
SS_8523677905b4,SS,anomalia,Sensor Atascado,normal,normal,fail,802.0,20.0,100.0,XHINT,100.0,XHINV,,,,,,,,,,,A_binary_miss
SS_33db587eb774,SS,anomalia,Sensor Atascado,normal,normal,fail,802.0,20.0,100.0,XHINT,100.0,XHINV,,,,,,,,,,,A_binary_miss
SS_8acecc9254e7,SS,anomalia,Sensor Atascado,normal,normal,fail,802.0,20.0,100.0,XHINT,100.0,XHINV,,,,,,,,,,,A_binary_miss
SS_2b1c80952a8e,SS,anomalia,Sensor Atascado,normal,normal,fail,802.0,20.0,100.0,XHINT,100.0,XHINV,,,,,,,,,,,A_binary_miss
SS_4d390c2037ed,SS,anomalia,Sensor Atascado,normal,normal,fail,802.0,20.0,100.0,XHINT,100.0,XHINV,,,,,,,,,,,A_binary_miss
SS_8fb2777551c3,SS,anomalia,Sensor Atascado,normal,normal,fail,802.0,20.0,100.0,XHINT,100.0,XHINV,,,,,,,,,,,A_binary_miss
SS_3925e6ef5a18,SS,anomalia,Sensor Atascado,normal,normal,fail,802.0,20.0,100.0,XHINT,100.0,XHINV,,,,,,,,,,,A_binary_miss
SS_187f7074d840,SS,anomalia,Sensor Atascado,normal,normal,fail,802.0,20.0,100.0,XHINT,100.0,XHINV,,,,,,,,,,,A_binary_miss
SS_e9292513a6d6,SS,anomalia,Sensor Atascado,normal,normal,fail,802.0,20.0,100.0,XHINT,100.0,XHINV,,,,,,,,,,,A_binary_miss
SS_88198a9b60f2,SS,anomalia,Sensor Atascado,normal,normal,fail,802.0,20.0,100.0,XHINT,100.0,XHINV,,,,,,,,,,,A_binary_miss
SS_7aa11acc844e,SS,anomalia,Sensor Atascado,normal,normal,fail,802.0,20.0,100.0,XHINT,100.0,XHINV,,,,,,,,,,,A_binary_miss
SS_3702d2890c97,SS,anomalia,Sensor Atascado,normal,normal,fail,802.0,20.0,100.0,XHINT,100.0,XHINV,,,,,,,,,,,A_binary_miss
SS_97167f3e47dd,SS,anomalia,Sensor Atascado,normal,normal,fail,802.0,20.0,100.0,XHINT,100.0,XHINV,,,,,,,,,,,A_binary_miss
SS_068b1f547fd5,SS,anomalia,Sensor Atascado,normal,normal,fail,802.0,20.0,100.0,XHINT,100.0,XHINV,,,,,,,,,,,A_binary_miss
SS_70da04c465d9,SS,anomalia,Sensor Atascado,normal,normal,fail,802.0,20.0,100.0,XHINT,100.0,XHINV,,,,,,,,,,,A_binary_miss
SS_20c76477c77a,SS,anomalia,Sensor Atascado,normal,normal,fail,802.0,20.0,100.0,XHINT,100.0,XHINV,,,,,,,,,,,A_binary_miss
SS_4fdfc2ee64b3,SS,anomalia,Sensor Atascado,normal,normal,fail,802.0,20.0,100.0,XHINT,100.0,XHINV,,,,,,,,,,,A_binary_miss
SS_10b8ba6383e2,SS,anomalia,Sensor Atascado,normal,normal,fail,802.0,20.0,100.0,XHINT,100.0,XHINV,,,,,,,,,,,A_binary_miss
SS_994f1e42c852,SS,anomalia,Sensor Atascado,normal,normal,fail,802.0,20.0,100.0,XHINT,100.0,XHINV,,,,,,,,,,,A_binary_miss
SS_f4dea4d56f63,SS,anomalia,Sensor Atascado,normal,normal,fail,802.0,20.0,100.0,XHINT,100.0,XHINV,,,,,,,,,,,A_binary_miss
SS_17defa46a64a,SS,anomalia,Sensor Atascado,normal,normal,fail,802.0,20.0,100.0,XHINT,100.0,XHINV,,,,,,,,,,,A_binary_miss
SS_042411a6a6c2,SS,anomalia,Sensor Atascado,normal,normal,fail,802.0,20.0,100.0,XHINT,100.0,XHINV,,,,,,,,,,,A_binary_miss
SS_c8deda808614,SS,anomalia,Sensor Atascado,normal,normal,fail,802.0,20.0,100.0,XHINT,100.0,XHINV,,,,,,,,,,,A_binary_miss
SS_5bc6d451e446,SS,anomalia,Sensor Atascado,normal,normal,fail,802.0,20.0,100.0,XHINT,100.0,XHINV,,,,,,,,,,,A_binary_miss
SS_fff17be6566a,SS,anomalia,Sensor Atascado,normal,normal,fail,802.0,20.0,100.0,XHINT,100.0,XHINV,,,,,,,,,,,A_binary_miss
SS_be0e82955a75,SS,anomalia,Sensor Atascado,normal,normal,fail,802.0,20.0,100.0,XHINT,100.0,XHINV,,,,,,,,,,,A_binary_miss
SS_338bd6ee096c,SS,anomalia,Sensor Atascado,normal,normal,fail,802.0,20.0,100.0,XHINT,100.0,XHINV,,,,,,,,,,,A_binary_miss
SS_da9959f6354d,SS,anomalia,Sensor Atascado,normal,normal,fail,802.0,20.0,100.0,XHINT,100.0,XHINV,,,,,,,,,,,A_binary_miss
SS_52a49b6150c1,SS,anomalia,Sensor Atascado,normal,normal,fail,802.0,20.0,100.0,XHINT,100.0,XHINV,,,,,,,,,,,A_binary_miss
SS_ca7b957ae5a0,SS,anomalia,Sensor Atascado,normal,normal,fail,802.0,20.0,100.0,XHINT,100.0,XHINV,,,,,,,,,,,A_binary_miss
SS_74938403c9ae,SS,anomalia,Sensor Atascado,normal,normal,fail,802.0,20.0,100.0,XHINT,100.0,XHINV,,,,,,,,,,,A_binary_miss
SS_78d3230256e8,SS,anomalia,Sensor Atascado,normal,normal,fail,802.0,20.0,100.0,XHINT,100.0,XHINV,,,,,,,,,,,A_binary_miss
SS_1795ce68728f,SS,anomalia,Sensor Atascado,normal,normal,fail,491.0,23.0,100.0,XHINT,100.0,XHINV,,,,,,,,,,,A_binary_miss
SS_1618fb99b403,SS,anomalia,Sensor Atascado,normal,normal,fail,491.0,23.0,100.0,XHINT,100.0,XHINV,,,,,,,,,,,A_binary_miss
SS_bf9ec7a97db2,SS,anomalia,Sensor Atascado,normal,normal,fail,491.0,23.0,100.0,XHINT,100.0,XHINV,,,,,,,,,,,A_binary_miss
SS_483e87ed57d7,SS,anomalia,Sensor Atascado,normal,normal,fail,491.0,23.0,100.0,XHINT,100.0,XHINV,,,,,,,,,,,A_binary_miss
SS_837ab24dce2a,SS,anomalia,Sensor Atascado,normal,normal,fail,491.0,23.0,100.0,XHINT,100.0,XHINV,,,,,,,,,,,A_binary_miss
SS_9a4503b2246e,SS,anomalia,Sensor Atascado,normal,normal,fail,491.0,23.0,100.0,XHINT,100.0,XHINV,,,,,,,,,,,A_binary_miss
SS_089fe6f1801b,SS,anomalia,Sensor Atascado,normal,normal,fail,491.0,23.0,100.0,XHINT,100.0,XHINV,,,,,,,,,,,A_binary_miss
SS_2e5848fef693,SS,anomalia,Sensor Atascado,normal,normal,fail,491.0,23.0,100.0,XHINT,100.0,XHINV,,,,,,,,,,,A_binary_miss
SS_75103d0b226d,SS,anomalia,Sensor Atascado,normal,normal,fail,491.0,23.0,100.0,XHINT,100.0,XHINV,,,,,,,,,,,A_binary_miss
SS_0358b60a4f39,SS,anomalia,Sensor Atascado,normal,normal,fail,491.0,23.0,100.0,XHINT,100.0,XHINV,,,,,,,,,,,A_binary_miss
SS_4e3be8d741f9,SS,anomalia,Sensor Atascado,normal,normal,fail,491.0,23.0,100.0,XHINT,100.0,XHINV,,,,,,,,,,,A_binary_miss
SS_b842d0e727d8,SS,anomalia,Sensor Atascado,normal,normal,fail,491.0,23.0,100.0,XHINT,100.0,XHINV,,,,,,,,,,,A_binary_miss
SS_97ff593a0f1d,SS,anomalia,Sensor Atascado,normal,normal,fail,491.0,23.0,100.0,XHINT,100.0,XHINV,,,,,,,,,,,A_binary_miss
SS_2740e250b128,SS,anomalia,Sensor Atascado,normal,normal,fail,491.0,23.0,100.0,XHINT,100.0,XHINV,,,,,,,,,,,A_binary_miss
SS_b8b30fa5528b,SS,anomalia,Sensor Atascado,normal,normal,fail,491.0,23.0,100.0,XHINT,100.0,XHINV,,,,,,,,,,,A_binary_miss
SS_0438d90cf45d,SS,anomalia,Sensor Atascado,normal,normal,fail,491.0,23.0,100.0,XHINT,100.0,XHINV,,,,,,,,,,,A_binary_miss
SS_376b8dfd0436,SS,anomalia,Sensor Atascado,normal,normal,fail,491.0,23.0,100.0,XHINT,100.0,XHINV,,,,,,,,,,,A_binary_miss
SS_aa12c387877f,SS,anomalia,Sensor Atascado,normal,normal,fail,491.0,23.0,100.0,XHINT,100.0,XHINV,,,,,,,,,,,A_binary_miss
SS_595fe52408bc,SS,anomalia,Sensor Atascado,normal,normal,fail,491.0,23.0,100.0,XHINT,100.0,XHINV,,,,,,,,,,,A_binary_miss
SS_5448fb25616f,SS,anomalia,Sensor Atascado,normal,normal,fail,491.0,23.0,100.0,XHINT,100.0,XHINV,,,,,,,,,,,A_binary_miss
SS_5a295e9c7702,SS,anomalia,Sensor Atascado,normal,normal,fail,491.0,23.0,100.0,XHINT,100.0,XHINV,,,,,,,,,,,A_binary_miss
SS_0e23a2304961,SS,anomalia,Sensor Atascado,normal,normal,fail,491.0,23.0,100.0,XHINT,100.0,XHINV,,,,,,,,,,,A_binary_miss
SS_0f2cae834c18,SS,anomalia,Sensor Atascado,normal,normal,fail,491.0,23.0,100.0,XHINT,100.0,XHINV,,,,,,,,,,,A_binary_miss
SS_ac53a54456ec,SS,anomalia,Sensor Atascado,normal,normal,fail,491.0,23.0,100.0,XHINT,100.0,XHINV,,,,,,,,,,,A_binary_miss
SS_282da0bb36bb,SS,anomalia,Sensor Atascado,normal,normal,fail,491.0,23.0,100.0,XHINT,100.0,XHINV,,,,,,,,,,,A_binary_miss
SS_8c93ec74f64d,SS,anomalia,Sensor Atascado,normal,normal,fail,491.0,23.0,100.0,XHINT,100.0,XHINV,,,,,,,,,,,A_binary_miss
SS_d8bd7a9ab707,SS,anomalia,Sensor Atascado,normal,normal,fail,491.0,23.0,100.0,XHINT,100.0,XHINV,,,,,,,,,,,A_binary_miss
SS_f61aaf2f992b,SS,anomalia,Sensor Atascado,normal,normal,fail,491.0,23.0,100.0,XHINT,100.0,XHINV,,,,,,,,,,,A_binary_miss
SS_7400cf9ca09c,SS,anomalia,Sensor Atascado,normal,normal,fail,491.0,23.0,100.0,XHINT,100.0,XHINV,,,,,,,,,,,A_binary_miss
SS_bec6733f22f2,SS,anomalia,Sensor Atascado,normal,normal,fail,491.0,23.0,100.0,XHINT,100.0,XHINV,,,,,,,,,,,A_binary_miss
SS_dc08e9c7ab76,SS,anomalia,Sensor Atascado,normal,normal,fail,491.0,23.0,100.0,XHINT,100.0,XHINV,,,,,,,,,,,A_binary_miss
SS_c68531b84094,SS,anomalia,Sensor Atascado,normal,normal,fail,491.0,23.0,100.0,XHINT,100.0,XHINV,,,,,,,,,,,A_binary_miss
SS_5e07d313ae39,SS,anomalia,Sensor Atascado,normal,normal,fail,491.0,23.0,100.0,XHINT,100.0,XHINV,,,,,,,,,,,A_binary_miss
SS_0f55f08daaeb,SS,anomalia,Sensor Atascado,normal,normal,fail,491.0,23.0,100.0,XHINT,100.0,XHINV,,,,,,,,,,,A_binary_miss
SS_d37215013ef9,SS,anomalia,Sensor Atascado,normal,normal,fail,491.0,23.0,100.0,XHINT,100.0,XHINV,,,,,,,,,,,A_binary_miss
SS_14a0306fc279,SS,anomalia,Sensor Atascado,normal,normal,fail,491.0,23.0,100.0,XHINT,100.0,XHINV,,,,,,,,,,,A_binary_miss
SS_b98373a04d98,SS,anomalia,Sensor Atascado,normal,normal,fail,491.0,23.0,100.0,XHINT,100.0,XHINV,,,,,,,,,,,A_binary_miss
SS_ec901a4dbacc,SS,anomalia,Sensor Atascado,normal,normal,fail,491.0,23.0,100.0,XHINT,100.0,XHINV,,,,,,,,,,,A_binary_miss
SS_b6189f246c5f,SS,anomalia,Sensor Atascado,normal,normal,fail,491.0,23.0,100.0,XHINT,100.0,XHINV,,,,,,,,,,,A_binary_miss
SS_daa74c189d57,SS,anomalia,Sensor Atascado,normal,normal,fail,491.0,23.0,100.0,XHINT,100.0,XHINV,,,,,,,,,,,A_binary_miss
SS_60fea8d0cc07,SS,anomalia,Sensor Atascado,normal,normal,fail,491.0,23.0,100.0,XHINT,100.0,XHINV,,,,,,,,,,,A_binary_miss
SS_4e1fa9805d4b,SS,anomalia,Sensor Atascado,normal,normal,fail,491.0,23.0,100.0,XHINT,100.0,XHINV,,,,,,,,,,,A_binary_miss
SS_a5a1791d5ac4,SS,anomalia,Sensor Atascado,normal,normal,fail,491.0,23.0,100.0,XHINT,100.0,XHINV,,,,,,,,,,,A_binary_miss
SS_111f119e2623,SS,anomalia,Sensor Atascado,normal,normal,fail,491.0,23.0,100.0,XHINT,100.0,XHINV,,,,,,,,,,,A_binary_miss
SS_a694fba37fa6,SS,anomalia,Sensor Atascado,normal,normal,fail,491.0,23.0,100.0,XHINT,100.0,XHINV,,,,,,,,,,,A_binary_miss
SS_fc039326e652,SS,anomalia,Sensor Atascado,normal,normal,fail,491.0,23.0,100.0,XHINT,100.0,XHINV,,,,,,,,,,,A_binary_miss
SS_cb5c614d49a2,SS,anomalia,Sensor Atascado,normal,normal,fail,491.0,23.0,100.0,XHINT,100.0,XHINV,,,,,,,,,,,A_binary_miss
SS_8a1b63e8bcea,SS,anomalia,Sensor Atascado,normal,normal,fail,491.0,23.0,100.0,XHINT,100.0,XHINV,,,,,,,,,,,A_binary_miss
SS_f865fb50c814,SS,anomalia,Sensor Atascado,normal,normal,fail,491.0,23.0,100.0,XHINT,100.0,XHINV,,,,,,,,,,,A_binary_miss
SS_f384d78720af,SS,anomalia,Sensor Atascado,normal,normal,fail,491.0,23.0,100.0,XHINT,100.0,XHINV,,,,,,,,,,,A_binary_miss
SS_0e3bf8c9a6e1,SS,anomalia,Sensor Atascado,normal,normal,fail,491.0,23.0,100.0,XHINT,100.0,XHINV,,,,,,,,,,,A_binary_miss
SS_8c51f7aa24be,SS,anomalia,Sensor Atascado,normal,normal,fail,491.0,23.0,100.0,XHINT,100.0,XHINV,,,,,,,,,,,A_binary_miss
SS_37f8eb14698c,SS,anomalia,Sensor Atascado,normal,normal,fail,491.0,23.0,100.0,XHINT,100.0,XHINV,,,,,,,,,,,A_binary_miss
SS_77089c04444f,SS,anomalia,Sensor Atascado,normal,normal,fail,491.0,23.0,100.0,XHINT,100.0,XHINV,,,,,,,,,,,A_binary_miss
SS_83ccd79f1145,SS,anomalia,Sensor Atascado,normal,normal,fail,491.0,23.0,100.0,XHINT,100.0,XHINV,,,,,,,,,,,A_binary_miss
SS_c470802e7458,SS,anomalia,Sensor Atascado,normal,normal,fail,272.0,27.0,100.0,XHINT,100.0,XHINV,,,,,,,,,,,A_binary_miss
SS_cbcf6ac9469a,SS,anomalia,Sensor Atascado,normal,normal,fail,272.0,27.0,100.0,XHINT,100.0,XHINV,,,,,,,,,,,A_binary_miss
SS_6996a798d07e,SS,anomalia,Sensor Atascado,normal,normal,fail,272.0,27.0,100.0,XHINT,100.0,XHINV,,,,,,,,,,,A_binary_miss
SS_b43d013a3759,SS,anomalia,Sensor Atascado,normal,normal,fail,272.0,27.0,100.0,XHINT,100.0,XHINV,,,,,,,,,,,A_binary_miss
SS_e1d0aeeedfbe,SS,anomalia,Sensor Atascado,normal,normal,fail,272.0,27.0,100.0,XHINT,100.0,XHINV,,,,,,,,,,,A_binary_miss
SS_000190dff8ae,SS,anomalia,Sensor Atascado,normal,normal,fail,272.0,27.0,100.0,XHINT,100.0,XHINV,,,,,,,,,,,A_binary_miss
SS_f48e3a17b9dc,SS,anomalia,Sensor Atascado,normal,normal,fail,272.0,27.0,100.0,XHINT,100.0,XHINV,,,,,,,,,,,A_binary_miss
SS_3c24161e3f69,SS,anomalia,Sensor Atascado,normal,normal,fail,272.0,27.0,100.0,XHINT,100.0,XHINV,,,,,,,,,,,A_binary_miss
SS_406fe057ba3c,SS,anomalia,Sensor Atascado,normal,normal,fail,272.0,27.0,100.0,XHINT,100.0,XHINV,,,,,,,,,,,A_binary_miss
SS_ae49a54f8a47,SS,anomalia,Sensor Atascado,normal,normal,fail,272.0,27.0,100.0,XHINT,100.0,XHINV,,,,,,,,,,,A_binary_miss
SS_de3b755c2928,SS,anomalia,Sensor Atascado,normal,normal,fail,272.0,27.0,100.0,XHINT,100.0,XHINV,,,,,,,,,,,A_binary_miss
SS_4f181ced49f5,SS,anomalia,Sensor Atascado,normal,normal,fail,272.0,27.0,100.0,XHINT,100.0,XHINV,,,,,,,,,,,A_binary_miss
SS_606dd2584304,SS,anomalia,Sensor Atascado,normal,normal,fail,272.0,27.0,100.0,XHINT,100.0,XHINV,,,,,,,,,,,A_binary_miss
SS_4ca38d3fe0df,SS,anomalia,Sensor Atascado,normal,normal,fail,272.0,27.0,100.0,XHINT,100.0,XHINV,,,,,,,,,,,A_binary_miss
SS_dba4773e497b,SS,anomalia,Sensor Atascado,normal,normal,fail,272.0,27.0,100.0,XHINT,100.0,XHINV,,,,,,,,,,,A_binary_miss
SS_7b8f8080f45a,SS,anomalia,Sensor Atascado,normal,normal,fail,272.0,27.0,100.0,XHINT,100.0,XHINV,,,,,,,,,,,A_binary_miss
SS_fdddbe65e238,SS,anomalia,Sensor Atascado,normal,normal,fail,272.0,27.0,100.0,XHINT,100.0,XHINV,,,,,,,,,,,A_binary_miss
SS_5f1f245dc758,SS,anomalia,Sensor Atascado,normal,normal,fail,272.0,27.0,100.0,XHINT,100.0,XHINV,,,,,,,,,,,A_binary_miss
SS_350815d5fb25,SS,anomalia,Sensor Atascado,normal,normal,fail,272.0,27.0,100.0,XHINT,100.0,XHINV,,,,,,,,,,,A_binary_miss
SS_4a9cd3be3e27,SS,anomalia,Sensor Atascado,normal,normal,fail,272.0,27.0,100.0,XHINT,100.0,XHINV,,,,,,,,,,,A_binary_miss
SS_0630d6c6a8d6,SS,anomalia,Sensor Atascado,normal,normal,fail,272.0,27.0,100.0,XHINT,100.0,XHINV,,,,,,,,,,,A_binary_miss
SS_4e1cead89a71,SS,anomalia,Sensor Atascado,normal,normal,fail,272.0,27.0,100.0,XHINT,100.0,XHINV,,,,,,,,,,,A_binary_miss
SS_426371a96a8a,SS,anomalia,Sensor Atascado,normal,normal,fail,272.0,27.0,100.0,XHINT,100.0,XHINV,,,,,,,,,,,A_binary_miss
SS_8456ea94403f,SS,anomalia,Sensor Atascado,normal,normal,fail,272.0,27.0,100.0,XHINT,100.0,XHINV,,,,,,,,,,,A_binary_miss
SS_2568a74bd3ee,SS,anomalia,Sensor Atascado,normal,normal,fail,272.0,27.0,100.0,XHINT,100.0,XHINV,,,,,,,,,,,A_binary_miss
SS_e1ee26590763,SS,anomalia,Sensor Atascado,normal,normal,fail,272.0,27.0,100.0,XHINT,100.0,XHINV,,,,,,,,,,,A_binary_miss
SS_9277148929b0,SS,anomalia,Sensor Atascado,normal,normal,fail,272.0,27.0,100.0,XHINT,100.0,XHINV,,,,,,,,,,,A_binary_miss
SS_da8d36a200e2,SS,anomalia,Sensor Atascado,normal,normal,fail,272.0,27.0,100.0,XHINT,100.0,XHINV,,,,,,,,,,,A_binary_miss
SS_34e48c5b4895,SS,anomalia,Sensor Atascado,normal,normal,fail,272.0,27.0,100.0,XHINT,100.0,XHINV,,,,,,,,,,,A_binary_miss
SS_8d4c190c6276,SS,anomalia,Sensor Atascado,normal,normal,fail,272.0,27.0,100.0,XHINT,100.0,XHINV,,,,,,,,,,,A_binary_miss
SS_30947777235d,SS,anomalia,Sensor Atascado,normal,normal,fail,272.0,27.0,100.0,XHINT,100.0,XHINV,,,,,,,,,,,A_binary_miss
SS_89973252f267,SS,anomalia,Sensor Atascado,normal,normal,fail,272.0,27.0,100.0,XHINT,100.0,XHINV,,,,,,,,,,,A_binary_miss
SS_e65a756a9215,SS,anomalia,Sensor Atascado,normal,normal,fail,272.0,27.0,100.0,XHINT,100.0,XHINV,,,,,,,,,,,A_binary_miss
SS_e0ad7b987d11,SS,anomalia,Sensor Atascado,normal,normal,fail,272.0,27.0,100.0,XHINT,100.0,XHINV,,,,,,,,,,,A_binary_miss
SS_6c1b66990bbf,SS,anomalia,Sensor Atascado,normal,normal,fail,272.0,27.0,100.0,XHINT,100.0,XHINV,,,,,,,,,,,A_binary_miss
SS_988d17067ce6,SS,anomalia,Sensor Atascado,normal,normal,fail,272.0,27.0,100.0,XHINT,100.0,XHINV,,,,,,,,,,,A_binary_miss
SS_205e6ae42b53,SS,anomalia,Sensor Atascado,normal,normal,fail,272.0,27.0,100.0,XHINT,100.0,XHINV,,,,,,,,,,,A_binary_miss
SS_d0ee7338f03a,SS,anomalia,Sensor Atascado,normal,normal,fail,272.0,27.0,100.0,XHINT,100.0,XHINV,,,,,,,,,,,A_binary_miss
SS_46ac1076c952,SS,anomalia,Sensor Atascado,normal,normal,fail,272.0,27.0,100.0,XHINT,100.0,XHINV,,,,,,,,,,,A_binary_miss
SS_c8257220f217,SS,anomalia,Sensor Atascado,normal,normal,fail,272.0,27.0,100.0,XHINT,100.0,XHINV,,,,,,,,,,,A_binary_miss
SS_4a95d3b27dba,SS,anomalia,Sensor Atascado,normal,normal,fail,272.0,27.0,100.0,XHINT,100.0,XHINV,,,,,,,,,,,A_binary_miss
SS_aae57bf5eb49,SS,anomalia,Sensor Atascado,normal,normal,fail,272.0,27.0,100.0,XHINT,100.0,XHINV,,,,,,,,,,,A_binary_miss
SS_968a3676295a,SS,anomalia,Sensor Atascado,normal,normal,fail,272.0,27.0,100.0,XHINT,100.0,XHINV,,,,,,,,,,,A_binary_miss
SS_1a82cb287484,SS,anomalia,Sensor Atascado,normal,normal,fail,272.0,27.0,100.0,XHINT,100.0,XHINV,,,,,,,,,,,A_binary_miss
SS_6cc8098c4ff8,SS,anomalia,Sensor Atascado,normal,normal,fail,272.0,27.0,100.0,XHINT,100.0,XHINV,,,,,,,,,,,A_binary_miss
SS_abd9d1597b59,SS,anomalia,Sensor Atascado,normal,normal,fail,272.0,27.0,100.0,XHINT,100.0,XHINV,,,,,,,,,,,A_binary_miss
SS_cce041e9e1be,SS,anomalia,Sensor Atascado,normal,normal,fail,272.0,27.0,100.0,XHINT,100.0,XHINV,,,,,,,,,,,A_binary_miss
SS_1a39e9d2371f,SS,anomalia,Sensor Atascado,normal,normal,fail,272.0,27.0,100.0,XHINT,100.0,XHINV,,,,,,,,,,,A_binary_miss
SS_124fc224cf0c,SS,anomalia,Sensor Atascado,normal,normal,fail,272.0,27.0,100.0,XHINT,100.0,XHINV,,,,,,,,,,,A_binary_miss
SS_55ab1b23fb31,SS,anomalia,Sensor Atascado,normal,normal,fail,272.0,27.0,100.0,XHINT,100.0,XHINV,,,,,,,,,,,A_binary_miss
SS_0f393946d3a4,SS,anomalia,Sensor Atascado,normal,normal,fail,272.0,27.0,100.0,XHINT,100.0,XHINV,,,,,,,,,,,A_binary_miss
SS_1f2905bb093c,SS,anomalia,Sensor Atascado,normal,normal,fail,159.0,30.0,100.0,XHINT,100.0,XHINV,,,,,,,,,,,A_binary_miss
SS_71154596b144,SS,anomalia,Sensor Atascado,normal,normal,fail,159.0,30.0,100.0,XHINT,100.0,XHINV,,,,,,,,,,,A_binary_miss
SS_426138891f22,SS,anomalia,Sensor Atascado,normal,normal,fail,159.0,30.0,100.0,XHINT,100.0,XHINV,,,,,,,,,,,A_binary_miss
SS_92f96f5d301c,SS,anomalia,Sensor Atascado,normal,normal,fail,159.0,30.0,100.0,XHINT,100.0,XHINV,,,,,,,,,,,A_binary_miss
SS_8e3489976925,SS,anomalia,Sensor Atascado,normal,normal,fail,159.0,30.0,100.0,XHINT,100.0,XHINV,,,,,,,,,,,A_binary_miss
SS_d4967441f8f4,SS,anomalia,Sensor Atascado,normal,normal,fail,159.0,30.0,100.0,XHINT,100.0,XHINV,,,,,,,,,,,A_binary_miss
SS_a2f07e497e1c,SS,anomalia,Sensor Atascado,normal,normal,fail,159.0,30.0,100.0,XHINT,100.0,XHINV,,,,,,,,,,,A_binary_miss
SS_cd7a58329f79,SS,anomalia,Sensor Atascado,normal,normal,fail,159.0,30.0,100.0,XHINT,100.0,XHINV,,,,,,,,,,,A_binary_miss
SS_ebc0a6760396,SS,anomalia,Sensor Atascado,normal,normal,fail,159.0,30.0,100.0,XHINT,100.0,XHINV,,,,,,,,,,,A_binary_miss
SS_2c14f2205497,SS,anomalia,Sensor Atascado,normal,normal,fail,159.0,30.0,100.0,XHINT,100.0,XHINV,,,,,,,,,,,A_binary_miss
SS_6c8d44de04db,SS,anomalia,Sensor Atascado,normal,normal,fail,159.0,30.0,100.0,XHINT,100.0,XHINV,,,,,,,,,,,A_binary_miss
SS_8b12d9cad5a5,SS,anomalia,Sensor Atascado,normal,normal,fail,159.0,30.0,100.0,XHINT,100.0,XHINV,,,,,,,,,,,A_binary_miss
SS_d5d12b9584e2,SS,anomalia,Sensor Atascado,normal,normal,fail,159.0,30.0,100.0,XHINT,100.0,XHINV,,,,,,,,,,,A_binary_miss
SS_4155290df903,SS,anomalia,Sensor Atascado,normal,normal,fail,159.0,30.0,100.0,XHINT,100.0,XHINV,,,,,,,,,,,A_binary_miss
SS_6b09966dd4c2,SS,anomalia,Sensor Atascado,normal,normal,fail,159.0,30.0,100.0,XHINT,100.0,XHINV,,,,,,,,,,,A_binary_miss
SS_a886b7a68582,SS,anomalia,Sensor Atascado,normal,normal,fail,159.0,30.0,100.0,XHINT,100.0,XHINV,,,,,,,,,,,A_binary_miss
SS_72b08525c666,SS,anomalia,Sensor Atascado,normal,normal,fail,159.0,30.0,100.0,XHINT,100.0,XHINV,,,,,,,,,,,A_binary_miss
SS_f7a2f457a7d3,SS,anomalia,Sensor Atascado,normal,normal,fail,159.0,30.0,100.0,XHINT,100.0,XHINV,,,,,,,,,,,A_binary_miss
SS_3f616475ffd0,SS,anomalia,Sensor Atascado,normal,normal,fail,159.0,30.0,100.0,XHINT,100.0,XHINV,,,,,,,,,,,A_binary_miss
SS_d896444691a5,SS,anomalia,Sensor Atascado,normal,normal,fail,159.0,30.0,100.0,XHINT,100.0,XHINV,,,,,,,,,,,A_binary_miss
SS_46b661138ea6,SS,anomalia,Sensor Atascado,normal,normal,fail,159.0,30.0,100.0,XHINT,100.0,XHINV,,,,,,,,,,,A_binary_miss
SS_730287709bb4,SS,anomalia,Sensor Atascado,normal,normal,fail,159.0,30.0,100.0,XHINT,100.0,XHINV,,,,,,,,,,,A_binary_miss
SS_94aa67c15003,SS,anomalia,Sensor Atascado,normal,normal,fail,159.0,30.0,100.0,XHINT,100.0,XHINV,,,,,,,,,,,A_binary_miss
SS_e9caa3f3a586,SS,anomalia,Sensor Atascado,normal,normal,fail,159.0,30.0,100.0,XHINT,100.0,XHINV,,,,,,,,,,,A_binary_miss
SS_aa95f407607e,SS,anomalia,Sensor Atascado,normal,normal,fail,159.0,30.0,100.0,XHINT,100.0,XHINV,,,,,,,,,,,A_binary_miss
SS_44f16d933273,SS,anomalia,Sensor Atascado,normal,normal,fail,159.0,30.0,100.0,XHINT,100.0,XHINV,,,,,,,,,,,A_binary_miss
SS_da2db19698b2,SS,anomalia,Sensor Atascado,normal,normal,fail,159.0,30.0,100.0,XHINT,100.0,XHINV,,,,,,,,,,,A_binary_miss
SS_220296721d1a,SS,anomalia,Sensor Atascado,normal,normal,fail,159.0,30.0,100.0,XHINT,100.0,XHINV,,,,,,,,,,,A_binary_miss
SS_db698742b74f,SS,anomalia,Sensor Atascado,normal,normal,fail,159.0,30.0,100.0,XHINT,100.0,XHINV,,,,,,,,,,,A_binary_miss
SS_f9be13d1e683,SS,anomalia,Sensor Atascado,normal,normal,fail,159.0,30.0,100.0,XHINT,100.0,XHINV,,,,,,,,,,,A_binary_miss
SS_08d85ab31151,SS,anomalia,Sensor Atascado,normal,normal,fail,159.0,30.0,100.0,XHINT,100.0,XHINV,,,,,,,,,,,A_binary_miss
SS_d57785b8af0e,SS,anomalia,Sensor Atascado,normal,normal,fail,159.0,30.0,100.0,XHINT,100.0,XHINV,,,,,,,,,,,A_binary_miss
SS_39230518bdf0,SS,anomalia,Sensor Atascado,normal,normal,fail,159.0,30.0,100.0,XHINT,100.0,XHINV,,,,,,,,,,,A_binary_miss
SS_5806c35603a0,SS,anomalia,Sensor Atascado,normal,normal,fail,159.0,30.0,100.0,XHINT,100.0,XHINV,,,,,,,,,,,A_binary_miss
SS_bece66a91451,SS,anomalia,Sensor Atascado,normal,normal,fail,159.0,30.0,100.0,XHINT,100.0,XHINV,,,,,,,,,,,A_binary_miss
SS_1a931a6f3fc9,SS,anomalia,Sensor Atascado,normal,normal,fail,159.0,30.0,100.0,XHINT,100.0,XHINV,,,,,,,,,,,A_binary_miss
SS_b0537731d711,SS,anomalia,Sensor Atascado,normal,normal,fail,159.0,30.0,100.0,XHINT,100.0,XHINV,,,,,,,,,,,A_binary_miss
SS_8bcb7aecba4f,SS,anomalia,Sensor Atascado,normal,normal,fail,159.0,30.0,100.0,XHINT,100.0,XHINV,,,,,,,,,,,A_binary_miss
SS_591a520e0db4,SS,anomalia,Sensor Atascado,normal,normal,fail,159.0,30.0,100.0,XHINT,100.0,XHINV,,,,,,,,,,,A_binary_miss
SS_f75760c62f21,SS,anomalia,Sensor Atascado,normal,normal,fail,159.0,30.0,100.0,XHINT,100.0,XHINV,,,,,,,,,,,A_binary_miss
SS_15380136d636,SS,anomalia,Sensor Atascado,normal,normal,fail,159.0,30.0,100.0,XHINT,100.0,XHINV,,,,,,,,,,,A_binary_miss
SS_e826ea62cbac,SS,anomalia,Sensor Atascado,normal,normal,fail,159.0,30.0,100.0,XHINT,100.0,XHINV,,,,,,,,,,,A_binary_miss
SS_c2fe5c56c247,SS,anomalia,Sensor Atascado,normal,normal,fail,159.0,30.0,100.0,XHINT,100.0,XHINV,,,,,,,,,,,A_binary_miss
SS_ed01a45e629b,SS,anomalia,Sensor Atascado,normal,normal,fail,159.0,30.0,100.0,XHINT,100.0,XHINV,,,,,,,,,,,A_binary_miss
SS_c8d923932ab5,SS,anomalia,Sensor Atascado,normal,normal,fail,159.0,30.0,100.0,XHINT,100.0,XHINV,,,,,,,,,,,A_binary_miss
SS_100bdf3a5dca,SS,anomalia,Sensor Atascado,normal,normal,fail,159.0,30.0,100.0,XHINT,100.0,XHINV,,,,,,,,,,,A_binary_miss
SS_92400f68ec5c,SS,anomalia,Sensor Atascado,normal,normal,fail,159.0,30.0,100.0,XHINT,100.0,XHINV,,,,,,,,,,,A_binary_miss
SS_90c7be99e386,SS,anomalia,Sensor Atascado,normal,normal,fail,159.0,30.0,100.0,XHINT,100.0,XHINV,,,,,,,,,,,A_binary_miss
SS_18b685ba428a,SS,anomalia,Sensor Atascado,normal,normal,fail,159.0,30.0,100.0,XHINT,100.0,XHINV,,,,,,,,,,,A_binary_miss
SS_42be012e38c2,SS,anomalia,Sensor Atascado,normal,normal,fail,159.0,30.0,100.0,XHINT,100.0,XHINV,,,,,,,,,,,A_binary_miss
SS_fe71b1df95b3,SS,anomalia,Sensor Atascado,normal,normal,fail,159.0,30.0,100.0,XHINT,100.0,XHINV,,,,,,,,,,,A_binary_miss
SS_61e9913e2dcb,SS,anomalia,Sensor Atascado,normal,normal,fail,159.0,30.0,100.0,XHINT,100.0,XHINV,,,,,,,,,,,A_binary_miss
SS_193972a6e76a,SS,anomalia,Sensor Atascado,normal,normal,fail,159.0,30.0,100.0,XHINT,100.0,XHINV,,,,,,,,,,,A_binary_miss
SS_d55444717abd,SS,anomalia,Sensor Atascado,normal,normal,fail,159.0,30.0,100.0,XHINT,100.0,XHINV,,,,,,,,,,,A_binary_miss
SS_309a882fd17c,SS,anomalia,Sensor Atascado,normal,normal,fail,159.0,30.0,100.0,XHINT,100.0,XHINV,,,,,,,,,,,A_binary_miss
SS_834fe0cdd777,SS,anomalia,Sensor Atascado,normal,normal,fail,159.0,30.0,100.0,XHINT,100.0,XHINV,,,,,,,,,,,A_binary_miss
SS_3ef297c5855e,SS,anomalia,Sensor Atascado,normal,normal,fail,159.0,30.0,100.0,XHINT,100.0,XHINV,,,,,,,,,,,A_binary_miss
SS_0ea538084d8a,SS,anomalia,Sensor Atascado,normal,normal,fail,159.0,30.0,100.0,XHINT,100.0,XHINV,,,,,,,,,,,A_binary_miss
SS_af50438860db,SS,anomalia,Sensor Atascado,normal,normal,fail,159.0,30.0,100.0,XHINT,100.0,XHINV,,,,,,,,,,,A_binary_miss
SS_628f7d3a3845,SS,anomalia,Sensor Atascado,normal,normal,fail,159.0,30.0,100.0,XHINT,100.0,XHINV,,,,,,,,,,,A_binary_miss
SS_e90c6f426dcc,SS,anomalia,Sensor Atascado,normal,normal,fail,159.0,30.0,100.0,XHINT,100.0,XHINV,,,,,,,,,,,A_binary_miss
SS_c6e109802200,SS,anomalia,Sensor Atascado,normal,normal,fail,31.0,40.0,31.0,XTINT,100.0,XTINV,,,,,,,,,,,A_binary_miss
SS_5a979f3e1b95,SS,anomalia,Sensor Atascado,normal,normal,fail,31.0,40.0,31.0,XTINT,100.0,XTINV,,,,,,,,,,,A_binary_miss
SS_fb868dbb8e9a,SS,anomalia,Sensor Atascado,normal,normal,fail,31.0,40.0,31.0,XTINT,100.0,XTINV,,,,,,,,,,,A_binary_miss
SS_cd40c627a7aa,SS,anomalia,Sensor Atascado,normal,normal,fail,31.0,40.0,31.0,XTINT,100.0,XTINV,,,,,,,,,,,A_binary_miss
SS_08f9fa35e96a,SS,anomalia,Sensor Atascado,normal,normal,fail,31.0,40.0,31.0,XTINT,100.0,XTINV,,,,,,,,,,,A_binary_miss
SS_168da9758aae,SS,anomalia,Sensor Atascado,normal,normal,fail,31.0,40.0,31.0,XTINT,100.0,XTINV,,,,,,,,,,,A_binary_miss
SS_aec6ec791553,SS,anomalia,Sensor Atascado,normal,normal,fail,31.0,40.0,31.0,XTINT,100.0,XTINV,,,,,,,,,,,A_binary_miss
SS_4ea4ea17443f,SS,anomalia,Sensor Atascado,normal,normal,fail,31.0,40.0,31.0,XTINT,100.0,XTINV,,,,,,,,,,,A_binary_miss
SS_b7b2617ec0d8,SS,anomalia,Sensor Atascado,normal,normal,fail,31.0,40.0,31.0,XTINT,100.0,XTINV,,,,,,,,,,,A_binary_miss
SS_448512dd20c8,SS,anomalia,Sensor Atascado,normal,normal,fail,31.0,40.0,31.0,XTINT,100.0,XTINV,,,,,,,,,,,A_binary_miss
SS_bdd51a135387,SS,anomalia,Sensor Atascado,normal,normal,fail,31.0,40.0,31.0,XTINT,100.0,XTINV,,,,,,,,,,,A_binary_miss
SS_5114fb6cfaa7,SS,anomalia,Sensor Atascado,normal,normal,fail,31.0,40.0,31.0,XTINT,100.0,XTINV,,,,,,,,,,,A_binary_miss
SS_443d5f0c5109,SS,anomalia,Sensor Atascado,normal,normal,fail,31.0,40.0,31.0,XTINT,100.0,XTINV,,,,,,,,,,,A_binary_miss
SS_cb90b6f9404a,SS,anomalia,Sensor Atascado,normal,normal,fail,31.0,40.0,31.0,XTINT,100.0,XTINV,,,,,,,,,,,A_binary_miss
SS_ec9c8c84ab88,SS,anomalia,Sensor Atascado,normal,normal,fail,31.0,40.0,31.0,XTINT,100.0,XTINV,,,,,,,,,,,A_binary_miss
SS_3b556a6f1e2f,SS,anomalia,Sensor Atascado,normal,normal,fail,31.0,40.0,31.0,XTINT,100.0,XTINV,,,,,,,,,,,A_binary_miss
SS_c3e61d626247,SS,anomalia,Sensor Atascado,normal,normal,fail,31.0,40.0,31.0,XTINT,100.0,XTINV,,,,,,,,,,,A_binary_miss
SS_e2af9f28d0b9,SS,anomalia,Sensor Atascado,normal,normal,fail,31.0,40.0,31.0,XTINT,100.0,XTINV,,,,,,,,,,,A_binary_miss
SS_c9c1c7485ca2,SS,anomalia,Sensor Atascado,normal,normal,fail,9.0,45.0,9.0,XTINT,100.0,XTINV,,,,,,,,,,,A_binary_miss
SS_30db73e6cf41,SS,anomalia,Sensor Atascado,normal,normal,fail,9.0,45.0,9.0,XTINT,100.0,XTINV,,,,,,,,,,,A_binary_miss
SS_c76bd384efd5,SS,anomalia,Sensor Atascado,normal,normal,fail,9.0,45.0,9.0,XTINT,100.0,XTINV,,,,,,,,,,,A_binary_miss
SS_e358b127ccbd,SS,anomalia,Sensor Atascado,normal,normal,fail,9.0,45.0,9.0,XTINT,100.0,XTINV,,,,,,,,,,,A_binary_miss
SS_17ec0fe98043,SS,anomalia,Sensor Atascado,normal,normal,fail,9.0,45.0,9.0,XTINT,100.0,XTINV,,,,,,,,,,,A_binary_miss
SS_da910ac82b06,SS,anomalia,Sensor Atascado,normal,normal,fail,9.0,45.0,9.0,XTINT,100.0,XTINV,,,,,,,,,,,A_binary_miss
SS_90baba5a5668,SS,anomalia,Sensor Atascado,normal,normal,fail,9.0,45.0,9.0,XTINT,100.0,XTINV,,,,,,,,,,,A_binary_miss
SS_ad57db9421bd,SS,anomalia,Sensor Atascado,normal,normal,fail,6.0,50.0,6.0,XTINT,100.0,XTINV,,,,,,,,,,,A_binary_miss
SS_dbf1a5b8f1cb,SS,anomalia,Sensor Atascado,normal,normal,fail,6.0,50.0,6.0,XTINT,100.0,XTINV,,,,,,,,,,,A_binary_miss
SS_7d74a838ac47,SS,anomalia,Sensor Atascado,normal,normal,fail,6.0,50.0,6.0,XTINT,100.0,XTINV,,,,,,,,,,,A_binary_miss
SS_4b6837253f14,SS,anomalia,Sensor Atascado,normal,normal,fail,6.0,50.0,6.0,XTINT,100.0,XTINV,,,,,,,,,,,A_binary_miss
SS_339b5df97f38,SS,anomalia,Sensor Atascado,normal,normal,fail,2.0,55.0,2.0,XTINT,100.0,XTINV,,,,,,,,,,,A_binary_miss
N_ce44197f75ab,N,anomalia,Ruido,normal,normal,fail,,,,DCO2EXT,,PCO2EXT,-1.0,25.0,,,,,,,,,A_binary_miss
N_3106df60dced,N,anomalia,Ruido,normal,normal,fail,,,,DCO2EXT,,PCO2EXT,-1.0,25.0,,,,,,,,,A_binary_miss
N_202aee3c978f,N,anomalia,Ruido,normal,normal,fail,,,,DCO2EXT,,PCO2EXT,-1.0,25.0,,,,,,,,,A_binary_miss
N_382e216bde80,N,anomalia,Ruido,normal,normal,fail,,,,DCO2EXT,,PCO2EXT,-1.0,25.0,,,,,,,,,A_binary_miss
N_a33ce3e6033b,N,anomalia,Ruido,normal,normal,fail,,,,DCO2EXT,,PCO2EXT,-1.0,25.0,,,,,,,,,A_binary_miss
N_3706a130eaef,N,anomalia,Ruido,normal,normal,fail,,,,DCO2EXT,,PCO2EXT,-1.0,25.0,,,,,,,,,A_binary_miss
N_f2dd8daf7918,N,anomalia,Ruido,normal,normal,fail,,,,DCO2EXT,,PCO2EXT,-1.0,25.0,,,,,,,,,A_binary_miss
N_aae8db590ffe,N,anomalia,Ruido,normal,normal,fail,,,,DCO2EXT,,PCO2EXT,-1.0,25.0,,,,,,,,,A_binary_miss
N_3d59644a942a,N,anomalia,Ruido,normal,normal,fail,,,,DCO2EXT,,PCO2EXT,-1.0,25.0,,,,,,,,,A_binary_miss
N_03129a18257b,N,anomalia,Ruido,normal,normal,fail,,,,DCO2EXT,,PCO2EXT,-1.0,25.0,,,,,,,,,A_binary_miss
N_e9a9d0cdf023,N,anomalia,Ruido,normal,normal,fail,,,,DCO2EXT,,PCO2EXT,-1.0,25.0,,,,,,,,,A_binary_miss
N_3c8c7337986a,N,anomalia,Ruido,normal,normal,fail,,,,DCO2EXT,,PCO2EXT,-1.0,25.0,,,,,,,,,A_binary_miss
N_998e9f150789,N,anomalia,Ruido,normal,normal,fail,,,,DCO2EXT,,PCO2EXT,-1.0,25.0,,,,,,,,,A_binary_miss
N_005733742aa2,N,anomalia,Ruido,normal,normal,fail,,,,DCO2EXT,,PCO2EXT,-1.0,25.0,,,,,,,,,A_binary_miss
N_00a3e9c9d71b,N,anomalia,Ruido,normal,normal,fail,,,,DCO2EXT,,PCO2EXT,-1.0,25.0,,,,,,,,,A_binary_miss
N_f88f99a46343,N,anomalia,Ruido,normal,normal,fail,,,,DCO2EXT,,PCO2EXT,-1.0,25.0,,,,,,,,,A_binary_miss
N_884c83f7cceb,N,anomalia,Ruido,normal,normal,fail,,,,DCO2EXT,,PCO2EXT,-1.0,25.0,,,,,,,,,A_binary_miss
N_0150b37cdf3f,N,anomalia,Ruido,normal,normal,fail,,,,DCO2EXT,,PCO2EXT,-1.0,25.0,,,,,,,,,A_binary_miss
N_4439e6ed7a59,N,anomalia,Ruido,normal,normal,fail,,,,DCO2EXT,,PCO2EXT,-1.0,25.0,,,,,,,,,A_binary_miss
N_5501f9fd7511,N,anomalia,Ruido,normal,normal,fail,,,,DCO2EXT,,PCO2EXT,-1.0,25.0,,,,,,,,,A_binary_miss
N_c070584d8de7,N,anomalia,Ruido,normal,normal,fail,,,,DCO2EXT,,PCO2EXT,-1.0,25.0,,,,,,,,,A_binary_miss
N_2d0daeaef9e4,N,anomalia,Ruido,normal,normal,fail,,,,DCO2EXT,,PCO2EXT,-1.0,25.0,,,,,,,,,A_binary_miss
N_a5d342635f79,N,anomalia,Ruido,normal,normal,fail,,,,DCO2EXT,,PCO2EXT,-1.0,25.0,,,,,,,,,A_binary_miss
N_c44251ad14df,N,anomalia,Ruido,normal,normal,fail,,,,DCO2EXT,,PCO2EXT,-1.0,37.5,,,,,,,,,A_binary_miss
N_520a914147c2,N,anomalia,Ruido,normal,normal,fail,,,,DCO2EXT,,PCO2EXT,-1.0,37.5,,,,,,,,,A_binary_miss
N_6ceadbb38209,N,anomalia,Ruido,normal,normal,fail,,,,DCO2EXT,,PCO2EXT,-1.0,37.5,,,,,,,,,A_binary_miss
N_ccc9920af02f,N,anomalia,Ruido,normal,normal,fail,,,,DCO2EXT,,PCO2EXT,-1.0,37.5,,,,,,,,,A_binary_miss
N_dd5edc67e805,N,anomalia,Ruido,normal,normal,fail,,,,DCO2EXT,,PCO2EXT,-1.0,62.5,,,,,,,,,A_binary_miss
N_12646bafab6a,N,anomalia,Ruido,normal,normal,fail,,,,DCO2EXT,,PCO2EXT,1.0,25.0,,,,,,,,,A_binary_miss
N_45de443ebcec,N,anomalia,Ruido,normal,normal,fail,,,,DCO2EXT,,PCO2EXT,1.0,25.0,,,,,,,,,A_binary_miss
N_9359020016c6,N,anomalia,Ruido,normal,normal,fail,,,,DCO2EXT,,PCO2EXT,1.0,25.0,,,,,,,,,A_binary_miss
N_07456405e50e,N,anomalia,Ruido,normal,normal,fail,,,,DCO2EXT,,PCO2EXT,1.0,25.0,,,,,,,,,A_binary_miss
N_9a0fb4dcb14e,N,anomalia,Ruido,normal,normal,fail,,,,DCO2EXT,,PCO2EXT,1.0,25.0,,,,,,,,,A_binary_miss
N_4d104a282370,N,anomalia,Ruido,normal,normal,fail,,,,DCO2EXT,,PCO2EXT,1.0,25.0,,,,,,,,,A_binary_miss
N_5c814e52c455,N,anomalia,Ruido,normal,normal,fail,,,,DCO2EXT,,PCO2EXT,1.0,25.0,,,,,,,,,A_binary_miss
N_1558b1765929,N,anomalia,Ruido,normal,normal,fail,,,,DCO2EXT,,PCO2EXT,1.0,25.0,,,,,,,,,A_binary_miss
N_95602379a558,N,anomalia,Ruido,normal,normal,fail,,,,DCO2EXT,,PCO2EXT,1.0,25.0,,,,,,,,,A_binary_miss
N_3ee585696010,N,anomalia,Ruido,normal,normal,fail,,,,DCO2EXT,,PCO2EXT,1.0,25.0,,,,,,,,,A_binary_miss
N_0d071eadc32e,N,anomalia,Ruido,normal,normal,fail,,,,DCO2EXT,,PCO2EXT,1.0,25.0,,,,,,,,,A_binary_miss
N_f08227b2cb7a,N,anomalia,Ruido,normal,normal,fail,,,,DCO2EXT,,PCO2EXT,1.0,25.0,,,,,,,,,A_binary_miss
N_4f9756f84ab1,N,anomalia,Ruido,normal,normal,fail,,,,DCO2EXT,,PCO2EXT,1.0,25.0,,,,,,,,,A_binary_miss
N_10f21129ba9c,N,anomalia,Ruido,normal,normal,fail,,,,DCO2EXT,,PCO2EXT,1.0,25.0,,,,,,,,,A_binary_miss
N_c7dfc9d6544e,N,anomalia,Ruido,normal,normal,fail,,,,DCO2EXT,,PCO2EXT,1.0,25.0,,,,,,,,,A_binary_miss
N_20e6e1b1bfae,N,anomalia,Ruido,normal,normal,fail,,,,DCO2EXT,,PCO2EXT,1.0,25.0,,,,,,,,,A_binary_miss
N_ba8c37bdd441,N,anomalia,Ruido,normal,normal,fail,,,,DCO2EXT,,PCO2EXT,1.0,25.0,,,,,,,,,A_binary_miss
N_4280c5e7ecc6,N,anomalia,Ruido,normal,normal,fail,,,,DCO2EXT,,PCO2EXT,1.0,25.0,,,,,,,,,A_binary_miss
N_0e233c7e1f9f,N,anomalia,Ruido,normal,normal,fail,,,,DCO2EXT,,PCO2EXT,1.0,25.0,,,,,,,,,A_binary_miss
N_32e853b434d5,N,anomalia,Ruido,normal,normal,fail,,,,DCO2EXT,,PCO2EXT,1.0,25.0,,,,,,,,,A_binary_miss
N_3cdaa7e6c828,N,anomalia,Ruido,normal,normal,fail,,,,DCO2EXT,,PCO2EXT,1.0,25.0,,,,,,,,,A_binary_miss
N_ce8a282850ff,N,anomalia,Ruido,normal,normal,fail,,,,DCO2EXT,,PCO2EXT,1.0,25.0,,,,,,,,,A_binary_miss
N_3a02511452aa,N,anomalia,Ruido,normal,normal,fail,,,,DCO2EXT,,PCO2EXT,1.0,25.0,,,,,,,,,A_binary_miss
N_d05792991011,N,anomalia,Ruido,normal,normal,fail,,,,DCO2EXT,,PCO2EXT,1.0,25.0,,,,,,,,,A_binary_miss
N_a03edc2dbbe5,N,anomalia,Ruido,normal,normal,fail,,,,DCO2EXT,,PCO2EXT,1.0,25.0,,,,,,,,,A_binary_miss
N_8897192cdae2,N,anomalia,Ruido,normal,normal,fail,,,,DCO2EXT,,PCO2EXT,1.0,25.0,,,,,,,,,A_binary_miss
N_aa308546d086,N,anomalia,Ruido,normal,normal,fail,,,,DCO2EXT,,PCO2EXT,1.0,25.0,,,,,,,,,A_binary_miss
N_4fab8ec1e16c,N,anomalia,Ruido,normal,normal,fail,,,,DCO2EXT,,PCO2EXT,1.0,25.0,,,,,,,,,A_binary_miss
N_cfdf9a9a05bc,N,anomalia,Ruido,normal,normal,fail,,,,DCO2EXT,,PCO2EXT,1.0,25.0,,,,,,,,,A_binary_miss
N_b198a2d24813,N,anomalia,Ruido,normal,normal,fail,,,,DCO2EXT,,PCO2EXT,1.0,25.0,,,,,,,,,A_binary_miss
N_9929aa99cec5,N,anomalia,Ruido,normal,normal,fail,,,,DCO2EXT,,PCO2EXT,1.0,37.5,,,,,,,,,A_binary_miss
N_778e5b17571f,N,anomalia,Ruido,normal,normal,fail,,,,DCO2EXT,,PCO2EXT,1.0,37.5,,,,,,,,,A_binary_miss
N_3b0231a29a10,N,anomalia,Ruido,normal,normal,fail,,,,DCO2EXT,,PCO2EXT,1.0,37.5,,,,,,,,,A_binary_miss
N_d064b6ae6585,N,anomalia,Ruido,normal,normal,fail,,,,DCO2EXT,,PCO2EXT,1.0,37.5,,,,,,,,,A_binary_miss
N_d1597566be9c,N,anomalia,Ruido,normal,normal,fail,,,,DCO2EXT,,PCO2EXT,1.0,37.5,,,,,,,,,A_binary_miss
N_8d93aba3c225,N,anomalia,Ruido,normal,normal,fail,,,,DCO2EXT,,PCO2EXT,1.0,37.5,,,,,,,,,A_binary_miss
N_a52f4e4c61fa,N,anomalia,Ruido,normal,normal,fail,,,,DCO2EXT,,PCO2EXT,1.0,37.5,,,,,,,,,A_binary_miss
N_44d6cb322a0c,N,anomalia,Ruido,normal,normal,fail,,,,DCO2EXT,,PCO2EXT,1.0,37.5,,,,,,,,,A_binary_miss
N_83b0f47b9db8,N,anomalia,Ruido,normal,normal,fail,,,,DCO2EXT,,PCO2EXT,1.0,37.5,,,,,,,,,A_binary_miss
N_f8d4ee10c9f1,N,anomalia,Ruido,normal,normal,fail,,,,DCO2EXT,,PCO2EXT,1.0,37.5,,,,,,,,,A_binary_miss
N_e7bc95ba7077,N,anomalia,Ruido,normal,normal,fail,,,,DCO2EXT,,PCO2EXT,1.0,37.5,,,,,,,,,A_binary_miss
N_dc5b0aeb6d2a,N,anomalia,Ruido,normal,normal,fail,,,,DCO2EXT,,PCO2EXT,1.0,37.5,,,,,,,,,A_binary_miss
N_3d462cdf830d,N,anomalia,Ruido,normal,normal,fail,,,,DCO2EXT,,PCO2EXT,1.0,37.5,,,,,,,,,A_binary_miss
N_f493d772fade,N,anomalia,Ruido,normal,normal,fail,,,,DCO2EXT,,PCO2EXT,1.0,37.5,,,,,,,,,A_binary_miss
N_bf80af5dbd9a,N,anomalia,Ruido,normal,normal,fail,,,,DCO2EXT,,PCO2EXT,1.0,37.5,,,,,,,,,A_binary_miss
N_98632eb7c9fe,N,anomalia,Ruido,normal,normal,fail,,,,DCO2EXT,,PCO2EXT,1.0,37.5,,,,,,,,,A_binary_miss
N_15de05930bf4,N,anomalia,Ruido,normal,normal,fail,,,,DCO2EXT,,PCO2EXT,1.0,37.5,,,,,,,,,A_binary_miss
N_47cc9d3dafdf,N,anomalia,Ruido,normal,normal,fail,,,,DCO2EXT,,PCO2EXT,1.0,62.5,,,,,,,,,A_binary_miss
N_745da13d3bcb,N,anomalia,Ruido,normal,normal,fail,,,,DCO2EXT,,PCO2EXT,1.0,62.5,,,,,,,,,A_binary_miss
N_c8114d743ca8,N,anomalia,Ruido,normal,normal,fail,,,,DHEXT,,PHEXT,-1.0,10.0,,,,,,,,,A_binary_miss
N_15039ccd531a,N,anomalia,Ruido,normal,normal,fail,,,,DHEXT,,PHEXT,-1.0,10.0,,,,,,,,,A_binary_miss
N_3da9a3990ecd,N,anomalia,Ruido,normal,normal,fail,,,,DHEXT,,PHEXT,-1.0,10.0,,,,,,,,,A_binary_miss
N_7469411bb85b,N,anomalia,Ruido,normal,normal,fail,,,,DHEXT,,PHEXT,-1.0,10.0,,,,,,,,,A_binary_miss
N_e7bcc4ba5b45,N,anomalia,Ruido,normal,normal,fail,,,,DHEXT,,PHEXT,-1.0,10.0,,,,,,,,,A_binary_miss
N_6e3c533fb172,N,anomalia,Ruido,normal,normal,fail,,,,DHEXT,,PHEXT,-1.0,10.0,,,,,,,,,A_binary_miss
N_9cb97b5bcc23,N,anomalia,Ruido,normal,normal,fail,,,,DHEXT,,PHEXT,-1.0,10.0,,,,,,,,,A_binary_miss
N_efcf31e4c28c,N,anomalia,Ruido,normal,normal,fail,,,,DHEXT,,PHEXT,-1.0,10.0,,,,,,,,,A_binary_miss
N_422d63293c70,N,anomalia,Ruido,normal,normal,fail,,,,DHEXT,,PHEXT,-1.0,10.0,,,,,,,,,A_binary_miss
N_c4389a39879e,N,anomalia,Ruido,normal,normal,fail,,,,DHEXT,,PHEXT,-1.0,10.0,,,,,,,,,A_binary_miss
N_a11969e29ba6,N,anomalia,Ruido,normal,normal,fail,,,,DHEXT,,PHEXT,-1.0,10.0,,,,,,,,,A_binary_miss
N_6f71633d878c,N,anomalia,Ruido,normal,normal,fail,,,,DHEXT,,PHEXT,-1.0,13.75,,,,,,,,,A_binary_miss
N_05a5ca86ddbb,N,anomalia,Ruido,normal,normal,fail,,,,DHEXT,,PHEXT,-1.0,13.75,,,,,,,,,A_binary_miss
N_8bb44b3f4a71,N,anomalia,Ruido,normal,normal,fail,,,,DHEXT,,PHEXT,-1.0,13.75,,,,,,,,,A_binary_miss
N_0a797c0a6fc8,N,anomalia,Ruido,normal,normal,fail,,,,DHEXT,,PHEXT,-1.0,13.75,,,,,,,,,A_binary_miss
N_d0a97303d412,N,anomalia,Ruido,normal,normal,fail,,,,DHEXT,,PHEXT,-1.0,13.75,,,,,,,,,A_binary_miss
N_5dd1650a409b,N,anomalia,Ruido,normal,normal,fail,,,,DHEXT,,PHEXT,-1.0,17.5,,,,,,,,,A_binary_miss
N_d02b5d6f3a5c,N,anomalia,Ruido,normal,normal,fail,,,,DHEXT,,PHEXT,-1.0,17.5,,,,,,,,,A_binary_miss
N_026321bfa9f9,N,anomalia,Ruido,normal,normal,fail,,,,DHEXT,,PHEXT,-1.0,21.25,,,,,,,,,A_binary_miss
N_4f4f8b88a26a,N,anomalia,Ruido,normal,normal,fail,,,,DHEXT,,PHEXT,1.0,10.0,,,,,,,,,A_binary_miss
N_8c13cc75664d,N,anomalia,Ruido,normal,normal,fail,,,,DHEXT,,PHEXT,1.0,10.0,,,,,,,,,A_binary_miss
N_69721072102d,N,anomalia,Ruido,normal,normal,fail,,,,DHEXT,,PHEXT,1.0,10.0,,,,,,,,,A_binary_miss
N_12baaa4849b2,N,anomalia,Ruido,normal,normal,fail,,,,DHEXT,,PHEXT,1.0,10.0,,,,,,,,,A_binary_miss
N_28b339a013b2,N,anomalia,Ruido,normal,normal,fail,,,,DHEXT,,PHEXT,1.0,10.0,,,,,,,,,A_binary_miss
N_3d9d354e2edf,N,anomalia,Ruido,normal,normal,fail,,,,DHEXT,,PHEXT,1.0,10.0,,,,,,,,,A_binary_miss
N_2b5d6129edf2,N,anomalia,Ruido,normal,normal,fail,,,,DHEXT,,PHEXT,1.0,10.0,,,,,,,,,A_binary_miss
N_444576e79c45,N,anomalia,Ruido,normal,normal,fail,,,,DHEXT,,PHEXT,1.0,10.0,,,,,,,,,A_binary_miss
N_8320e5024f22,N,anomalia,Ruido,normal,normal,fail,,,,DHEXT,,PHEXT,1.0,10.0,,,,,,,,,A_binary_miss
N_12870892d4bf,N,anomalia,Ruido,normal,normal,fail,,,,DHEXT,,PHEXT,1.0,10.0,,,,,,,,,A_binary_miss
N_1d29ebe6c270,N,anomalia,Ruido,normal,normal,fail,,,,DHEXT,,PHEXT,1.0,10.0,,,,,,,,,A_binary_miss
N_932fd44e402e,N,anomalia,Ruido,normal,normal,fail,,,,DHEXT,,PHEXT,1.0,10.0,,,,,,,,,A_binary_miss
N_ec450fbce8ba,N,anomalia,Ruido,normal,normal,fail,,,,DHEXT,,PHEXT,1.0,10.0,,,,,,,,,A_binary_miss
N_07bc548fb316,N,anomalia,Ruido,normal,normal,fail,,,,DHEXT,,PHEXT,1.0,10.0,,,,,,,,,A_binary_miss
N_2d78d5df8535,N,anomalia,Ruido,normal,normal,fail,,,,DHEXT,,PHEXT,1.0,10.0,,,,,,,,,A_binary_miss
N_ce14a446936e,N,anomalia,Ruido,normal,normal,fail,,,,DHEXT,,PHEXT,1.0,13.75,,,,,,,,,A_binary_miss
N_7a089f47bc12,N,anomalia,Ruido,normal,normal,fail,,,,DHEXT,,PHEXT,1.0,21.25,,,,,,,,,A_binary_miss
N_75bad37c3f60,N,anomalia,Ruido,normal,normal,fail,,,,DHEXT,,PHEXT,1.0,21.25,,,,,,,,,A_binary_miss
N_a4795b42a607,N,anomalia,Ruido,normal,normal,fail,,,,DHEXT,,PHEXT,1.0,25.0,,,,,,,,,A_binary_miss
N_5cb571c8408a,N,anomalia,Ruido,normal,normal,fail,,,,DGREXT,,PRAD,1.0,150.0,,,,,,,,,A_binary_miss
N_5d7878ba670d,N,anomalia,Ruido,normal,normal,fail,,,,DGREXT,,PRAD,1.0,150.0,,,,,,,,,A_binary_miss
N_c5ac7b2bba50,N,anomalia,Ruido,normal,normal,fail,,,,DGREXT,,PRAD,1.0,150.0,,,,,,,,,A_binary_miss
N_c0fe380df0a4,N,anomalia,Ruido,anomalia,Desviacion de Correlacion,fail,,,,DGREXT,,PRAD,1.0,150.0,,,,,,,,,B_type_mismatch
N_4f9c3b765b8e,N,anomalia,Ruido,anomalia,Desviacion de Correlacion,fail,,,,DGREXT,,PRAD,1.0,150.0,,,,,,,,,B_type_mismatch
N_ec0432e5a4b8,N,anomalia,Ruido,anomalia,Desviacion de Correlacion,fail,,,,DGREXT,,PRAD,1.0,237.5,,,,,,,,,B_type_mismatch
N_d531f36f8c0f,N,anomalia,Ruido,anomalia,Desviacion de Correlacion,fail,,,,DGREXT,,PRAD,1.0,237.5,,,,,,,,,B_type_mismatch
N_dda66888c505,N,anomalia,Ruido,anomalia,Desviacion de Correlacion,fail,,,,DGREXT,,PRAD,1.0,237.5,,,,,,,,,B_type_mismatch
N_6faae63bccfb,N,anomalia,Ruido,normal,normal,fail,,,,DGREXT,,PRAD,1.0,237.5,,,,,,,,,A_binary_miss
N_91d89243ba68,N,anomalia,Ruido,anomalia,Desviacion de Correlacion,fail,,,,DGREXT,,PRAD,1.0,237.5,,,,,,,,,B_type_mismatch
N_9d1ff07fcaf1,N,anomalia,Ruido,anomalia,Desviacion de Correlacion,fail,,,,DGREXT,,PRAD,1.0,325.0,,,,,,,,,B_type_mismatch
N_013ce07f0660,N,anomalia,Ruido,anomalia,Desviacion de Correlacion,fail,,,,DGREXT,,PRAD,1.0,325.0,,,,,,,,,B_type_mismatch
N_d9d9e682d84e,N,anomalia,Ruido,anomalia,Desviacion de Correlacion,fail,,,,DGREXT,,PRAD,1.0,412.5,,,,,,,,,B_type_mismatch
N_024acb20ab67,N,anomalia,Ruido,anomalia,Desviacion de Correlacion,fail,,,,DGREXT,,PRAD,1.0,412.5,,,,,,,,,B_type_mismatch
N_20d3b28326f4,N,anomalia,Ruido,anomalia,Desviacion de Correlacion,fail,,,,DGREXT,,PRAD,1.0,500.0,,,,,,,,,B_type_mismatch
N_5f688d8980ca,N,anomalia,Ruido,anomalia,Desviacion de Correlacion,fail,,,,DGREXT,,PRAD,1.0,500.0,,,,,,,,,B_type_mismatch
N_552965d0f02f,N,anomalia,Ruido,anomalia,Desviacion de Correlacion,fail,,,,DGREXT,,PRAD,1.0,500.0,,,,,,,,,B_type_mismatch
N_e4f67c917dbb,N,anomalia,Ruido,anomalia,Desviacion de Correlacion,fail,,,,DGREXT,,PRAD,1.0,500.0,,,,,,,,,B_type_mismatch
N_621c1c6b0865,N,anomalia,Ruido,anomalia,Desviacion de Correlacion,fail,,,,DGREXT,,PRAD,1.0,500.0,,,,,,,,,B_type_mismatch
N_c345adacf1da,N,anomalia,Ruido,normal,normal,fail,,,,DTEXT,,PTEXT,-1.0,3.0,,,,,,,,,A_binary_miss
N_8a5349e87cf0,N,anomalia,Ruido,normal,normal,fail,,,,DTEXT,,PTEXT,-1.0,3.0,,,,,,,,,A_binary_miss
N_7d9f1e21c26a,N,anomalia,Ruido,normal,normal,fail,,,,DTEXT,,PTEXT,-1.0,3.0,,,,,,,,,A_binary_miss
N_e3b25e25cb99,N,anomalia,Ruido,normal,normal,fail,,,,DTEXT,,PTEXT,-1.0,3.0,,,,,,,,,A_binary_miss
N_68c9918e413d,N,anomalia,Ruido,normal,normal,fail,,,,DTEXT,,PTEXT,-1.0,3.0,,,,,,,,,A_binary_miss
N_d4f8fee3818e,N,anomalia,Ruido,normal,normal,fail,,,,DTEXT,,PTEXT,-1.0,3.0,,,,,,,,,A_binary_miss
N_ce4d71d72e97,N,anomalia,Ruido,normal,normal,fail,,,,DTEXT,,PTEXT,-1.0,3.0,,,,,,,,,A_binary_miss
N_88a02fa32c9c,N,anomalia,Ruido,normal,normal,fail,,,,DTEXT,,PTEXT,-1.0,3.0,,,,,,,,,A_binary_miss
N_f0679122f8c5,N,anomalia,Ruido,normal,normal,fail,,,,DTEXT,,PTEXT,-1.0,3.0,,,,,,,,,A_binary_miss
N_99edf9829fae,N,anomalia,Ruido,normal,normal,fail,,,,DTEXT,,PTEXT,-1.0,5.5,,,,,,,,,A_binary_miss
N_ed397ee01370,N,anomalia,Ruido,anomalia,Desviacion de Correlacion,fail,,,,DTEXT,,PTEXT,-1.0,6.75,,,,,,,,,B_type_mismatch
N_7d4db058ae39,N,anomalia,Ruido,anomalia,Desviacion de Correlacion,fail,,,,DTEXT,,PTEXT,-1.0,6.75,,,,,,,,,B_type_mismatch
N_bb7b908e0fb2,N,anomalia,Ruido,normal,normal,fail,,,,DTEXT,,PTEXT,1.0,3.0,,,,,,,,,A_binary_miss
N_7be30ff969b1,N,anomalia,Ruido,normal,normal,fail,,,,DTEXT,,PTEXT,1.0,3.0,,,,,,,,,A_binary_miss
N_2ec431c98bc4,N,anomalia,Ruido,normal,normal,fail,,,,DTEXT,,PTEXT,1.0,3.0,,,,,,,,,A_binary_miss
N_9e44724a952a,N,anomalia,Ruido,normal,normal,fail,,,,DTEXT,,PTEXT,1.0,4.25,,,,,,,,,A_binary_miss
N_5057972d0886,N,anomalia,Ruido,normal,normal,fail,,,,DTEXT,,PTEXT,1.0,4.25,,,,,,,,,A_binary_miss
N_09e948d30df5,N,anomalia,Ruido,normal,normal,fail,,,,DTEXT,,PTEXT,1.0,5.5,,,,,,,,,A_binary_miss
N_0cdd5d45a11b,N,anomalia,Ruido,normal,normal,fail,,,,DVEXT,,PVV,1.0,5.0,,,,,,,,,A_binary_miss
N_2ce2fe125cac,N,anomalia,Ruido,normal,normal,fail,,,,DVEXT,,PVV,1.0,5.0,,,,,,,,,A_binary_miss
N_adf699eec0c2,N,anomalia,Ruido,normal,normal,fail,,,,DVEXT,,PVV,1.0,5.0,,,,,,,,,A_binary_miss
N_9995a2e09bd6,N,anomalia,Ruido,normal,normal,fail,,,,DVEXT,,PVV,1.0,5.0,,,,,,,,,A_binary_miss
N_b755d8a53b5a,N,anomalia,Ruido,normal,normal,fail,,,,DVEXT,,PVV,1.0,5.0,,,,,,,,,A_binary_miss
N_787773db3b32,N,anomalia,Ruido,normal,normal,fail,,,,DVEXT,,PVV,1.0,5.0,,,,,,,,,A_binary_miss
N_073cc82e94c6,N,anomalia,Ruido,normal,normal,fail,,,,DVEXT,,PVV,1.0,5.0,,,,,,,,,A_binary_miss
N_c49b21921e64,N,anomalia,Ruido,normal,normal,fail,,,,DVEXT,,PVV,1.0,5.0,,,,,,,,,A_binary_miss
N_7383cdc70dc2,N,anomalia,Ruido,normal,normal,fail,,,,DVEXT,,PVV,1.0,5.0,,,,,,,,,A_binary_miss
N_2982145476f8,N,anomalia,Ruido,normal,normal,fail,,,,DVEXT,,PVV,1.0,5.0,,,,,,,,,A_binary_miss
N_9da522be911c,N,anomalia,Ruido,normal,normal,fail,,,,DVEXT,,PVV,1.0,5.0,,,,,,,,,A_binary_miss
N_3144fa4545f1,N,anomalia,Ruido,normal,normal,fail,,,,DVEXT,,PVV,1.0,5.0,,,,,,,,,A_binary_miss
N_b878c126ac7e,N,anomalia,Ruido,normal,normal,fail,,,,DVEXT,,PVV,1.0,5.0,,,,,,,,,A_binary_miss
N_b6f55c5a8bfa,N,anomalia,Ruido,normal,normal,fail,,,,DVEXT,,PVV,1.0,5.0,,,,,,,,,A_binary_miss
N_bd1062c171bb,N,anomalia,Ruido,normal,normal,fail,,,,DVEXT,,PVV,1.0,5.0,,,,,,,,,A_binary_miss
N_e3b50faef9f7,N,anomalia,Ruido,normal,normal,fail,,,,DVEXT,,PVV,1.0,5.0,,,,,,,,,A_binary_miss
N_c81da7f283e6,N,anomalia,Ruido,normal,normal,fail,,,,DVEXT,,PVV,1.0,5.0,,,,,,,,,A_binary_miss
N_45db1b0a6320,N,anomalia,Ruido,normal,normal,fail,,,,DVEXT,,PVV,1.0,5.0,,,,,,,,,A_binary_miss
N_0a6c5f9e2670,N,anomalia,Ruido,normal,normal,fail,,,,DVEXT,,PVV,1.0,5.0,,,,,,,,,A_binary_miss
N_3f15641457e2,N,anomalia,Ruido,normal,normal,fail,,,,DVEXT,,PVV,1.0,5.0,,,,,,,,,A_binary_miss
N_327309be0e88,N,anomalia,Ruido,normal,normal,fail,,,,DVEXT,,PVV,1.0,5.0,,,,,,,,,A_binary_miss
N_6332dbaa06ff,N,anomalia,Ruido,normal,normal,fail,,,,DVEXT,,PVV,1.0,5.0,,,,,,,,,A_binary_miss
N_2267c97272ad,N,anomalia,Ruido,normal,normal,fail,,,,DVEXT,,PVV,1.0,5.0,,,,,,,,,A_binary_miss
N_f9af0cc4626e,N,anomalia,Ruido,normal,normal,fail,,,,DVEXT,,PVV,1.0,5.0,,,,,,,,,A_binary_miss
N_638fdf8f02c1,N,anomalia,Ruido,normal,normal,fail,,,,DVEXT,,PVV,1.0,5.0,,,,,,,,,A_binary_miss
N_771f5b70b5ac,N,anomalia,Ruido,normal,normal,fail,,,,DVEXT,,PVV,1.0,5.0,,,,,,,,,A_binary_miss
N_b8e7e59922d3,N,anomalia,Ruido,normal,normal,fail,,,,DVEXT,,PVV,1.0,5.0,,,,,,,,,A_binary_miss
N_fb75296a4c11,N,anomalia,Ruido,normal,normal,fail,,,,DVEXT,,PVV,1.0,5.0,,,,,,,,,A_binary_miss
N_0caf8277b0b0,N,anomalia,Ruido,normal,normal,fail,,,,DVEXT,,PVV,1.0,5.0,,,,,,,,,A_binary_miss
N_261c85e8ed63,N,anomalia,Ruido,normal,normal,fail,,,,DVEXT,,PVV,1.0,5.0,,,,,,,,,A_binary_miss
N_5fc74a55eaf1,N,anomalia,Ruido,normal,normal,fail,,,,DVEXT,,PVV,1.0,5.0,,,,,,,,,A_binary_miss
N_bea367edad43,N,anomalia,Ruido,normal,normal,fail,,,,DVEXT,,PVV,1.0,5.0,,,,,,,,,A_binary_miss
N_a1bc9cff1d9c,N,anomalia,Ruido,normal,normal,fail,,,,DVEXT,,PVV,1.0,5.0,,,,,,,,,A_binary_miss
N_ecbaad188f0e,N,anomalia,Ruido,normal,normal,fail,,,,DVEXT,,PVV,1.0,5.0,,,,,,,,,A_binary_miss
N_454de851f49c,N,anomalia,Ruido,normal,normal,fail,,,,DVEXT,,PVV,1.0,5.0,,,,,,,,,A_binary_miss
N_9db4303838dc,N,anomalia,Ruido,normal,normal,fail,,,,DVEXT,,PVV,1.0,5.0,,,,,,,,,A_binary_miss
N_d674ec06c903,N,anomalia,Ruido,normal,normal,fail,,,,DVEXT,,PVV,1.0,5.0,,,,,,,,,A_binary_miss
N_30f6ce7c3d15,N,anomalia,Ruido,normal,normal,fail,,,,DVEXT,,PVV,1.0,5.0,,,,,,,,,A_binary_miss
N_fae97c7fc7be,N,anomalia,Ruido,normal,normal,fail,,,,DVEXT,,PVV,1.0,5.0,,,,,,,,,A_binary_miss
N_10a7cf2cae95,N,anomalia,Ruido,normal,normal,fail,,,,DVEXT,,PVV,1.0,5.0,,,,,,,,,A_binary_miss
N_9eebe97062f0,N,anomalia,Ruido,normal,normal,fail,,,,DVEXT,,PVV,1.0,5.0,,,,,,,,,A_binary_miss
N_c66493adbded,N,anomalia,Ruido,normal,normal,fail,,,,DVEXT,,PVV,1.0,5.0,,,,,,,,,A_binary_miss
N_6f4c32b12134,N,anomalia,Ruido,normal,normal,fail,,,,DVEXT,,PVV,1.0,5.0,,,,,,,,,A_binary_miss
N_8d0903d86e1d,N,anomalia,Ruido,normal,normal,fail,,,,DVEXT,,PVV,1.0,5.0,,,,,,,,,A_binary_miss
N_1cb159266184,N,anomalia,Ruido,normal,normal,fail,,,,DVEXT,,PVV,1.0,5.0,,,,,,,,,A_binary_miss
N_ab4adac189b9,N,anomalia,Ruido,normal,normal,fail,,,,DVEXT,,PVV,1.0,5.0,,,,,,,,,A_binary_miss
N_c38487e9374a,N,anomalia,Ruido,normal,normal,fail,,,,DVEXT,,PVV,1.0,5.0,,,,,,,,,A_binary_miss
N_c3d634dcda98,N,anomalia,Ruido,normal,normal,fail,,,,DVEXT,,PVV,1.0,5.0,,,,,,,,,A_binary_miss
N_1eda02f42996,N,anomalia,Ruido,normal,normal,fail,,,,DVEXT,,PVV,1.0,5.0,,,,,,,,,A_binary_miss
N_9d743cbce23e,N,anomalia,Ruido,normal,normal,fail,,,,DVEXT,,PVV,1.0,5.0,,,,,,,,,A_binary_miss
N_0e0fa1d390b9,N,anomalia,Ruido,normal,normal,fail,,,,DVEXT,,PVV,1.0,5.0,,,,,,,,,A_binary_miss
N_a1a3a0410d8d,N,anomalia,Ruido,normal,normal,fail,,,,DVEXT,,PVV,1.0,5.0,,,,,,,,,A_binary_miss
N_0031f07d72c8,N,anomalia,Ruido,normal,normal,fail,,,,DVEXT,,PVV,1.0,5.0,,,,,,,,,A_binary_miss
N_4386793c0b9d,N,anomalia,Ruido,normal,normal,fail,,,,DVEXT,,PVV,1.0,5.0,,,,,,,,,A_binary_miss
N_a5418e59f521,N,anomalia,Ruido,normal,normal,fail,,,,DVEXT,,PVV,1.0,5.0,,,,,,,,,A_binary_miss
N_1664a4c5269e,N,anomalia,Ruido,normal,normal,fail,,,,DVEXT,,PVV,1.0,5.0,,,,,,,,,A_binary_miss
N_860c4fb46a6a,N,anomalia,Ruido,normal,normal,fail,,,,DVEXT,,PVV,1.0,5.0,,,,,,,,,A_binary_miss
N_08138f0bce73,N,anomalia,Ruido,normal,normal,fail,,,,DVEXT,,PVV,1.0,5.0,,,,,,,,,A_binary_miss
N_f437e1e8832c,N,anomalia,Ruido,normal,normal,fail,,,,DVEXT,,PVV,1.0,5.0,,,,,,,,,A_binary_miss
N_9343596e853d,N,anomalia,Ruido,normal,normal,fail,,,,DVEXT,,PVV,1.0,5.0,,,,,,,,,A_binary_miss
N_6f6166e80dcb,N,anomalia,Ruido,normal,normal,fail,,,,DVEXT,,PVV,1.0,5.0,,,,,,,,,A_binary_miss
N_12d0a8e9829a,N,anomalia,Ruido,normal,normal,fail,,,,DVEXT,,PVV,1.0,5.0,,,,,,,,,A_binary_miss
N_1d1636f90079,N,anomalia,Ruido,normal,normal,fail,,,,DVEXT,,PVV,1.0,6.0,,,,,,,,,A_binary_miss
N_a81ddd9b0326,N,anomalia,Ruido,normal,normal,fail,,,,DVEXT,,PVV,1.0,6.0,,,,,,,,,A_binary_miss
N_bb0a639ac25f,N,anomalia,Ruido,normal,normal,fail,,,,DVEXT,,PVV,1.0,6.0,,,,,,,,,A_binary_miss
N_59c29491ba9e,N,anomalia,Ruido,normal,normal,fail,,,,DVEXT,,PVV,1.0,6.0,,,,,,,,,A_binary_miss
N_d22ff7417abe,N,anomalia,Ruido,normal,normal,fail,,,,DVEXT,,PVV,1.0,6.0,,,,,,,,,A_binary_miss
N_3b5b779cf738,N,anomalia,Ruido,normal,normal,fail,,,,DVEXT,,PVV,1.0,6.0,,,,,,,,,A_binary_miss
N_bb2d3d76583a,N,anomalia,Ruido,normal,normal,fail,,,,DVEXT,,PVV,1.0,6.0,,,,,,,,,A_binary_miss
N_0a5ff983ff2d,N,anomalia,Ruido,normal,normal,fail,,,,DVEXT,,PVV,1.0,6.0,,,,,,,,,A_binary_miss
N_bdb75701d4ab,N,anomalia,Ruido,normal,normal,fail,,,,DVEXT,,PVV,1.0,6.0,,,,,,,,,A_binary_miss
N_7897561eb2dd,N,anomalia,Ruido,normal,normal,fail,,,,DVEXT,,PVV,1.0,6.0,,,,,,,,,A_binary_miss
N_3869c398152b,N,anomalia,Ruido,normal,normal,fail,,,,DVEXT,,PVV,1.0,6.0,,,,,,,,,A_binary_miss
N_34c812ced1c1,N,anomalia,Ruido,normal,normal,fail,,,,DVEXT,,PVV,1.0,6.0,,,,,,,,,A_binary_miss
N_2df566b944c2,N,anomalia,Ruido,normal,normal,fail,,,,DVEXT,,PVV,1.0,6.0,,,,,,,,,A_binary_miss
N_1de5d5c606b0,N,anomalia,Ruido,normal,normal,fail,,,,DVEXT,,PVV,1.0,6.0,,,,,,,,,A_binary_miss
N_ff729edfe1d3,N,anomalia,Ruido,normal,normal,fail,,,,DVEXT,,PVV,1.0,6.0,,,,,,,,,A_binary_miss
N_846d95aa0e97,N,anomalia,Ruido,normal,normal,fail,,,,DVEXT,,PVV,1.0,6.0,,,,,,,,,A_binary_miss
N_5fe931915dd8,N,anomalia,Ruido,normal,normal,fail,,,,DVEXT,,PVV,1.0,6.0,,,,,,,,,A_binary_miss
N_fe34582de337,N,anomalia,Ruido,normal,normal,fail,,,,DVEXT,,PVV,1.0,6.0,,,,,,,,,A_binary_miss
N_4db9797b1e05,N,anomalia,Ruido,normal,normal,fail,,,,DVEXT,,PVV,1.0,6.0,,,,,,,,,A_binary_miss
N_e79b268a4b73,N,anomalia,Ruido,normal,normal,fail,,,,DVEXT,,PVV,1.0,6.0,,,,,,,,,A_binary_miss
N_a2ffa4fca1bd,N,anomalia,Ruido,normal,normal,fail,,,,DVEXT,,PVV,1.0,6.0,,,,,,,,,A_binary_miss
N_88230028548d,N,anomalia,Ruido,normal,normal,fail,,,,DVEXT,,PVV,1.0,6.0,,,,,,,,,A_binary_miss
N_64f48df7e342,N,anomalia,Ruido,normal,normal,fail,,,,DVEXT,,PVV,1.0,6.0,,,,,,,,,A_binary_miss
N_19f0cdaeffe8,N,anomalia,Ruido,normal,normal,fail,,,,DVEXT,,PVV,1.0,6.0,,,,,,,,,A_binary_miss
N_74b750c4053e,N,anomalia,Ruido,normal,normal,fail,,,,DVEXT,,PVV,1.0,6.0,,,,,,,,,A_binary_miss
N_3d0bd1254a77,N,anomalia,Ruido,normal,normal,fail,,,,DVEXT,,PVV,1.0,6.0,,,,,,,,,A_binary_miss
N_011636c97bec,N,anomalia,Ruido,normal,normal,fail,,,,DVEXT,,PVV,1.0,6.0,,,,,,,,,A_binary_miss
N_c0c32347d31b,N,anomalia,Ruido,normal,normal,fail,,,,DVEXT,,PVV,1.0,6.0,,,,,,,,,A_binary_miss
N_f5b85247fb72,N,anomalia,Ruido,normal,normal,fail,,,,DVEXT,,PVV,1.0,6.0,,,,,,,,,A_binary_miss
N_b8f83090a824,N,anomalia,Ruido,normal,normal,fail,,,,DVEXT,,PVV,1.0,6.0,,,,,,,,,A_binary_miss
N_e7ab0648b577,N,anomalia,Ruido,normal,normal,fail,,,,DVEXT,,PVV,1.0,6.0,,,,,,,,,A_binary_miss
N_45395538f6db,N,anomalia,Ruido,normal,normal,fail,,,,DVEXT,,PVV,1.0,6.0,,,,,,,,,A_binary_miss
N_335cc45da47e,N,anomalia,Ruido,normal,normal,fail,,,,DVEXT,,PVV,1.0,6.0,,,,,,,,,A_binary_miss
N_dec4cf3510a3,N,anomalia,Ruido,normal,normal,fail,,,,DVEXT,,PVV,1.0,6.0,,,,,,,,,A_binary_miss
N_b98bea866c00,N,anomalia,Ruido,normal,normal,fail,,,,DVEXT,,PVV,1.0,6.0,,,,,,,,,A_binary_miss
N_427ea67f76ab,N,anomalia,Ruido,normal,normal,fail,,,,DVEXT,,PVV,1.0,6.0,,,,,,,,,A_binary_miss
N_45be2e1fbdd6,N,anomalia,Ruido,normal,normal,fail,,,,DVEXT,,PVV,1.0,6.0,,,,,,,,,A_binary_miss
N_5f96641aabf1,N,anomalia,Ruido,normal,normal,fail,,,,DVEXT,,PVV,1.0,6.0,,,,,,,,,A_binary_miss
N_7ae71ded2541,N,anomalia,Ruido,normal,normal,fail,,,,DVEXT,,PVV,1.0,6.0,,,,,,,,,A_binary_miss
N_6ced806137dd,N,anomalia,Ruido,normal,normal,fail,,,,DVEXT,,PVV,1.0,6.0,,,,,,,,,A_binary_miss
N_17ddd11f2dd2,N,anomalia,Ruido,normal,normal,fail,,,,DVEXT,,PVV,1.0,6.0,,,,,,,,,A_binary_miss
N_00a2d3e48446,N,anomalia,Ruido,normal,normal,fail,,,,DVEXT,,PVV,1.0,6.0,,,,,,,,,A_binary_miss
N_cde003624c7e,N,anomalia,Ruido,normal,normal,fail,,,,DVEXT,,PVV,1.0,6.0,,,,,,,,,A_binary_miss
N_ed8e441571de,N,anomalia,Ruido,normal,normal,fail,,,,DVEXT,,PVV,1.0,6.0,,,,,,,,,A_binary_miss
N_e55a72cbd9aa,N,anomalia,Ruido,normal,normal,fail,,,,DVEXT,,PVV,1.0,6.0,,,,,,,,,A_binary_miss
N_4531f430a373,N,anomalia,Ruido,normal,normal,fail,,,,DVEXT,,PVV,1.0,6.0,,,,,,,,,A_binary_miss
N_8e195ef13dc6,N,anomalia,Ruido,normal,normal,fail,,,,DVEXT,,PVV,1.0,6.0,,,,,,,,,A_binary_miss
N_568a3a9ffd9f,N,anomalia,Ruido,normal,normal,fail,,,,DVEXT,,PVV,1.0,6.0,,,,,,,,,A_binary_miss
N_69a5d909f157,N,anomalia,Ruido,normal,normal,fail,,,,DVEXT,,PVV,1.0,6.0,,,,,,,,,A_binary_miss
N_7b720567c6fd,N,anomalia,Ruido,normal,normal,fail,,,,DVEXT,,PVV,1.0,6.0,,,,,,,,,A_binary_miss
N_61cc739272cc,N,anomalia,Ruido,normal,normal,fail,,,,DVEXT,,PVV,1.0,6.0,,,,,,,,,A_binary_miss
N_f69d0bd5cac1,N,anomalia,Ruido,normal,normal,fail,,,,DVEXT,,PVV,1.0,6.0,,,,,,,,,A_binary_miss
N_541a896f4c24,N,anomalia,Ruido,normal,normal,fail,,,,DVEXT,,PVV,1.0,6.0,,,,,,,,,A_binary_miss
N_8e1e72b747ca,N,anomalia,Ruido,normal,normal,fail,,,,DVEXT,,PVV,1.0,6.0,,,,,,,,,A_binary_miss
N_582725bf61ec,N,anomalia,Ruido,normal,normal,fail,,,,DVEXT,,PVV,1.0,6.0,,,,,,,,,A_binary_miss
N_3e26ddcb9cfe,N,anomalia,Ruido,normal,normal,fail,,,,DVEXT,,PVV,1.0,6.0,,,,,,,,,A_binary_miss
N_da9e6400981f,N,anomalia,Ruido,normal,normal,fail,,,,DVEXT,,PVV,1.0,6.0,,,,,,,,,A_binary_miss
N_2054dbf4043e,N,anomalia,Ruido,normal,normal,fail,,,,DVEXT,,PVV,1.0,6.0,,,,,,,,,A_binary_miss
N_5af7cd5f423f,N,anomalia,Ruido,normal,normal,fail,,,,DVEXT,,PVV,1.0,6.0,,,,,,,,,A_binary_miss
N_c6f36c3f9f53,N,anomalia,Ruido,normal,normal,fail,,,,DVEXT,,PVV,1.0,6.0,,,,,,,,,A_binary_miss
N_177838b6a174,N,anomalia,Ruido,normal,normal,fail,,,,DVEXT,,PVV,1.0,6.0,,,,,,,,,A_binary_miss
N_21149bdd6c6f,N,anomalia,Ruido,normal,normal,fail,,,,DVEXT,,PVV,1.0,6.0,,,,,,,,,A_binary_miss
N_e3c6f97fbddf,N,anomalia,Ruido,normal,normal,fail,,,,DVEXT,,PVV,1.0,7.0,,,,,,,,,A_binary_miss
N_8cc5763dad5d,N,anomalia,Ruido,normal,normal,fail,,,,DVEXT,,PVV,1.0,7.0,,,,,,,,,A_binary_miss
N_97e291e5948f,N,anomalia,Ruido,normal,normal,fail,,,,DVEXT,,PVV,1.0,7.0,,,,,,,,,A_binary_miss
N_e783a232559e,N,anomalia,Ruido,normal,normal,fail,,,,DVEXT,,PVV,1.0,7.0,,,,,,,,,A_binary_miss
N_94d40a7ecaf6,N,anomalia,Ruido,normal,normal,fail,,,,DVEXT,,PVV,1.0,7.0,,,,,,,,,A_binary_miss
N_94aee7b5b33d,N,anomalia,Ruido,normal,normal,fail,,,,DVEXT,,PVV,1.0,7.0,,,,,,,,,A_binary_miss
N_363fcf332c57,N,anomalia,Ruido,normal,normal,fail,,,,DVEXT,,PVV,1.0,7.0,,,,,,,,,A_binary_miss
N_2970d41c4847,N,anomalia,Ruido,normal,normal,fail,,,,DVEXT,,PVV,1.0,7.0,,,,,,,,,A_binary_miss
N_5d0bfea9aa80,N,anomalia,Ruido,normal,normal,fail,,,,DVEXT,,PVV,1.0,7.0,,,,,,,,,A_binary_miss
N_c05292210e1d,N,anomalia,Ruido,normal,normal,fail,,,,DVEXT,,PVV,1.0,7.0,,,,,,,,,A_binary_miss
N_b6b20da67153,N,anomalia,Ruido,normal,normal,fail,,,,DVEXT,,PVV,1.0,7.0,,,,,,,,,A_binary_miss
N_b3e320287ec1,N,anomalia,Ruido,normal,normal,fail,,,,DVEXT,,PVV,1.0,7.0,,,,,,,,,A_binary_miss
N_4adbaf8947eb,N,anomalia,Ruido,normal,normal,fail,,,,DVEXT,,PVV,1.0,7.0,,,,,,,,,A_binary_miss
N_95048c271713,N,anomalia,Ruido,normal,normal,fail,,,,DVEXT,,PVV,1.0,7.0,,,,,,,,,A_binary_miss
N_e3f3787c982a,N,anomalia,Ruido,normal,normal,fail,,,,DVEXT,,PVV,1.0,7.0,,,,,,,,,A_binary_miss
N_5eb6d46391bf,N,anomalia,Ruido,normal,normal,fail,,,,DVEXT,,PVV,1.0,7.0,,,,,,,,,A_binary_miss
N_029e538472de,N,anomalia,Ruido,normal,normal,fail,,,,DVEXT,,PVV,1.0,7.0,,,,,,,,,A_binary_miss
N_bc97a9a44a7b,N,anomalia,Ruido,normal,normal,fail,,,,DVEXT,,PVV,1.0,7.0,,,,,,,,,A_binary_miss
N_4a97646981d0,N,anomalia,Ruido,normal,normal,fail,,,,DVEXT,,PVV,1.0,7.0,,,,,,,,,A_binary_miss
N_b74fd309b7ff,N,anomalia,Ruido,normal,normal,fail,,,,DVEXT,,PVV,1.0,7.0,,,,,,,,,A_binary_miss
N_b9eda6c6d9b1,N,anomalia,Ruido,normal,normal,fail,,,,DVEXT,,PVV,1.0,7.0,,,,,,,,,A_binary_miss
N_5fd936b097a2,N,anomalia,Ruido,normal,normal,fail,,,,DVEXT,,PVV,1.0,7.0,,,,,,,,,A_binary_miss
N_3d4133d79c27,N,anomalia,Ruido,normal,normal,fail,,,,DVEXT,,PVV,1.0,7.0,,,,,,,,,A_binary_miss
N_8399568b3e73,N,anomalia,Ruido,normal,normal,fail,,,,DVEXT,,PVV,1.0,7.0,,,,,,,,,A_binary_miss
N_24e5ca930227,N,anomalia,Ruido,normal,normal,fail,,,,DVEXT,,PVV,1.0,7.0,,,,,,,,,A_binary_miss
N_5bafcb04af81,N,anomalia,Ruido,normal,normal,fail,,,,DVEXT,,PVV,1.0,7.0,,,,,,,,,A_binary_miss
N_2e9cc87dd2e2,N,anomalia,Ruido,normal,normal,fail,,,,DVEXT,,PVV,1.0,7.0,,,,,,,,,A_binary_miss
N_d87425885bb4,N,anomalia,Ruido,normal,normal,fail,,,,DVEXT,,PVV,1.0,7.0,,,,,,,,,A_binary_miss
N_87bcf4d1b9a8,N,anomalia,Ruido,normal,normal,fail,,,,DVEXT,,PVV,1.0,7.0,,,,,,,,,A_binary_miss
N_f7ac2d987daa,N,anomalia,Ruido,normal,normal,fail,,,,DVEXT,,PVV,1.0,7.0,,,,,,,,,A_binary_miss
N_c5a7fd5423d7,N,anomalia,Ruido,normal,normal,fail,,,,DVEXT,,PVV,1.0,7.0,,,,,,,,,A_binary_miss
N_5888d5b0856e,N,anomalia,Ruido,normal,normal,fail,,,,DVEXT,,PVV,1.0,7.0,,,,,,,,,A_binary_miss
N_317a012bd218,N,anomalia,Ruido,normal,normal,fail,,,,DVEXT,,PVV,1.0,7.0,,,,,,,,,A_binary_miss
N_7fbecbc6bfdb,N,anomalia,Ruido,normal,normal,fail,,,,DVEXT,,PVV,1.0,7.0,,,,,,,,,A_binary_miss
N_0fb262cedaa3,N,anomalia,Ruido,normal,normal,fail,,,,DVEXT,,PVV,1.0,7.0,,,,,,,,,A_binary_miss
N_376240ecad8a,N,anomalia,Ruido,normal,normal,fail,,,,DVEXT,,PVV,1.0,7.0,,,,,,,,,A_binary_miss
N_8f074a6b74d7,N,anomalia,Ruido,normal,normal,fail,,,,DVEXT,,PVV,1.0,7.0,,,,,,,,,A_binary_miss
N_7f9a8bf047af,N,anomalia,Ruido,normal,normal,fail,,,,DVEXT,,PVV,1.0,7.0,,,,,,,,,A_binary_miss
N_6f9eac0c6bac,N,anomalia,Ruido,normal,normal,fail,,,,DVEXT,,PVV,1.0,7.0,,,,,,,,,A_binary_miss
N_df023b72018b,N,anomalia,Ruido,normal,normal,fail,,,,DVEXT,,PVV,1.0,7.0,,,,,,,,,A_binary_miss
N_12144f5ad7fd,N,anomalia,Ruido,normal,normal,fail,,,,DVEXT,,PVV,1.0,7.0,,,,,,,,,A_binary_miss
N_be615f3e8334,N,anomalia,Ruido,normal,normal,fail,,,,DVEXT,,PVV,1.0,7.0,,,,,,,,,A_binary_miss
N_a558e7694ecf,N,anomalia,Ruido,normal,normal,fail,,,,DVEXT,,PVV,1.0,7.0,,,,,,,,,A_binary_miss
N_53d940942a8d,N,anomalia,Ruido,normal,normal,fail,,,,DVEXT,,PVV,1.0,7.0,,,,,,,,,A_binary_miss
N_78c9fefda6d7,N,anomalia,Ruido,normal,normal,fail,,,,DVEXT,,PVV,1.0,7.0,,,,,,,,,A_binary_miss
N_f6715f07b257,N,anomalia,Ruido,normal,normal,fail,,,,DVEXT,,PVV,1.0,7.0,,,,,,,,,A_binary_miss
N_02d3d54f6a34,N,anomalia,Ruido,normal,normal,fail,,,,DVEXT,,PVV,1.0,7.0,,,,,,,,,A_binary_miss
N_d2b9c0ee303d,N,anomalia,Ruido,normal,normal,fail,,,,DVEXT,,PVV,1.0,7.0,,,,,,,,,A_binary_miss
N_db3ecda90b2c,N,anomalia,Ruido,normal,normal,fail,,,,DVEXT,,PVV,1.0,7.0,,,,,,,,,A_binary_miss
N_e92a4c86ad5d,N,anomalia,Ruido,normal,normal,fail,,,,DVEXT,,PVV,1.0,7.0,,,,,,,,,A_binary_miss
N_b1b2649687c4,N,anomalia,Ruido,normal,normal,fail,,,,DVEXT,,PVV,1.0,7.0,,,,,,,,,A_binary_miss
N_5e478c572b76,N,anomalia,Ruido,normal,normal,fail,,,,DVEXT,,PVV,1.0,7.0,,,,,,,,,A_binary_miss
N_e9ee22a49fbb,N,anomalia,Ruido,normal,normal,fail,,,,DVEXT,,PVV,1.0,7.0,,,,,,,,,A_binary_miss
N_05bf744589f5,N,anomalia,Ruido,normal,normal,fail,,,,DVEXT,,PVV,1.0,7.0,,,,,,,,,A_binary_miss
N_7d962f0419a8,N,anomalia,Ruido,normal,normal,fail,,,,DVEXT,,PVV,1.0,8.0,,,,,,,,,A_binary_miss
N_857e5a25f669,N,anomalia,Ruido,normal,normal,fail,,,,DVEXT,,PVV,1.0,8.0,,,,,,,,,A_binary_miss
N_92be563afa47,N,anomalia,Ruido,normal,normal,fail,,,,DVEXT,,PVV,1.0,8.0,,,,,,,,,A_binary_miss
N_58da69307d09,N,anomalia,Ruido,normal,normal,fail,,,,DVEXT,,PVV,1.0,8.0,,,,,,,,,A_binary_miss
N_b449def8f5a6,N,anomalia,Ruido,normal,normal,fail,,,,DVEXT,,PVV,1.0,8.0,,,,,,,,,A_binary_miss
N_5cb7cf791b6b,N,anomalia,Ruido,normal,normal,fail,,,,DVEXT,,PVV,1.0,8.0,,,,,,,,,A_binary_miss
N_40189e11ba89,N,anomalia,Ruido,normal,normal,fail,,,,DVEXT,,PVV,1.0,8.0,,,,,,,,,A_binary_miss
N_a20e0c992ac5,N,anomalia,Ruido,normal,normal,fail,,,,DVEXT,,PVV,1.0,8.0,,,,,,,,,A_binary_miss
N_e3725db57b44,N,anomalia,Ruido,normal,normal,fail,,,,DVEXT,,PVV,1.0,8.0,,,,,,,,,A_binary_miss
N_0939fd06fc90,N,anomalia,Ruido,normal,normal,fail,,,,DVEXT,,PVV,1.0,8.0,,,,,,,,,A_binary_miss
N_ecf3e274194e,N,anomalia,Ruido,normal,normal,fail,,,,DVEXT,,PVV,1.0,8.0,,,,,,,,,A_binary_miss
N_790a502cf706,N,anomalia,Ruido,normal,normal,fail,,,,DVEXT,,PVV,1.0,8.0,,,,,,,,,A_binary_miss
N_fbb8f0e2063c,N,anomalia,Ruido,normal,normal,fail,,,,DVEXT,,PVV,1.0,8.0,,,,,,,,,A_binary_miss
N_3f616b97e943,N,anomalia,Ruido,normal,normal,fail,,,,DVEXT,,PVV,1.0,8.0,,,,,,,,,A_binary_miss
N_13d4f0b8e5f9,N,anomalia,Ruido,normal,normal,fail,,,,DVEXT,,PVV,1.0,8.0,,,,,,,,,A_binary_miss
N_8462339d20b1,N,anomalia,Ruido,normal,normal,fail,,,,DVEXT,,PVV,1.0,8.0,,,,,,,,,A_binary_miss
N_ee7b476ea77c,N,anomalia,Ruido,normal,normal,fail,,,,DVEXT,,PVV,1.0,8.0,,,,,,,,,A_binary_miss
N_1519570f4a5b,N,anomalia,Ruido,normal,normal,fail,,,,DVEXT,,PVV,1.0,8.0,,,,,,,,,A_binary_miss
N_6d66c0a08c10,N,anomalia,Ruido,normal,normal,fail,,,,DVEXT,,PVV,1.0,8.0,,,,,,,,,A_binary_miss
N_40400b80e7c7,N,anomalia,Ruido,normal,normal,fail,,,,DVEXT,,PVV,1.0,8.0,,,,,,,,,A_binary_miss
N_06a8416f3074,N,anomalia,Ruido,normal,normal,fail,,,,DVEXT,,PVV,1.0,8.0,,,,,,,,,A_binary_miss
N_4ada92bdfd54,N,anomalia,Ruido,normal,normal,fail,,,,DVEXT,,PVV,1.0,8.0,,,,,,,,,A_binary_miss
N_74557ed6f586,N,anomalia,Ruido,normal,normal,fail,,,,DVEXT,,PVV,1.0,8.0,,,,,,,,,A_binary_miss
N_8b9cbeb96472,N,anomalia,Ruido,normal,normal,fail,,,,DVEXT,,PVV,1.0,8.0,,,,,,,,,A_binary_miss
N_b0e9753e1255,N,anomalia,Ruido,normal,normal,fail,,,,DVEXT,,PVV,1.0,8.0,,,,,,,,,A_binary_miss
N_1eb0128e74a3,N,anomalia,Ruido,normal,normal,fail,,,,DVEXT,,PVV,1.0,8.0,,,,,,,,,A_binary_miss
N_7aadf191c98d,N,anomalia,Ruido,normal,normal,fail,,,,DVEXT,,PVV,1.0,8.0,,,,,,,,,A_binary_miss
N_83ce892033f6,N,anomalia,Ruido,normal,normal,fail,,,,DVEXT,,PVV,1.0,8.0,,,,,,,,,A_binary_miss
N_ae4934c2ac02,N,anomalia,Ruido,normal,normal,fail,,,,DVEXT,,PVV,1.0,8.0,,,,,,,,,A_binary_miss
N_3a77bfdfd995,N,anomalia,Ruido,normal,normal,fail,,,,DVEXT,,PVV,1.0,8.0,,,,,,,,,A_binary_miss
N_8b3831d545db,N,anomalia,Ruido,normal,normal,fail,,,,DVEXT,,PVV,1.0,8.0,,,,,,,,,A_binary_miss
N_a33965a50b8a,N,anomalia,Ruido,normal,normal,fail,,,,DVEXT,,PVV,1.0,8.0,,,,,,,,,A_binary_miss
N_2edd4c7d3eee,N,anomalia,Ruido,normal,normal,fail,,,,DVEXT,,PVV,1.0,8.0,,,,,,,,,A_binary_miss
N_551b7a82a088,N,anomalia,Ruido,normal,normal,fail,,,,DVEXT,,PVV,1.0,8.0,,,,,,,,,A_binary_miss
N_732bd6cf0dde,N,anomalia,Ruido,normal,normal,fail,,,,DVEXT,,PVV,1.0,8.0,,,,,,,,,A_binary_miss
N_70c0a461de03,N,anomalia,Ruido,normal,normal,fail,,,,DVEXT,,PVV,1.0,8.0,,,,,,,,,A_binary_miss
N_32f683286fd0,N,anomalia,Ruido,normal,normal,fail,,,,DVEXT,,PVV,1.0,8.0,,,,,,,,,A_binary_miss
N_30bbdcb1edce,N,anomalia,Ruido,normal,normal,fail,,,,DVEXT,,PVV,1.0,8.0,,,,,,,,,A_binary_miss
N_6e4c5a21916d,N,anomalia,Ruido,normal,normal,fail,,,,DVEXT,,PVV,1.0,8.0,,,,,,,,,A_binary_miss
N_f491f554a347,N,anomalia,Ruido,normal,normal,fail,,,,DVEXT,,PVV,1.0,8.0,,,,,,,,,A_binary_miss
N_64392734f043,N,anomalia,Ruido,normal,normal,fail,,,,DVEXT,,PVV,1.0,8.0,,,,,,,,,A_binary_miss
N_35ff62ec4bab,N,anomalia,Ruido,normal,normal,fail,,,,DVEXT,,PVV,1.0,8.0,,,,,,,,,A_binary_miss
N_f3899fb15499,N,anomalia,Ruido,normal,normal,fail,,,,DVEXT,,PVV,1.0,9.0,,,,,,,,,A_binary_miss
N_8ed58631d5de,N,anomalia,Ruido,normal,normal,fail,,,,DVEXT,,PVV,1.0,9.0,,,,,,,,,A_binary_miss
N_c739dcce868a,N,anomalia,Ruido,normal,normal,fail,,,,DVEXT,,PVV,1.0,9.0,,,,,,,,,A_binary_miss
N_3160e898db13,N,anomalia,Ruido,normal,normal,fail,,,,DVEXT,,PVV,1.0,9.0,,,,,,,,,A_binary_miss
N_955428427a5b,N,anomalia,Ruido,normal,normal,fail,,,,DVEXT,,PVV,1.0,9.0,,,,,,,,,A_binary_miss
N_8146e2a79841,N,anomalia,Ruido,normal,normal,fail,,,,DVEXT,,PVV,1.0,9.0,,,,,,,,,A_binary_miss
N_9d469c24f71d,N,anomalia,Ruido,normal,normal,fail,,,,DVEXT,,PVV,1.0,9.0,,,,,,,,,A_binary_miss
N_f6cf6b2c86da,N,anomalia,Ruido,normal,normal,fail,,,,DVEXT,,PVV,1.0,9.0,,,,,,,,,A_binary_miss
N_d9f98af92f35,N,anomalia,Ruido,normal,normal,fail,,,,DVEXT,,PVV,1.0,9.0,,,,,,,,,A_binary_miss
N_2cb5ef4eb95e,N,anomalia,Ruido,normal,normal,fail,,,,DVEXT,,PVV,1.0,9.0,,,,,,,,,A_binary_miss
N_07474e918daa,N,anomalia,Ruido,normal,normal,fail,,,,DVEXT,,PVV,1.0,9.0,,,,,,,,,A_binary_miss
N_53028b1d0c90,N,anomalia,Ruido,normal,normal,fail,,,,DVEXT,,PVV,1.0,9.0,,,,,,,,,A_binary_miss
N_7e615c2c09e9,N,anomalia,Ruido,normal,normal,fail,,,,DVEXT,,PVV,1.0,9.0,,,,,,,,,A_binary_miss
N_b9ebe63cdb95,N,anomalia,Ruido,normal,normal,fail,,,,DVEXT,,PVV,1.0,9.0,,,,,,,,,A_binary_miss
N_466834dd95e4,N,anomalia,Ruido,normal,normal,fail,,,,DVEXT,,PVV,1.0,9.0,,,,,,,,,A_binary_miss
N_a295c0097ce8,N,anomalia,Ruido,normal,normal,fail,,,,DVEXT,,PVV,1.0,9.0,,,,,,,,,A_binary_miss
N_7549f05ef1c8,N,anomalia,Ruido,normal,normal,fail,,,,DVEXT,,PVV,1.0,9.0,,,,,,,,,A_binary_miss
N_086667b386f4,N,anomalia,Ruido,normal,normal,fail,,,,DVEXT,,PVV,1.0,9.0,,,,,,,,,A_binary_miss
N_681981283b86,N,anomalia,Ruido,normal,normal,fail,,,,XCO2INT,,XCO2I,-1.0,60.0,,,,,,,,,A_binary_miss
N_3d69b0698f3f,N,anomalia,Ruido,normal,normal,fail,,,,XCO2INT,,XCO2I,-1.0,60.0,,,,,,,,,A_binary_miss
N_61c04bfe7455,N,anomalia,Ruido,normal,normal,fail,,,,XCO2INT,,XCO2I,-1.0,60.0,,,,,,,,,A_binary_miss
N_0f27653313d2,N,anomalia,Ruido,normal,normal,fail,,,,XCO2INT,,XCO2I,-1.0,60.0,,,,,,,,,A_binary_miss
N_8b9b4071b8d9,N,anomalia,Ruido,normal,normal,fail,,,,XCO2INT,,XCO2I,-1.0,60.0,,,,,,,,,A_binary_miss
N_5772e4e76be4,N,anomalia,Ruido,normal,normal,fail,,,,XCO2INT,,XCO2I,-1.0,60.0,,,,,,,,,A_binary_miss
N_5c09171a3ac8,N,anomalia,Ruido,normal,normal,fail,,,,XCO2INT,,XCO2I,-1.0,60.0,,,,,,,,,A_binary_miss
N_d180105c7d3f,N,anomalia,Ruido,normal,normal,fail,,,,XCO2INT,,XCO2I,-1.0,60.0,,,,,,,,,A_binary_miss
N_289a79925cc9,N,anomalia,Ruido,normal,normal,fail,,,,XCO2INT,,XCO2I,-1.0,60.0,,,,,,,,,A_binary_miss
N_c7d329e61d20,N,anomalia,Ruido,normal,normal,fail,,,,XCO2INT,,XCO2I,-1.0,60.0,,,,,,,,,A_binary_miss
N_f89fe6b29188,N,anomalia,Ruido,normal,normal,fail,,,,XCO2INT,,XCO2I,-1.0,60.0,,,,,,,,,A_binary_miss
N_6f1598c8d702,N,anomalia,Ruido,normal,normal,fail,,,,XCO2INT,,XCO2I,-1.0,60.0,,,,,,,,,A_binary_miss
N_c98620a86c3b,N,anomalia,Ruido,normal,normal,fail,,,,XCO2INT,,XCO2I,-1.0,60.0,,,,,,,,,A_binary_miss
N_e397ea2c6b96,N,anomalia,Ruido,normal,normal,fail,,,,XCO2INT,,XCO2I,-1.0,60.0,,,,,,,,,A_binary_miss
N_7e5e0a8d9d08,N,anomalia,Ruido,normal,normal,fail,,,,XCO2INT,,XCO2I,-1.0,85.0,,,,,,,,,A_binary_miss
N_1c106cfbb591,N,anomalia,Ruido,normal,normal,fail,,,,XCO2INT,,XCO2I,-1.0,135.0,,,,,,,,,A_binary_miss
N_8b4ddf3a0f64,N,anomalia,Ruido,normal,normal,fail,,,,XCO2INT,,XCO2I,1.0,60.0,,,,,,,,,A_binary_miss
N_74829ba0f131,N,anomalia,Ruido,normal,normal,fail,,,,XCO2INT,,XCO2I,1.0,60.0,,,,,,,,,A_binary_miss
N_22e0f8447141,N,anomalia,Ruido,normal,normal,fail,,,,XCO2INT,,XCO2I,1.0,60.0,,,,,,,,,A_binary_miss
N_f7ecf5543580,N,anomalia,Ruido,normal,normal,fail,,,,XCO2INT,,XCO2I,1.0,60.0,,,,,,,,,A_binary_miss
N_2ae2d9b6f7e2,N,anomalia,Ruido,normal,normal,fail,,,,XCO2INT,,XCO2I,1.0,60.0,,,,,,,,,A_binary_miss
N_cb62f9ddf179,N,anomalia,Ruido,normal,normal,fail,,,,XCO2INT,,XCO2I,1.0,60.0,,,,,,,,,A_binary_miss
N_14203cf28c5c,N,anomalia,Ruido,normal,normal,fail,,,,XCO2INT,,XCO2I,1.0,60.0,,,,,,,,,A_binary_miss
N_4c8c13ba956f,N,anomalia,Ruido,normal,normal,fail,,,,XCO2INT,,XCO2I,1.0,60.0,,,,,,,,,A_binary_miss
N_ce4343611557,N,anomalia,Ruido,normal,normal,fail,,,,XCO2INT,,XCO2I,1.0,60.0,,,,,,,,,A_binary_miss
N_d219bcc2c745,N,anomalia,Ruido,normal,normal,fail,,,,XCO2INT,,XCO2I,1.0,60.0,,,,,,,,,A_binary_miss
N_6ee23a08f71d,N,anomalia,Ruido,normal,normal,fail,,,,XCO2INT,,XCO2I,1.0,60.0,,,,,,,,,A_binary_miss
N_95a784dc2cb2,N,anomalia,Ruido,normal,normal,fail,,,,XCO2INT,,XCO2I,1.0,85.0,,,,,,,,,A_binary_miss
N_19435a5afe46,N,anomalia,Ruido,normal,normal,fail,,,,XCO2INT,,XCO2I,1.0,85.0,,,,,,,,,A_binary_miss
N_96ac65442a67,N,anomalia,Ruido,normal,normal,fail,,,,XCO2INT,,XCO2I,1.0,160.0,,,,,,,,,A_binary_miss
N_a4f6a72fff72,N,anomalia,Ruido,normal,normal,fail,,,,XGRINT,,PRGINT,1.0,80.0,,,,,,,,,A_binary_miss
N_b64b1bb1c79f,N,anomalia,Ruido,normal,normal,fail,,,,XGRINT,,PRGINT,1.0,80.0,,,,,,,,,A_binary_miss
N_2b2365bd8c31,N,anomalia,Ruido,normal,normal,fail,,,,XGRINT,,PRGINT,1.0,80.0,,,,,,,,,A_binary_miss
N_5d53595bcc0d,N,anomalia,Ruido,normal,normal,fail,,,,XGRINT,,PRGINT,1.0,80.0,,,,,,,,,A_binary_miss
N_7712f260a46d,N,anomalia,Ruido,normal,normal,fail,,,,XGRINT,,PRGINT,1.0,80.0,,,,,,,,,A_binary_miss
N_d7945dd42489,N,anomalia,Ruido,normal,normal,fail,,,,XGRINT,,PRGINT,1.0,80.0,,,,,,,,,A_binary_miss
N_26f643d242c5,N,anomalia,Ruido,normal,normal,fail,,,,XGRINT,,PRGINT,1.0,80.0,,,,,,,,,A_binary_miss
N_e745fc63590e,N,anomalia,Ruido,normal,normal,fail,,,,XGRINT,,PRGINT,1.0,80.0,,,,,,,,,A_binary_miss
N_70c8be857a26,N,anomalia,Ruido,normal,normal,fail,,,,XGRINT,,PRGINT,1.0,80.0,,,,,,,,,A_binary_miss
N_e11d12704d3d,N,anomalia,Ruido,normal,normal,fail,,,,XGRINT,,PRGINT,1.0,80.0,,,,,,,,,A_binary_miss
N_b966541df59c,N,anomalia,Ruido,normal,normal,fail,,,,XGRINT,,PRGINT,1.0,80.0,,,,,,,,,A_binary_miss
N_caca9b40a627,N,anomalia,Ruido,normal,normal,fail,,,,XGRINT,,PRGINT,1.0,80.0,,,,,,,,,A_binary_miss
N_73abf7bbd67c,N,anomalia,Ruido,normal,normal,fail,,,,XGRINT,,PRGINT,1.0,80.0,,,,,,,,,A_binary_miss
N_64b6038191d5,N,anomalia,Ruido,normal,normal,fail,,,,XGRINT,,PRGINT,1.0,80.0,,,,,,,,,A_binary_miss
N_086d4736a8cd,N,anomalia,Ruido,normal,normal,fail,,,,XGRINT,,PRGINT,1.0,80.0,,,,,,,,,A_binary_miss
N_b5c364fa554b,N,anomalia,Ruido,normal,normal,fail,,,,XGRINT,,PRGINT,1.0,80.0,,,,,,,,,A_binary_miss
N_6617d8594892,N,anomalia,Ruido,normal,normal,fail,,,,XGRINT,,PRGINT,1.0,80.0,,,,,,,,,A_binary_miss
N_3f8d60ffc11a,N,anomalia,Ruido,normal,normal,fail,,,,XGRINT,,PRGINT,1.0,80.0,,,,,,,,,A_binary_miss
N_972b0d709102,N,anomalia,Ruido,normal,normal,fail,,,,XGRINT,,PRGINT,1.0,80.0,,,,,,,,,A_binary_miss
N_1c4964e6a732,N,anomalia,Ruido,normal,normal,fail,,,,XGRINT,,PRGINT,1.0,80.0,,,,,,,,,A_binary_miss
N_e3b7acd0c2f4,N,anomalia,Ruido,normal,normal,fail,,,,XGRINT,,PRGINT,1.0,80.0,,,,,,,,,A_binary_miss
N_cadc17fb8093,N,anomalia,Ruido,normal,normal,fail,,,,XGRINT,,PRGINT,1.0,80.0,,,,,,,,,A_binary_miss
N_79adb67196e6,N,anomalia,Ruido,normal,normal,fail,,,,XGRINT,,PRGINT,1.0,80.0,,,,,,,,,A_binary_miss
N_e16e49b14d67,N,anomalia,Ruido,normal,normal,fail,,,,XGRINT,,PRGINT,1.0,122.5,,,,,,,,,A_binary_miss
N_2155f9bad0bd,N,anomalia,Ruido,normal,normal,fail,,,,XGRINT,,PRGINT,1.0,122.5,,,,,,,,,A_binary_miss
N_ebbbdd541848,N,anomalia,Ruido,normal,normal,fail,,,,XGRINT,,PRGINT,1.0,122.5,,,,,,,,,A_binary_miss
N_0f8d7d602fb1,N,anomalia,Ruido,normal,normal,fail,,,,XGRINT,,PRGINT,1.0,122.5,,,,,,,,,A_binary_miss
N_e74af893af92,N,anomalia,Ruido,normal,normal,fail,,,,XGRINT,,PRGINT,1.0,122.5,,,,,,,,,A_binary_miss
N_255a85ef4d03,N,anomalia,Ruido,normal,normal,fail,,,,XGRINT,,PRGINT,1.0,165.0,,,,,,,,,A_binary_miss
N_6ca4aac04b97,N,anomalia,Ruido,normal,normal,fail,,,,XGRINT,,PRGINT,1.0,165.0,,,,,,,,,A_binary_miss
N_8f379ced7453,N,anomalia,Ruido,normal,normal,fail,,,,XGRINT,,PRGINT,1.0,207.5,,,,,,,,,A_binary_miss
N_fdcba09dedaa,N,anomalia,Ruido,normal,normal,fail,,,,XGRINT,,PRGINT,1.0,207.5,,,,,,,,,A_binary_miss
N_398651444896,N,anomalia,Ruido,normal,normal,fail,,,,XHINT,,XHINV,-1.0,10.0,,,,,,,,,A_binary_miss
N_83aef1508d30,N,anomalia,Ruido,normal,normal,fail,,,,XHINT,,XHINV,-1.0,10.0,,,,,,,,,A_binary_miss
N_51af78e4fb9f,N,anomalia,Ruido,normal,normal,fail,,,,XHINT,,XHINV,-1.0,10.0,,,,,,,,,A_binary_miss
N_f7a4bda060c2,N,anomalia,Ruido,normal,normal,fail,,,,XHINT,,XHINV,-1.0,10.0,,,,,,,,,A_binary_miss
N_c4654c325f8d,N,anomalia,Ruido,normal,normal,fail,,,,XHINT,,XHINV,-1.0,10.0,,,,,,,,,A_binary_miss
N_c3f52567b835,N,anomalia,Ruido,normal,normal,fail,,,,XHINT,,XHINV,-1.0,10.0,,,,,,,,,A_binary_miss
N_8b272d852a08,N,anomalia,Ruido,normal,normal,fail,,,,XHINT,,XHINV,-1.0,10.0,,,,,,,,,A_binary_miss
N_05e75f55fa73,N,anomalia,Ruido,normal,normal,fail,,,,XHINT,,XHINV,-1.0,10.0,,,,,,,,,A_binary_miss
N_95ba3d4cad02,N,anomalia,Ruido,normal,normal,fail,,,,XHINT,,XHINV,-1.0,10.0,,,,,,,,,A_binary_miss
N_e7eba10ec1bf,N,anomalia,Ruido,normal,normal,fail,,,,XHINT,,XHINV,-1.0,10.0,,,,,,,,,A_binary_miss
N_3bff7e6c4948,N,anomalia,Ruido,normal,normal,fail,,,,XHINT,,XHINV,-1.0,10.0,,,,,,,,,A_binary_miss
N_5622f411e5ce,N,anomalia,Ruido,normal,normal,fail,,,,XHINT,,XHINV,-1.0,10.0,,,,,,,,,A_binary_miss
N_06394348fe27,N,anomalia,Ruido,normal,normal,fail,,,,XHINT,,XHINV,-1.0,10.0,,,,,,,,,A_binary_miss
N_049fb47ed078,N,anomalia,Ruido,normal,normal,fail,,,,XHINT,,XHINV,-1.0,10.0,,,,,,,,,A_binary_miss
N_ca94934996b0,N,anomalia,Ruido,normal,normal,fail,,,,XHINT,,XHINV,-1.0,10.0,,,,,,,,,A_binary_miss
N_adb11e7fe2ca,N,anomalia,Ruido,normal,normal,fail,,,,XHINT,,XHINV,-1.0,10.0,,,,,,,,,A_binary_miss
N_0df0e731b9e5,N,anomalia,Ruido,normal,normal,fail,,,,XHINT,,XHINV,-1.0,10.0,,,,,,,,,A_binary_miss
N_710204591a63,N,anomalia,Ruido,normal,normal,fail,,,,XHINT,,XHINV,-1.0,10.0,,,,,,,,,A_binary_miss
N_5fb184ce0fc8,N,anomalia,Ruido,normal,normal,fail,,,,XHINT,,XHINV,-1.0,10.0,,,,,,,,,A_binary_miss
N_fe359876c95f,N,anomalia,Ruido,normal,normal,fail,,,,XHINT,,XHINV,-1.0,10.0,,,,,,,,,A_binary_miss
N_185912f96722,N,anomalia,Ruido,normal,normal,fail,,,,XHINT,,XHINV,-1.0,13.75,,,,,,,,,A_binary_miss
N_292006b9bece,N,anomalia,Ruido,normal,normal,fail,,,,XHINT,,XHINV,-1.0,13.75,,,,,,,,,A_binary_miss
N_2f5839070247,N,anomalia,Ruido,normal,normal,fail,,,,XHINT,,XHINV,-1.0,13.75,,,,,,,,,A_binary_miss
N_9816cda91696,N,anomalia,Ruido,normal,normal,fail,,,,XHINT,,XHINV,-1.0,21.25,,,,,,,,,A_binary_miss
N_5ebb6acfeac1,N,anomalia,Ruido,anomalia,Contextual,fail,,,,XHINT,,XHINV,-1.0,21.25,,,,,,,,,B_type_mismatch
N_543d87ced1fe,N,anomalia,Ruido,normal,normal,fail,,,,XHINT,,XHINV,-1.0,21.25,,,,,,,,,A_binary_miss
N_6389850efd50,N,anomalia,Ruido,normal,normal,fail,,,,XHINT,,XHINV,-1.0,21.25,,,,,,,,,A_binary_miss
N_6cd463ad8e5b,N,anomalia,Ruido,normal,normal,fail,,,,XHINT,,XHINV,-1.0,25.0,,,,,,,,,A_binary_miss
N_0d32de4b4970,N,anomalia,Ruido,normal,normal,fail,,,,XHINT,,XHINV,1.0,10.0,,,,,,,,,A_binary_miss
N_6e02422aa178,N,anomalia,Ruido,normal,normal,fail,,,,XHINT,,XHINV,1.0,10.0,,,,,,,,,A_binary_miss
N_2a93f67a81b8,N,anomalia,Ruido,normal,normal,fail,,,,XHINT,,XHINV,1.0,10.0,,,,,,,,,A_binary_miss
N_5c71a36b0107,N,anomalia,Ruido,normal,normal,fail,,,,XHINT,,XHINV,1.0,10.0,,,,,,,,,A_binary_miss
N_695eccccad98,N,anomalia,Ruido,normal,normal,fail,,,,XHINT,,XHINV,1.0,10.0,,,,,,,,,A_binary_miss
N_ad6ec5c1f481,N,anomalia,Ruido,normal,normal,fail,,,,XHINT,,XHINV,1.0,10.0,,,,,,,,,A_binary_miss
N_8ceab3666d3f,N,anomalia,Ruido,normal,normal,fail,,,,XHINT,,XHINV,1.0,10.0,,,,,,,,,A_binary_miss
N_69205bb97506,N,anomalia,Ruido,normal,normal,fail,,,,XHINT,,XHINV,1.0,10.0,,,,,,,,,A_binary_miss
N_bccdc97ae77e,N,anomalia,Ruido,normal,normal,fail,,,,XHINT,,XHINV,1.0,10.0,,,,,,,,,A_binary_miss
N_58dd163d8026,N,anomalia,Ruido,normal,normal,fail,,,,XHINT,,XHINV,1.0,10.0,,,,,,,,,A_binary_miss
N_57e96c71b34f,N,anomalia,Ruido,normal,normal,fail,,,,XHINT,,XHINV,1.0,10.0,,,,,,,,,A_binary_miss
N_2e9ea9f88b42,N,anomalia,Ruido,normal,normal,fail,,,,XHINT,,XHINV,1.0,10.0,,,,,,,,,A_binary_miss
N_2ab1639b70bd,N,anomalia,Ruido,normal,normal,fail,,,,XHINT,,XHINV,1.0,10.0,,,,,,,,,A_binary_miss
N_ff1fe069d908,N,anomalia,Ruido,normal,normal,fail,,,,XHINT,,XHINV,1.0,10.0,,,,,,,,,A_binary_miss
N_de48b637a966,N,anomalia,Ruido,normal,normal,fail,,,,XHINT,,XHINV,1.0,10.0,,,,,,,,,A_binary_miss
N_002ea4f782c2,N,anomalia,Ruido,normal,normal,fail,,,,XHINT,,XHINV,1.0,10.0,,,,,,,,,A_binary_miss
N_abe3ff5c7643,N,anomalia,Ruido,normal,normal,fail,,,,XHINT,,XHINV,1.0,10.0,,,,,,,,,A_binary_miss
N_635f0e65b0cc,N,anomalia,Ruido,normal,normal,fail,,,,XHINT,,XHINV,1.0,10.0,,,,,,,,,A_binary_miss
N_2e2986e249dc,N,anomalia,Ruido,normal,normal,fail,,,,XHINT,,XHINV,1.0,10.0,,,,,,,,,A_binary_miss
N_7155b89291ba,N,anomalia,Ruido,normal,normal,fail,,,,XHINT,,XHINV,1.0,13.75,,,,,,,,,A_binary_miss
N_4a14d4d5ebe2,N,anomalia,Ruido,normal,normal,fail,,,,XHINT,,XHINV,1.0,13.75,,,,,,,,,A_binary_miss
N_93c478172f56,N,anomalia,Ruido,normal,normal,fail,,,,XHINT,,XHINV,1.0,13.75,,,,,,,,,A_binary_miss
N_1993cf0dd7f0,N,anomalia,Ruido,normal,normal,fail,,,,XHINT,,XHINV,1.0,13.75,,,,,,,,,A_binary_miss
N_2ac51b58a949,N,anomalia,Ruido,normal,normal,fail,,,,XHINT,,XHINV,1.0,13.75,,,,,,,,,A_binary_miss
N_7a132f939408,N,anomalia,Ruido,normal,normal,fail,,,,XHINT,,XHINV,1.0,17.5,,,,,,,,,A_binary_miss
N_3072fb94c85c,N,anomalia,Ruido,normal,normal,fail,,,,XHINT,,XHINV,1.0,21.25,,,,,,,,,A_binary_miss
N_53ec789a86f1,N,anomalia,Ruido,normal,normal,fail,,,,XHINT,,XHINV,1.0,25.0,,,,,,,,,A_binary_miss
N_9328e3e2d002,N,anomalia,Ruido,normal,normal,fail,,,,XHINT,,XHINV,1.0,25.0,,,,,,,,,A_binary_miss
N_84e07d4b8572,N,anomalia,Ruido,normal,normal,fail,,,,XTINT,,XTINV,-1.0,3.0,,,,,,,,,A_binary_miss
N_ee05b93ae5f3,N,anomalia,Ruido,normal,normal,fail,,,,XTINT,,XTINV,-1.0,3.0,,,,,,,,,A_binary_miss
N_282b05caefd8,N,anomalia,Ruido,normal,normal,fail,,,,XTINT,,XTINV,-1.0,3.0,,,,,,,,,A_binary_miss
N_cd8c5a0de7e1,N,anomalia,Ruido,normal,normal,fail,,,,XTINT,,XTINV,-1.0,4.25,,,,,,,,,A_binary_miss
N_34ca24b2976e,N,anomalia,Ruido,anomalia,Contextual,fail,,,,XTINT,,XTINV,-1.0,5.5,,,,,,,,,B_type_mismatch
N_38aea1cc39e5,N,anomalia,Ruido,anomalia,Contextual,fail,,,,XTINT,,XTINV,-1.0,5.5,,,,,,,,,B_type_mismatch
N_b5fd0a42e210,N,anomalia,Ruido,anomalia,Contextual,fail,,,,XTINT,,XTINV,-1.0,6.75,,,,,,,,,B_type_mismatch
N_e886d0b25a40,N,anomalia,Ruido,anomalia,Contextual,fail,,,,XTINT,,XTINV,-1.0,6.75,,,,,,,,,B_type_mismatch
N_c2f03271456b,N,anomalia,Ruido,anomalia,Contextual,fail,,,,XTINT,,XTINV,-1.0,6.75,,,,,,,,,B_type_mismatch
N_575ca87a7976,N,anomalia,Ruido,anomalia,Contextual,fail,,,,XTINT,,XTINV,-1.0,6.75,,,,,,,,,B_type_mismatch
N_4a831e8aa4db,N,anomalia,Ruido,anomalia,Contextual,fail,,,,XTINT,,XTINV,-1.0,6.75,,,,,,,,,B_type_mismatch
N_77573361683b,N,anomalia,Ruido,anomalia,Contextual,fail,,,,XTINT,,XTINV,-1.0,6.75,,,,,,,,,B_type_mismatch
N_b6a4da7627b9,N,anomalia,Ruido,anomalia,Contextual,fail,,,,XTINT,,XTINV,-1.0,8.0,,,,,,,,,B_type_mismatch
N_660431ce9065,N,anomalia,Ruido,anomalia,Contextual,fail,,,,XTINT,,XTINV,-1.0,8.0,,,,,,,,,B_type_mismatch
N_c06b2d976ed0,N,anomalia,Ruido,anomalia,Contextual,fail,,,,XTINT,,XTINV,-1.0,8.0,,,,,,,,,B_type_mismatch
N_387d6656e026,N,anomalia,Ruido,normal,normal,fail,,,,XTINT,,XTINV,1.0,3.0,,,,,,,,,A_binary_miss
N_c47b9fd20259,N,anomalia,Ruido,normal,normal,fail,,,,XTINT,,XTINV,1.0,3.0,,,,,,,,,A_binary_miss
N_80aacc088d3e,N,anomalia,Ruido,normal,normal,fail,,,,XTINT,,XTINV,1.0,3.0,,,,,,,,,A_binary_miss
N_510bd0e200f2,N,anomalia,Ruido,normal,normal,fail,,,,XTINT,,XTINV,1.0,3.0,,,,,,,,,A_binary_miss
N_638211315114,N,anomalia,Ruido,normal,normal,fail,,,,XTINT,,XTINV,1.0,3.0,,,,,,,,,A_binary_miss
N_a2fe9e7c0841,N,anomalia,Ruido,normal,normal,fail,,,,XTINT,,XTINV,1.0,3.0,,,,,,,,,A_binary_miss
N_7e24cdc48337,N,anomalia,Ruido,normal,normal,fail,,,,XTINT,,XTINV,1.0,8.0,,,,,,,,,A_binary_miss
CA_9f61f3d83f97,CA,anomalia,Contextual,normal,normal,fail,,,,,,,,,radiation,0.05,PRGINT,,,,,,A_binary_miss
CA_e0d377e7ec04,CA,anomalia,Contextual,anomalia,Ruido,fail,,3.0,,,,,,,co2_vent,,XCO2I,700.0,,,,,B_type_mismatch
CA_d21de5332972,CA,anomalia,Contextual,anomalia,Sensor Atascado,fail,,3.0,,,,,,,co2_vent,,XCO2I,700.0,,,,,B_type_mismatch
CA_a34bc309d3b2,CA,anomalia,Contextual,normal,normal,fail,,3.0,,,,,,,co2_vent,,XCO2I,700.0,,,,,A_binary_miss
CA_6698a5e64291,CA,anomalia,Contextual,anomalia,Sensor Atascado,fail,,3.0,,,,,,,co2_vent,,XCO2I,700.0,,,,,B_type_mismatch
CA_d98760caa4b7,CA,anomalia,Contextual,anomalia,Sensor Atascado,fail,,8.0,,,,,,,co2_vent,,XCO2I,700.0,,,,,B_type_mismatch
CA_44ecd00f0012,CA,anomalia,Contextual,normal,normal,fail,,3.0,,,,,,,co2_vent,,XCO2I,1200.0,,,,,A_binary_miss
CA_41aefbce1efa,CA,anomalia,Contextual,anomalia,Sensor Atascado,fail,,5.0,,,,,,,co2_vent,,XCO2I,1200.0,,,,,B_type_mismatch
CA_2ebaf464e035,CA,anomalia,Contextual,anomalia,Sensor Atascado,fail,,5.0,,,,,,,co2_vent,,XCO2I,1200.0,,,,,B_type_mismatch
CA_a33ad200288b,CA,anomalia,Contextual,anomalia,Ruido,fail,,,,,,,,,temp_inversion,,XTINV,,3.0,,,,B_type_mismatch
CD_c632966a3826,CD,anomalia,Desviacion de Correlacion,anomalia,Ruido,fail,,,,,,,,,,,PRAD,,,1.0,PRGINT,low,B_type_mismatch
CD_37403aa7fab6,CD,anomalia,Desviacion de Correlacion,anomalia,Ruido,fail,,,,,,,,,,,PRAD,,,1.0,PRGINT,low,B_type_mismatch
CD_d25372387486,CD,anomalia,Desviacion de Correlacion,anomalia,Ruido,fail,,,,,,,,,,,PRAD,,,1.0,PRGINT,low,B_type_mismatch
CD_9fc81b335798,CD,anomalia,Desviacion de Correlacion,anomalia,Ruido,fail,,,,,,,,,,,PRAD,,,1.0,PRGINT,low,B_type_mismatch
CD_3ccfc7df7200,CD,anomalia,Desviacion de Correlacion,anomalia,Ruido,fail,,,,,,,,,,,PRAD,,,1.0,PRGINT,low,B_type_mismatch
CD_0da722ef23d3,CD,anomalia,Desviacion de Correlacion,anomalia,Ruido,fail,,,,,,,,,,,PRAD,,,1.0,PRGINT,low,B_type_mismatch
CD_83e2944aaf10,CD,anomalia,Desviacion de Correlacion,anomalia,Ruido,fail,,,,,,,,,,,PRAD,,,1.0,PRGINT,low,B_type_mismatch
CD_c6e5b3d8609f,CD,anomalia,Desviacion de Correlacion,anomalia,Ruido,fail,,,,,,,,,,,PRAD,,,1.0,PRGINT,low,B_type_mismatch
CD_40ecf7bd9bf5,CD,anomalia,Desviacion de Correlacion,anomalia,Ruido,fail,,,,,,,,,,,PRAD,,,1.0,PRGINT,low,B_type_mismatch
CD_e485c4f3fa08,CD,anomalia,Desviacion de Correlacion,anomalia,Ruido,fail,,,,,,,,,,,PRAD,,,1.0,PRGINT,low,B_type_mismatch
CD_178db38f2951,CD,anomalia,Desviacion de Correlacion,anomalia,Ruido,fail,,,,,,,,,,,PRAD,,,1.0,PRGINT,low,B_type_mismatch
CD_772fc0f813b4,CD,anomalia,Desviacion de Correlacion,anomalia,Ruido,fail,,,,,,,,,,,PRAD,,,1.0,PRGINT,low,B_type_mismatch
CD_da2300ce5313,CD,anomalia,Desviacion de Correlacion,anomalia,Ruido,fail,,,,,,,,,,,PRAD,,,1.0,PRGINT,low,B_type_mismatch
CD_b9692c9c33a8,CD,anomalia,Desviacion de Correlacion,anomalia,Ruido,fail,,,,,,,,,,,PRAD,,,1.0,PRGINT,low,B_type_mismatch
CD_744e7aa7fe67,CD,anomalia,Desviacion de Correlacion,anomalia,Ruido,fail,,,,,,,,,,,PRAD,,,1.0,PRGINT,low,B_type_mismatch
CD_6a0a63ba6c78,CD,anomalia,Desviacion de Correlacion,anomalia,Ruido,fail,,,,,,,,,,,PRAD,,,1.0,PRGINT,low,B_type_mismatch
CD_8724f2e0d307,CD,anomalia,Desviacion de Correlacion,anomalia,Ruido,fail,,,,,,,,,,,PRAD,,,1.0,PRGINT,low,B_type_mismatch
CD_52d8862f93c0,CD,anomalia,Desviacion de Correlacion,anomalia,Ruido,fail,,,,,,,,,,,PRAD,,,1.0,PRGINT,low,B_type_mismatch
CD_04529bc3181d,CD,anomalia,Desviacion de Correlacion,anomalia,Ruido,fail,,,,,,,,,,,PRAD,,,1.0,PRGINT,low,B_type_mismatch
CD_411d04db2597,CD,anomalia,Desviacion de Correlacion,anomalia,Ruido,fail,,,,,,,,,,,PRAD,,,1.0,PRGINT,low,B_type_mismatch
CD_9f0b417a25bc,CD,anomalia,Desviacion de Correlacion,anomalia,Ruido,fail,,,,,,,,,,,PRAD,,,1.0,PRGINT,low,B_type_mismatch
CD_ee5d38b5df41,CD,anomalia,Desviacion de Correlacion,anomalia,Ruido,fail,,,,,,,,,,,PRAD,,,1.0,PRGINT,low,B_type_mismatch
CD_bbf0bc4b5227,CD,anomalia,Desviacion de Correlacion,anomalia,Ruido,fail,,,,,,,,,,,PRAD,,,1.0,PRGINT,low,B_type_mismatch
CD_c8ee4474bda6,CD,anomalia,Desviacion de Correlacion,anomalia,Ruido,fail,,,,,,,,,,,PRAD,,,1.0,PRGINT,low,B_type_mismatch
CD_74820d129f78,CD,anomalia,Desviacion de Correlacion,anomalia,Ruido,fail,,,,,,,,,,,PRAD,,,1.0,PRGINT,low,B_type_mismatch
CD_b9eb09282f15,CD,anomalia,Desviacion de Correlacion,anomalia,Ruido,fail,,,,,,,,,,,PRAD,,,1.0,PRGINT,low,B_type_mismatch
CD_70829b8655fc,CD,anomalia,Desviacion de Correlacion,anomalia,Ruido,fail,,,,,,,,,,,PRAD,,,1.0,PRGINT,low,B_type_mismatch
CD_2a79041f08aa,CD,anomalia,Desviacion de Correlacion,anomalia,Ruido,fail,,,,,,,,,,,PRAD,,,1.0,PRGINT,low,B_type_mismatch
CD_7f09129885a9,CD,anomalia,Desviacion de Correlacion,anomalia,Ruido,fail,,,,,,,,,,,PRAD,,,1.0,PRGINT,low,B_type_mismatch
CD_0f8266bbcff2,CD,anomalia,Desviacion de Correlacion,anomalia,Ruido,fail,,,,,,,,,,,PRAD,,,1.0,PRGINT,low,B_type_mismatch
CD_b3c0a01e0709,CD,anomalia,Desviacion de Correlacion,anomalia,Ruido,fail,,,,,,,,,,,PRAD,,,1.0,PRGINT,low,B_type_mismatch
CD_be4e538884fd,CD,anomalia,Desviacion de Correlacion,anomalia,Ruido,fail,,,,,,,,,,,PRAD,,,1.0,PRGINT,low,B_type_mismatch
CD_a45f8f12d127,CD,anomalia,Desviacion de Correlacion,anomalia,Ruido,fail,,,,,,,,,,,PRAD,,,1.0,PRGINT,low,B_type_mismatch
CD_7bd9f06b911e,CD,anomalia,Desviacion de Correlacion,anomalia,Ruido,fail,,,,,,,,,,,PRAD,,,1.0,PRGINT,low,B_type_mismatch
CD_4dbde64f2534,CD,anomalia,Desviacion de Correlacion,anomalia,Ruido,fail,,,,,,,,,,,PRAD,,,1.0,PRGINT,low,B_type_mismatch
CD_ef4fa4b91e71,CD,anomalia,Desviacion de Correlacion,anomalia,Ruido,fail,,,,,,,,,,,PRAD,,,1.0,PRGINT,low,B_type_mismatch
CD_34b7943be579,CD,anomalia,Desviacion de Correlacion,anomalia,Ruido,fail,,,,,,,,,,,PRAD,,,1.0,PRGINT,low,B_type_mismatch
CD_b0dd3d116fd2,CD,anomalia,Desviacion de Correlacion,anomalia,Ruido,fail,,,,,,,,,,,PRAD,,,1.0,PRGINT,low,B_type_mismatch
CD_3e016edc2e0d,CD,anomalia,Desviacion de Correlacion,anomalia,Ruido,fail,,,,,,,,,,,PRAD,,,1.0,PRGINT,low,B_type_mismatch
CD_f78e4cb0c8bb,CD,anomalia,Desviacion de Correlacion,anomalia,Ruido,fail,,,,,,,,,,,PRAD,,,1.0,PRGINT,low,B_type_mismatch
CD_11f2202d06ba,CD,anomalia,Desviacion de Correlacion,anomalia,Ruido,fail,,,,,,,,,,,PRAD,,,1.0,PRGINT,low,B_type_mismatch
CD_e5ba47b3da31,CD,anomalia,Desviacion de Correlacion,anomalia,Ruido,fail,,,,,,,,,,,PRAD,,,1.0,PRGINT,low,B_type_mismatch
CD_2f2ee686c431,CD,anomalia,Desviacion de Correlacion,anomalia,Ruido,fail,,,,,,,,,,,PRAD,,,1.0,PRGINT,low,B_type_mismatch
CD_fbfdb103c63f,CD,anomalia,Desviacion de Correlacion,anomalia,Ruido,fail,,,,,,,,,,,PRAD,,,1.0,PRGINT,low,B_type_mismatch
CD_02adc2554e94,CD,anomalia,Desviacion de Correlacion,anomalia,Ruido,fail,,,,,,,,,,,PRAD,,,1.0,PRGINT,low,B_type_mismatch
CD_1b06dc44172e,CD,anomalia,Desviacion de Correlacion,anomalia,Ruido,fail,,,,,,,,,,,PRAD,,,1.0,PRGINT,low,B_type_mismatch
CD_3c7ca9198425,CD,anomalia,Desviacion de Correlacion,anomalia,Ruido,fail,,,,,,,,,,,PRAD,,,1.0,PRGINT,low,B_type_mismatch
CD_85c7c67fdbd0,CD,anomalia,Desviacion de Correlacion,anomalia,Ruido,fail,,,,,,,,,,,PRAD,,,1.0,PRGINT,low,B_type_mismatch
CD_8c649ff72f40,CD,anomalia,Desviacion de Correlacion,anomalia,Ruido,fail,,,,,,,,,,,PRAD,,,1.0,PRGINT,low,B_type_mismatch
CD_0b0204fd0268,CD,anomalia,Desviacion de Correlacion,anomalia,Ruido,fail,,,,,,,,,,,PRAD,,,1.0,PRGINT,low,B_type_mismatch
CD_d57761ab2a7c,CD,anomalia,Desviacion de Correlacion,anomalia,Ruido,fail,,,,,,,,,,,PRAD,,,1.0,PRGINT,low,B_type_mismatch
CD_fcd414dcf5b2,CD,anomalia,Desviacion de Correlacion,anomalia,Ruido,fail,,,,,,,,,,,PRAD,,,1.0,PRGINT,low,B_type_mismatch
CD_4e7f249e8244,CD,anomalia,Desviacion de Correlacion,anomalia,Ruido,fail,,,,,,,,,,,PRAD,,,1.0,PRGINT,low,B_type_mismatch
CD_c8b7378d9723,CD,anomalia,Desviacion de Correlacion,anomalia,Ruido,fail,,,,,,,,,,,PRAD,,,1.0,PRGINT,low,B_type_mismatch
CD_c17861e30466,CD,anomalia,Desviacion de Correlacion,anomalia,Ruido,fail,,,,,,,,,,,PRAD,,,1.0,PRGINT,low,B_type_mismatch
CD_789d8af3dff3,CD,anomalia,Desviacion de Correlacion,anomalia,Ruido,fail,,,,,,,,,,,PRAD,,,1.0,PRGINT,low,B_type_mismatch
CD_10307c961ca8,CD,anomalia,Desviacion de Correlacion,anomalia,Ruido,fail,,,,,,,,,,,PRAD,,,1.0,PRGINT,low,B_type_mismatch
CD_0073b88c43c3,CD,anomalia,Desviacion de Correlacion,anomalia,Ruido,fail,,,,,,,,,,,PRAD,,,1.0,PRGINT,low,B_type_mismatch
CD_88fdc289e5a3,CD,anomalia,Desviacion de Correlacion,anomalia,Ruido,fail,,,,,,,,,,,PRAD,,,1.0,PRGINT,low,B_type_mismatch
CD_e41c5ddf534f,CD,anomalia,Desviacion de Correlacion,anomalia,Ruido,fail,,,,,,,,,,,PRAD,,,1.0,PRGINT,low,B_type_mismatch
CD_b4c89ae0c5b3,CD,anomalia,Desviacion de Correlacion,anomalia,Ruido,fail,,,,,,,,,,,PRAD,,,1.0,PRGINT,low,B_type_mismatch
CD_1ec62ab9b99a,CD,anomalia,Desviacion de Correlacion,anomalia,Ruido,fail,,,,,,,,,,,PRAD,,,1.0,PRGINT,low,B_type_mismatch
CD_ca3506417955,CD,anomalia,Desviacion de Correlacion,anomalia,Ruido,fail,,,,,,,,,,,PRAD,,,1.0,PRGINT,low,B_type_mismatch
CD_9be4faaa4469,CD,anomalia,Desviacion de Correlacion,anomalia,Ruido,fail,,,,,,,,,,,PRAD,,,1.0,PRGINT,low,B_type_mismatch
CD_bf6ea1f93110,CD,anomalia,Desviacion de Correlacion,anomalia,Ruido,fail,,,,,,,,,,,PRAD,,,1.0,PRGINT,low,B_type_mismatch
CD_6170b431b19b,CD,anomalia,Desviacion de Correlacion,anomalia,Ruido,fail,,,,,,,,,,,PRAD,,,1.0,PRGINT,low,B_type_mismatch
CD_c4afac676c46,CD,anomalia,Desviacion de Correlacion,anomalia,Ruido,fail,,,,,,,,,,,PRAD,,,1.0,PRGINT,low,B_type_mismatch
CD_cb04b829691b,CD,anomalia,Desviacion de Correlacion,anomalia,Ruido,fail,,,,,,,,,,,PRAD,,,1.0,PRGINT,low,B_type_mismatch
CD_0c045c58908a,CD,anomalia,Desviacion de Correlacion,anomalia,Ruido,fail,,,,,,,,,,,PRAD,,,1.0,PRGINT,low,B_type_mismatch
CD_b4a854674de0,CD,anomalia,Desviacion de Correlacion,anomalia,Ruido,fail,,,,,,,,,,,PRAD,,,1.0,PRGINT,low,B_type_mismatch
CD_8a7b45618a13,CD,anomalia,Desviacion de Correlacion,anomalia,Ruido,fail,,,,,,,,,,,PRAD,,,1.0,PRGINT,low,B_type_mismatch
CD_8a3f184e0e34,CD,anomalia,Desviacion de Correlacion,anomalia,Ruido,fail,,,,,,,,,,,PRAD,,,1.0,PRGINT,low,B_type_mismatch
CD_bccf5d3efb0f,CD,anomalia,Desviacion de Correlacion,anomalia,Ruido,fail,,,,,,,,,,,PRAD,,,1.0,PRGINT,low,B_type_mismatch
CD_1ff574ececb8,CD,anomalia,Desviacion de Correlacion,anomalia,Ruido,fail,,,,,,,,,,,PRAD,,,1.0,PRGINT,low,B_type_mismatch
CD_87950e1888a6,CD,anomalia,Desviacion de Correlacion,anomalia,Ruido,fail,,,,,,,,,,,PRAD,,,1.0,PRGINT,low,B_type_mismatch
CD_d97b21fe86c6,CD,anomalia,Desviacion de Correlacion,anomalia,Ruido,fail,,,,,,,,,,,PRAD,,,1.0,PRGINT,low,B_type_mismatch
CD_9efedd06355b,CD,anomalia,Desviacion de Correlacion,anomalia,Ruido,fail,,,,,,,,,,,PRAD,,,1.0,PRGINT,low,B_type_mismatch
CD_40bd07ea92f7,CD,anomalia,Desviacion de Correlacion,anomalia,Ruido,fail,,,,,,,,,,,PRAD,,,1.0,PRGINT,low,B_type_mismatch
CD_ee5de367d2ff,CD,anomalia,Desviacion de Correlacion,anomalia,Ruido,fail,,,,,,,,,,,PRAD,,,1.0,PRGINT,low,B_type_mismatch
CD_fb2d50890ec0,CD,anomalia,Desviacion de Correlacion,anomalia,Ruido,fail,,,,,,,,,,,PRAD,,,1.0,PRGINT,low,B_type_mismatch
CD_173764bd3aaa,CD,anomalia,Desviacion de Correlacion,anomalia,Ruido,fail,,,,,,,,,,,PRAD,,,1.0,PRGINT,low,B_type_mismatch
CD_49ed0fef59b9,CD,anomalia,Desviacion de Correlacion,anomalia,Ruido,fail,,,,,,,,,,,PRAD,,,1.0,PRGINT,low,B_type_mismatch
CD_fa596c4858b3,CD,anomalia,Desviacion de Correlacion,anomalia,Ruido,fail,,,,,,,,,,,PRAD,,,1.0,PRGINT,low,B_type_mismatch
CD_86d33d622c1b,CD,anomalia,Desviacion de Correlacion,anomalia,Ruido,fail,,,,,,,,,,,PRAD,,,1.0,PRGINT,low,B_type_mismatch
CD_e3bf1cb0e360,CD,anomalia,Desviacion de Correlacion,anomalia,Ruido,fail,,,,,,,,,,,PRAD,,,1.0,PRGINT,low,B_type_mismatch
CD_6e0c806dd58c,CD,anomalia,Desviacion de Correlacion,anomalia,Ruido,fail,,,,,,,,,,,PRAD,,,1.0,PRGINT,low,B_type_mismatch
CD_f9101f789ba4,CD,anomalia,Desviacion de Correlacion,anomalia,Ruido,fail,,,,,,,,,,,PRAD,,,1.0,PRGINT,low,B_type_mismatch
CD_fa3e353b8aca,CD,anomalia,Desviacion de Correlacion,anomalia,Ruido,fail,,,,,,,,,,,PRAD,,,1.0,PRGINT,low,B_type_mismatch
CD_37ae713a0558,CD,anomalia,Desviacion de Correlacion,anomalia,Ruido,fail,,,,,,,,,,,PRAD,,,1.0,PRGINT,low,B_type_mismatch
CD_254e7414c449,CD,anomalia,Desviacion de Correlacion,anomalia,Ruido,fail,,,,,,,,,,,PRAD,,,1.0,PRGINT,low,B_type_mismatch
CD_03dab5f0c380,CD,anomalia,Desviacion de Correlacion,anomalia,Ruido,fail,,,,,,,,,,,PRAD,,,1.0,PRGINT,low,B_type_mismatch
CD_f0beae2b3ef4,CD,anomalia,Desviacion de Correlacion,anomalia,Ruido,fail,,,,,,,,,,,PRAD,,,1.0,PRGINT,low,B_type_mismatch
CD_80dfc283e067,CD,anomalia,Desviacion de Correlacion,anomalia,Ruido,fail,,,,,,,,,,,PRAD,,,1.0,PRGINT,low,B_type_mismatch
CD_2a4f30adc30b,CD,anomalia,Desviacion de Correlacion,anomalia,Ruido,fail,,,,,,,,,,,PRAD,,,1.0,PRGINT,low,B_type_mismatch
CD_156bd632d39d,CD,anomalia,Desviacion de Correlacion,anomalia,Ruido,fail,,,,,,,,,,,PRAD,,,1.0,PRGINT,low,B_type_mismatch
CD_f6a1e2802a61,CD,anomalia,Desviacion de Correlacion,anomalia,Ruido,fail,,,,,,,,,,,PRAD,,,1.0,PRGINT,low,B_type_mismatch
CD_0dbb531278f9,CD,anomalia,Desviacion de Correlacion,anomalia,Ruido,fail,,,,,,,,,,,PRAD,,,1.0,PRGINT,low,B_type_mismatch
CD_f800be9a5586,CD,anomalia,Desviacion de Correlacion,anomalia,Ruido,fail,,,,,,,,,,,PRAD,,,1.0,PRGINT,low,B_type_mismatch
CD_53b69a391248,CD,anomalia,Desviacion de Correlacion,anomalia,Ruido,fail,,,,,,,,,,,PRAD,,,1.0,PRGINT,low,B_type_mismatch
CD_11b6e4bc6e5d,CD,anomalia,Desviacion de Correlacion,anomalia,Ruido,fail,,,,,,,,,,,PRAD,,,1.0,PRGINT,low,B_type_mismatch
CD_754b795e8e23,CD,anomalia,Desviacion de Correlacion,anomalia,Ruido,fail,,,,,,,,,,,PRAD,,,1.0,PRGINT,low,B_type_mismatch
CD_628a89a149ce,CD,anomalia,Desviacion de Correlacion,anomalia,Ruido,fail,,,,,,,,,,,PRAD,,,1.0,PRGINT,low,B_type_mismatch
CD_ab9a2c1d7133,CD,anomalia,Desviacion de Correlacion,anomalia,Ruido,fail,,,,,,,,,,,PRAD,,,1.0,PRGINT,low,B_type_mismatch
CD_54411c724f51,CD,anomalia,Desviacion de Correlacion,anomalia,Ruido,fail,,,,,,,,,,,PRAD,,,1.0,PRGINT,low,B_type_mismatch
CD_3de4611456dd,CD,anomalia,Desviacion de Correlacion,anomalia,Ruido,fail,,,,,,,,,,,PRAD,,,1.0,PRGINT,low,B_type_mismatch
CD_44bc0494d489,CD,anomalia,Desviacion de Correlacion,anomalia,Ruido,fail,,,,,,,,,,,PRAD,,,1.0,PRGINT,low,B_type_mismatch
CD_535a7766b8cc,CD,anomalia,Desviacion de Correlacion,anomalia,Ruido,fail,,,,,,,,,,,PRAD,,,1.0,PRGINT,low,B_type_mismatch
CD_6f1325807d51,CD,anomalia,Desviacion de Correlacion,anomalia,Ruido,fail,,,,,,,,,,,PRAD,,,1.0,PRGINT,low,B_type_mismatch
CD_6af329730fdd,CD,anomalia,Desviacion de Correlacion,anomalia,Ruido,fail,,,,,,,,,,,PRAD,,,1.0,PRGINT,low,B_type_mismatch
CD_724fb4553687,CD,anomalia,Desviacion de Correlacion,anomalia,Ruido,fail,,,,,,,,,,,PRAD,,,1.0,PRGINT,low,B_type_mismatch
CD_07d3aefe0a9d,CD,anomalia,Desviacion de Correlacion,anomalia,Ruido,fail,,,,,,,,,,,PRAD,,,1.0,PRGINT,low,B_type_mismatch
CD_dc92cc08d589,CD,anomalia,Desviacion de Correlacion,anomalia,Ruido,fail,,,,,,,,,,,PRAD,,,1.0,PRGINT,low,B_type_mismatch
CD_2596d43b8810,CD,anomalia,Desviacion de Correlacion,anomalia,Ruido,fail,,,,,,,,,,,PRAD,,,1.0,PRGINT,low,B_type_mismatch
CD_75ca46ef9baf,CD,anomalia,Desviacion de Correlacion,anomalia,Ruido,fail,,,,,,,,,,,PRAD,,,1.0,PRGINT,low,B_type_mismatch
CD_f9abdd53ebba,CD,anomalia,Desviacion de Correlacion,anomalia,Ruido,fail,,,,,,,,,,,PRAD,,,1.0,PRGINT,low,B_type_mismatch
CD_55915e38bc43,CD,anomalia,Desviacion de Correlacion,anomalia,Ruido,fail,,,,,,,,,,,PRAD,,,1.0,PRGINT,low,B_type_mismatch
CD_88edbf822da9,CD,anomalia,Desviacion de Correlacion,anomalia,Contextual,fail,,,,,,,,,,,PRAD,,,1.0,PRGINT,low,B_type_mismatch
CD_cf2656fa4f4f,CD,anomalia,Desviacion de Correlacion,anomalia,Ruido,fail,,,,,,,,,,,PRAD,,,1.0,PRGINT,low,B_type_mismatch
CD_82e87d4e7ea8,CD,anomalia,Desviacion de Correlacion,anomalia,Ruido,fail,,,,,,,,,,,PRAD,,,1.0,PRGINT,low,B_type_mismatch
CD_af6e309b000c,CD,anomalia,Desviacion de Correlacion,anomalia,Ruido,fail,,,,,,,,,,,PRAD,,,1.0,PRGINT,low,B_type_mismatch
CD_88e93fa6593e,CD,anomalia,Desviacion de Correlacion,anomalia,Ruido,fail,,,,,,,,,,,PRAD,,,1.0,PRGINT,low,B_type_mismatch
CD_458346301f35,CD,anomalia,Desviacion de Correlacion,anomalia,Ruido,fail,,,,,,,,,,,PRAD,,,1.0,PRGINT,low,B_type_mismatch
CD_69815819de74,CD,anomalia,Desviacion de Correlacion,anomalia,Ruido,fail,,,,,,,,,,,PRAD,,,1.0,PRGINT,low,B_type_mismatch
CD_a113d1f0862d,CD,anomalia,Desviacion de Correlacion,anomalia,Ruido,fail,,,,,,,,,,,PRAD,,,1.0,PRGINT,low,B_type_mismatch
CD_c797d86ff7bd,CD,anomalia,Desviacion de Correlacion,anomalia,Ruido,fail,,,,,,,,,,,PRAD,,,1.0,PRGINT,low,B_type_mismatch
CD_4a1494471747,CD,anomalia,Desviacion de Correlacion,anomalia,Ruido,fail,,,,,,,,,,,PRAD,,,1.0,PRGINT,low,B_type_mismatch
CD_f88e46fbd5db,CD,anomalia,Desviacion de Correlacion,anomalia,Ruido,fail,,,,,,,,,,,PRAD,,,1.0,PRGINT,low,B_type_mismatch
CD_840b4cd6c344,CD,anomalia,Desviacion de Correlacion,anomalia,Ruido,fail,,,,,,,,,,,PRAD,,,1.0,PRGINT,low,B_type_mismatch
CD_c7d7de0683c8,CD,anomalia,Desviacion de Correlacion,anomalia,Ruido,fail,,,,,,,,,,,PRAD,,,1.0,PRGINT,low,B_type_mismatch
CD_b5f3112d6dd8,CD,anomalia,Desviacion de Correlacion,anomalia,Ruido,fail,,,,,,,,,,,PRAD,,,1.0,PRGINT,low,B_type_mismatch
CD_757acfccaade,CD,anomalia,Desviacion de Correlacion,anomalia,Ruido,fail,,,,,,,,,,,PRAD,,,1.0,PRGINT,low,B_type_mismatch
CD_fc2f544460b0,CD,anomalia,Desviacion de Correlacion,anomalia,Ruido,fail,,,,,,,,,,,PRAD,,,1.0,PRGINT,low,B_type_mismatch
CD_d771866ac1d4,CD,anomalia,Desviacion de Correlacion,anomalia,Ruido,fail,,,,,,,,,,,PRAD,,,1.0,PRGINT,low,B_type_mismatch
CD_7a0eb9d0e1b1,CD,anomalia,Desviacion de Correlacion,anomalia,Ruido,fail,,,,,,,,,,,PRAD,,,1.0,PRGINT,low,B_type_mismatch
CD_d08d88d86847,CD,anomalia,Desviacion de Correlacion,anomalia,Ruido,fail,,,,,,,,,,,PRAD,,,1.0,PRGINT,low,B_type_mismatch
CD_985c8971a17c,CD,anomalia,Desviacion de Correlacion,anomalia,Ruido,fail,,,,,,,,,,,PRAD,,,1.0,PRGINT,low,B_type_mismatch
CD_9582cdefc719,CD,anomalia,Desviacion de Correlacion,anomalia,Ruido,fail,,,,,,,,,,,PRAD,,,1.0,PRGINT,low,B_type_mismatch
CD_ff8bca5be83c,CD,anomalia,Desviacion de Correlacion,anomalia,Ruido,fail,,,,,,,,,,,PRAD,,,1.0,PRGINT,low,B_type_mismatch
CD_c12ebac9238e,CD,anomalia,Desviacion de Correlacion,anomalia,Ruido,fail,,,,,,,,,,,PRAD,,,1.0,PRGINT,low,B_type_mismatch
CD_4cd3f74ca02d,CD,anomalia,Desviacion de Correlacion,anomalia,Ruido,fail,,,,,,,,,,,PRAD,,,1.0,PRGINT,low,B_type_mismatch
CD_4e174c9fc3a8,CD,anomalia,Desviacion de Correlacion,anomalia,Ruido,fail,,,,,,,,,,,PRAD,,,1.0,PRGINT,low,B_type_mismatch
CD_e3d510db1f0c,CD,anomalia,Desviacion de Correlacion,anomalia,Ruido,fail,,,,,,,,,,,PRAD,,,1.0,PRGINT,low,B_type_mismatch
CD_b9c6beba7759,CD,anomalia,Desviacion de Correlacion,anomalia,Ruido,fail,,,,,,,,,,,PRAD,,,1.0,PRGINT,low,B_type_mismatch
CD_e988b3657476,CD,anomalia,Desviacion de Correlacion,anomalia,Ruido,fail,,,,,,,,,,,PRAD,,,1.0,PRGINT,low,B_type_mismatch
CD_ba14ee64df91,CD,anomalia,Desviacion de Correlacion,anomalia,Ruido,fail,,,,,,,,,,,PRAD,,,1.0,PRGINT,low,B_type_mismatch
CD_dd75b7e7f3b1,CD,anomalia,Desviacion de Correlacion,anomalia,Ruido,fail,,,,,,,,,,,PRAD,,,1.0,PRGINT,low,B_type_mismatch
CD_edc5801edea0,CD,anomalia,Desviacion de Correlacion,anomalia,Ruido,fail,,,,,,,,,,,PRAD,,,1.0,PRGINT,low,B_type_mismatch
CD_72cecbe00fe0,CD,anomalia,Desviacion de Correlacion,anomalia,Ruido,fail,,,,,,,,,,,PRAD,,,1.0,PRGINT,low,B_type_mismatch
CD_02658b700b16,CD,anomalia,Desviacion de Correlacion,anomalia,Ruido,fail,,,,,,,,,,,PRAD,,,1.0,PRGINT,low,B_type_mismatch
CD_07c5c155a97b,CD,anomalia,Desviacion de Correlacion,anomalia,Ruido,fail,,,,,,,,,,,PRAD,,,1.0,PRGINT,low,B_type_mismatch
CD_4055b3d0d911,CD,anomalia,Desviacion de Correlacion,anomalia,Ruido,fail,,,,,,,,,,,PRAD,,,1.0,PRGINT,low,B_type_mismatch
CD_b0a47bfab546,CD,anomalia,Desviacion de Correlacion,anomalia,Ruido,fail,,,,,,,,,,,PRAD,,,1.0,PRGINT,low,B_type_mismatch
CD_1c56f5ce0bcb,CD,anomalia,Desviacion de Correlacion,anomalia,Ruido,fail,,,,,,,,,,,PRAD,,,1.0,PRGINT,low,B_type_mismatch
CD_aaca61a5705c,CD,anomalia,Desviacion de Correlacion,anomalia,Ruido,fail,,,,,,,,,,,PRAD,,,1.0,PRGINT,low,B_type_mismatch
CD_17af25d2cd4b,CD,anomalia,Desviacion de Correlacion,anomalia,Ruido,fail,,,,,,,,,,,PRAD,,,1.0,PRGINT,low,B_type_mismatch
CD_95fa7e82cbef,CD,anomalia,Desviacion de Correlacion,anomalia,Ruido,fail,,,,,,,,,,,PRAD,,,1.0,PRGINT,low,B_type_mismatch
CD_e27d4742ccce,CD,anomalia,Desviacion de Correlacion,anomalia,Ruido,fail,,,,,,,,,,,PRAD,,,1.0,PRGINT,low,B_type_mismatch
CD_843b65dd1186,CD,anomalia,Desviacion de Correlacion,anomalia,Ruido,fail,,,,,,,,,,,PRAD,,,1.0,PRGINT,low,B_type_mismatch
CD_9bc018dca672,CD,anomalia,Desviacion de Correlacion,anomalia,Ruido,fail,,,,,,,,,,,PRAD,,,1.0,PRGINT,low,B_type_mismatch
CD_8ca494975678,CD,anomalia,Desviacion de Correlacion,anomalia,Ruido,fail,,,,,,,,,,,PRAD,,,1.0,PRGINT,low,B_type_mismatch
CD_8c62a0c2d484,CD,anomalia,Desviacion de Correlacion,anomalia,Ruido,fail,,,,,,,,,,,PRAD,,,1.0,PRGINT,low,B_type_mismatch
CD_17c63c9692cd,CD,anomalia,Desviacion de Correlacion,anomalia,Ruido,fail,,,,,,,,,,,PRAD,,,1.0,PRGINT,low,B_type_mismatch
CD_7a9308323fdb,CD,anomalia,Desviacion de Correlacion,anomalia,Ruido,fail,,,,,,,,,,,PRAD,,,1.0,PRGINT,low,B_type_mismatch
CD_636a18f7b6ed,CD,anomalia,Desviacion de Correlacion,anomalia,Ruido,fail,,,,,,,,,,,PRAD,,,1.0,PRGINT,low,B_type_mismatch
CD_80593df76a96,CD,anomalia,Desviacion de Correlacion,anomalia,Ruido,fail,,,,,,,,,,,PRAD,,,1.0,PRGINT,low,B_type_mismatch
CD_ce74787ffafb,CD,anomalia,Desviacion de Correlacion,anomalia,Ruido,fail,,,,,,,,,,,PRAD,,,1.0,PRGINT,low,B_type_mismatch
CD_8339bd5ee15a,CD,anomalia,Desviacion de Correlacion,anomalia,Ruido,fail,,,,,,,,,,,PRAD,,,1.0,PRGINT,low,B_type_mismatch
CD_d9f4da2860af,CD,anomalia,Desviacion de Correlacion,anomalia,Ruido,fail,,,,,,,,,,,PRAD,,,1.0,PRGINT,low,B_type_mismatch
CD_3d99bfe367a6,CD,anomalia,Desviacion de Correlacion,anomalia,Ruido,fail,,,,,,,,,,,PRAD,,,1.0,PRGINT,low,B_type_mismatch
CD_16f4a443dc96,CD,anomalia,Desviacion de Correlacion,anomalia,Ruido,fail,,,,,,,,,,,PRAD,,,1.0,PRGINT,low,B_type_mismatch
CD_357208184dd1,CD,anomalia,Desviacion de Correlacion,anomalia,Ruido,fail,,,,,,,,,,,PRAD,,,1.0,PRGINT,low,B_type_mismatch
CD_7fd728dc83cb,CD,anomalia,Desviacion de Correlacion,anomalia,Ruido,fail,,,,,,,,,,,PRAD,,,1.0,PRGINT,low,B_type_mismatch
CD_dac748ad2b8f,CD,anomalia,Desviacion de Correlacion,anomalia,Ruido,fail,,,,,,,,,,,PRAD,,,1.0,PRGINT,low,B_type_mismatch
CD_d6439c28adde,CD,anomalia,Desviacion de Correlacion,anomalia,Ruido,fail,,,,,,,,,,,PRAD,,,1.0,PRGINT,low,B_type_mismatch
CD_c158bc018e3a,CD,anomalia,Desviacion de Correlacion,anomalia,Ruido,fail,,,,,,,,,,,PRAD,,,1.0,PRGINT,low,B_type_mismatch
CD_5fa749ccae02,CD,anomalia,Desviacion de Correlacion,anomalia,Ruido,fail,,,,,,,,,,,PRAD,,,1.0,PRGINT,low,B_type_mismatch
CD_1621b9db2a88,CD,anomalia,Desviacion de Correlacion,anomalia,Ruido,fail,,,,,,,,,,,PRAD,,,1.0,PRGINT,low,B_type_mismatch
CD_0c69bbfd3b8b,CD,anomalia,Desviacion de Correlacion,anomalia,Ruido,fail,,,,,,,,,,,PRAD,,,1.0,PRGINT,low,B_type_mismatch
CD_169fe4d2d60c,CD,anomalia,Desviacion de Correlacion,anomalia,Contextual,fail,,,,,,,,,,,PRAD,,,1.0,PRGINT,low,B_type_mismatch
CD_1cea5ae7d71e,CD,anomalia,Desviacion de Correlacion,anomalia,Ruido,fail,,,,,,,,,,,PRAD,,,1.0,PRGINT,low,B_type_mismatch
CD_678b471c5030,CD,anomalia,Desviacion de Correlacion,anomalia,Ruido,fail,,,,,,,,,,,PRAD,,,1.0,PRGINT,low,B_type_mismatch
CD_e23f0c16ef83,CD,anomalia,Desviacion de Correlacion,anomalia,Ruido,fail,,,,,,,,,,,PRAD,,,1.0,PRGINT,low,B_type_mismatch
CD_bd89f02f944e,CD,anomalia,Desviacion de Correlacion,anomalia,Ruido,fail,,,,,,,,,,,PRAD,,,1.0,PRGINT,low,B_type_mismatch
CD_fb8916a9c22b,CD,anomalia,Desviacion de Correlacion,anomalia,Ruido,fail,,,,,,,,,,,PRAD,,,1.0,PRGINT,low,B_type_mismatch
CD_442eb318dc87,CD,anomalia,Desviacion de Correlacion,anomalia,Ruido,fail,,,,,,,,,,,PRAD,,,1.0,PRGINT,low,B_type_mismatch
CD_e6a313ebb34d,CD,anomalia,Desviacion de Correlacion,anomalia,Ruido,fail,,,,,,,,,,,PRAD,,,1.0,PRGINT,low,B_type_mismatch
CD_96ced6f754a4,CD,anomalia,Desviacion de Correlacion,anomalia,Ruido,fail,,,,,,,,,,,PRAD,,,1.0,PRGINT,low,B_type_mismatch
CD_e34f9930b2e3,CD,anomalia,Desviacion de Correlacion,anomalia,Ruido,fail,,,,,,,,,,,PRAD,,,1.0,PRGINT,low,B_type_mismatch
CD_5f19bc15baea,CD,anomalia,Desviacion de Correlacion,anomalia,Contextual,fail,,,,,,,,,,,XTINV,,,-1.0,XHINV,low,B_type_mismatch
CD_82ffb58688bd,CD,anomalia,Desviacion de Correlacion,anomalia,Contextual,fail,,,,,,,,,,,XTINV,,,-1.0,XHINV,low,B_type_mismatch
CD_09acfd3bf2d1,CD,anomalia,Desviacion de Correlacion,anomalia,Ruido,fail,,,,,,,,,,,XTINV,,,-1.0,XHINV,low,B_type_mismatch
CD_c7e32137c24a,CD,anomalia,Desviacion de Correlacion,anomalia,Ruido,fail,,,,,,,,,,,XTINV,,,-1.0,XHINV,low,B_type_mismatch
CD_0685aee267f0,CD,anomalia,Desviacion de Correlacion,anomalia,Contextual,fail,,,,,,,,,,,XTINV,,,-1.0,XHINV,low,B_type_mismatch
CD_925ed22d0561,CD,anomalia,Desviacion de Correlacion,anomalia,Contextual,fail,,,,,,,,,,,XTINV,,,-1.0,XHINV,low,B_type_mismatch
CD_bab80f10d22e,CD,anomalia,Desviacion de Correlacion,anomalia,Contextual,fail,,,,,,,,,,,XTINV,,,-1.0,XHINV,low,B_type_mismatch
CD_57ec9605f95a,CD,anomalia,Desviacion de Correlacion,anomalia,Contextual,fail,,,,,,,,,,,XTINV,,,-1.0,XHINV,low,B_type_mismatch
CD_e3eb2bc95304,CD,anomalia,Desviacion de Correlacion,anomalia,Contextual,fail,,,,,,,,,,,XTINV,,,-1.0,XHINV,low,B_type_mismatch
CD_a575166f63c1,CD,anomalia,Desviacion de Correlacion,anomalia,Ruido,fail,,,,,,,,,,,XTINV,,,-1.0,XHINV,low,B_type_mismatch
CD_f79277a2423d,CD,anomalia,Desviacion de Correlacion,anomalia,Ruido,fail,,,,,,,,,,,XTINV,,,-1.0,XHINV,low,B_type_mismatch
CD_499cbc48d503,CD,anomalia,Desviacion de Correlacion,anomalia,Contextual,fail,,,,,,,,,,,XTINV,,,-1.0,XHINV,low,B_type_mismatch
CD_d05abdca4cea,CD,anomalia,Desviacion de Correlacion,anomalia,Contextual,fail,,,,,,,,,,,XTINV,,,-1.0,XHINV,low,B_type_mismatch
CD_30d68b490d59,CD,anomalia,Desviacion de Correlacion,anomalia,Contextual,fail,,,,,,,,,,,XTINV,,,-1.0,XHINV,low,B_type_mismatch
CD_4578cb366cdf,CD,anomalia,Desviacion de Correlacion,anomalia,Ruido,fail,,,,,,,,,,,XTINV,,,-1.0,XHINV,low,B_type_mismatch
CD_04dce8350703,CD,anomalia,Desviacion de Correlacion,anomalia,Contextual,fail,,,,,,,,,,,XTINV,,,-1.0,XHINV,low,B_type_mismatch
CD_8bc08688a86f,CD,anomalia,Desviacion de Correlacion,anomalia,Contextual,fail,,,,,,,,,,,XTINV,,,-1.0,XHINV,low,B_type_mismatch
CD_49d73aaefe0f,CD,anomalia,Desviacion de Correlacion,anomalia,Contextual,fail,,,,,,,,,,,XTINV,,,-1.0,XHINV,low,B_type_mismatch
CD_d6c265cf91a3,CD,anomalia,Desviacion de Correlacion,anomalia,Contextual,fail,,,,,,,,,,,XTINV,,,-1.0,XHINV,low,B_type_mismatch
CD_9b2e5a9f5ba5,CD,anomalia,Desviacion de Correlacion,anomalia,Contextual,fail,,,,,,,,,,,XTINV,,,-1.0,XHINV,low,B_type_mismatch
CD_78334aa4646c,CD,anomalia,Desviacion de Correlacion,anomalia,Contextual,fail,,,,,,,,,,,XTINV,,,-1.0,XHINV,low,B_type_mismatch
CD_b2121f775f9f,CD,anomalia,Desviacion de Correlacion,anomalia,Contextual,fail,,,,,,,,,,,XTINV,,,-1.0,XHINV,low,B_type_mismatch
CD_a55d77313dac,CD,anomalia,Desviacion de Correlacion,anomalia,Contextual,fail,,,,,,,,,,,XTINV,,,-1.0,XHINV,low,B_type_mismatch
CD_b8bdc9894f72,CD,anomalia,Desviacion de Correlacion,anomalia,Contextual,fail,,,,,,,,,,,XTINV,,,-1.0,XHINV,low,B_type_mismatch
CD_01fa71dfde0b,CD,anomalia,Desviacion de Correlacion,anomalia,Contextual,fail,,,,,,,,,,,XTINV,,,-1.0,XHINV,low,B_type_mismatch
CD_a46c0469d4fa,CD,anomalia,Desviacion de Correlacion,anomalia,Contextual,fail,,,,,,,,,,,XTINV,,,-1.0,XHINV,low,B_type_mismatch
CD_3fe13e596569,CD,anomalia,Desviacion de Correlacion,anomalia,Ruido,fail,,,,,,,,,,,XTINV,,,-1.0,XHINV,low,B_type_mismatch
CD_dcec53c14d74,CD,anomalia,Desviacion de Correlacion,anomalia,Contextual,fail,,,,,,,,,,,XTINV,,,-1.0,XHINV,low,B_type_mismatch
CD_bef7c0299e46,CD,anomalia,Desviacion de Correlacion,anomalia,Ruido,fail,,,,,,,,,,,XTINV,,,-1.0,XHINV,low,B_type_mismatch
CD_b7f1d1992753,CD,anomalia,Desviacion de Correlacion,anomalia,Contextual,fail,,,,,,,,,,,XTINV,,,-1.0,XHINV,low,B_type_mismatch
CD_c6941404090d,CD,anomalia,Desviacion de Correlacion,anomalia,Contextual,fail,,,,,,,,,,,XTINV,,,-1.0,XHINV,low,B_type_mismatch
CD_1dafbec8f27f,CD,anomalia,Desviacion de Correlacion,anomalia,Contextual,fail,,,,,,,,,,,XTINV,,,-1.0,XHINV,low,B_type_mismatch
CD_7983f0ee48fa,CD,anomalia,Desviacion de Correlacion,anomalia,Contextual,fail,,,,,,,,,,,XTINV,,,-1.0,XHINV,low,B_type_mismatch
CD_41b9ea143745,CD,anomalia,Desviacion de Correlacion,anomalia,Contextual,fail,,,,,,,,,,,XTINV,,,-1.0,XHINV,low,B_type_mismatch
CD_209c23146336,CD,anomalia,Desviacion de Correlacion,anomalia,Ruido,fail,,,,,,,,,,,XTINV,,,-1.0,XHINV,low,B_type_mismatch
CD_49091ffa222d,CD,anomalia,Desviacion de Correlacion,anomalia,Ruido,fail,,,,,,,,,,,XTINV,,,-1.0,XHINV,low,B_type_mismatch
CD_309063753438,CD,anomalia,Desviacion de Correlacion,anomalia,Ruido,fail,,,,,,,,,,,XTINV,,,-1.0,XHINV,low,B_type_mismatch
CD_9235d21a3a77,CD,anomalia,Desviacion de Correlacion,anomalia,Contextual,fail,,,,,,,,,,,XTINV,,,-1.0,XHINV,low,B_type_mismatch
CD_8e3545e4bc55,CD,anomalia,Desviacion de Correlacion,anomalia,Contextual,fail,,,,,,,,,,,XTINV,,,-1.0,XHINV,low,B_type_mismatch
CD_372aa898aec3,CD,anomalia,Desviacion de Correlacion,anomalia,Contextual,fail,,,,,,,,,,,XTINV,,,-1.0,XHINV,low,B_type_mismatch
CD_0327ac575606,CD,anomalia,Desviacion de Correlacion,anomalia,Ruido,fail,,,,,,,,,,,XTINV,,,-1.0,XHINV,low,B_type_mismatch
CD_60547defc1b8,CD,anomalia,Desviacion de Correlacion,anomalia,Contextual,fail,,,,,,,,,,,XTINV,,,-1.0,XHINV,low,B_type_mismatch
CD_cd13a5dbff32,CD,anomalia,Desviacion de Correlacion,anomalia,Contextual,fail,,,,,,,,,,,XTINV,,,-1.0,XHINV,low,B_type_mismatch
CD_edab17a040b8,CD,anomalia,Desviacion de Correlacion,anomalia,Contextual,fail,,,,,,,,,,,XTINV,,,-1.0,XHINV,low,B_type_mismatch
CD_94d1cf209320,CD,anomalia,Desviacion de Correlacion,anomalia,Contextual,fail,,,,,,,,,,,XTINV,,,-1.0,XHINV,low,B_type_mismatch
CD_5ce49e1b7298,CD,anomalia,Desviacion de Correlacion,anomalia,Contextual,fail,,,,,,,,,,,XTINV,,,-1.0,XHINV,low,B_type_mismatch
CD_a3e96c275225,CD,anomalia,Desviacion de Correlacion,anomalia,Contextual,fail,,,,,,,,,,,XTINV,,,-1.0,XHINV,low,B_type_mismatch
CD_676f481605e7,CD,anomalia,Desviacion de Correlacion,anomalia,Contextual,fail,,,,,,,,,,,XTINV,,,-1.0,XHINV,low,B_type_mismatch
CD_a41fc2bd31e3,CD,anomalia,Desviacion de Correlacion,anomalia,Ruido,fail,,,,,,,,,,,XTINV,,,-1.0,XHINV,low,B_type_mismatch
CD_2b2d82bfb3b4,CD,anomalia,Desviacion de Correlacion,anomalia,Contextual,fail,,,,,,,,,,,XTINV,,,-1.0,XHINV,low,B_type_mismatch
CD_5e0ec8aa48d1,CD,anomalia,Desviacion de Correlacion,anomalia,Contextual,fail,,,,,,,,,,,XTINV,,,-1.0,XHINV,low,B_type_mismatch
CD_e9ba1b9193af,CD,anomalia,Desviacion de Correlacion,anomalia,Contextual,fail,,,,,,,,,,,XTINV,,,-1.0,XHINV,low,B_type_mismatch
CD_aeb041160348,CD,anomalia,Desviacion de Correlacion,anomalia,Ruido,fail,,,,,,,,,,,XTINV,,,-1.0,XHINV,low,B_type_mismatch
CD_7674554e9a36,CD,anomalia,Desviacion de Correlacion,anomalia,Contextual,fail,,,,,,,,,,,XTINV,,,-1.0,XHINV,low,B_type_mismatch
CD_7c749e16d04e,CD,anomalia,Desviacion de Correlacion,anomalia,Contextual,fail,,,,,,,,,,,XTINV,,,-1.0,XHINV,low,B_type_mismatch
CD_f8e20a8f2c9d,CD,anomalia,Desviacion de Correlacion,anomalia,Ruido,fail,,,,,,,,,,,XTINV,,,-1.0,XHINV,low,B_type_mismatch
CD_39f44a0ffe3d,CD,anomalia,Desviacion de Correlacion,anomalia,Contextual,fail,,,,,,,,,,,XTINV,,,-1.0,XHINV,low,B_type_mismatch
CD_d533b9a6c609,CD,anomalia,Desviacion de Correlacion,anomalia,Contextual,fail,,,,,,,,,,,XTINV,,,-1.0,XHINV,low,B_type_mismatch
CD_20b23cd2d28d,CD,anomalia,Desviacion de Correlacion,anomalia,Ruido,fail,,,,,,,,,,,XTINV,,,-1.0,XHINV,low,B_type_mismatch
CD_203fb6d29764,CD,anomalia,Desviacion de Correlacion,anomalia,Ruido,fail,,,,,,,,,,,XTINV,,,-1.0,XHINV,low,B_type_mismatch
CD_5f98ec976b2e,CD,anomalia,Desviacion de Correlacion,anomalia,Contextual,fail,,,,,,,,,,,XTINV,,,-1.0,XHINV,low,B_type_mismatch
CD_ca8f9215f1c3,CD,anomalia,Desviacion de Correlacion,anomalia,Ruido,fail,,,,,,,,,,,XTINV,,,-1.0,XHINV,low,B_type_mismatch
CD_d948974fae15,CD,anomalia,Desviacion de Correlacion,anomalia,Contextual,fail,,,,,,,,,,,XTINV,,,-1.0,XHINV,low,B_type_mismatch
CD_3f7800dec94f,CD,anomalia,Desviacion de Correlacion,anomalia,Contextual,fail,,,,,,,,,,,XTINV,,,-1.0,XHINV,low,B_type_mismatch
CD_7300b4e8ca5d,CD,anomalia,Desviacion de Correlacion,anomalia,Contextual,fail,,,,,,,,,,,XTINV,,,-1.0,XHINV,low,B_type_mismatch
CD_810786dc5305,CD,anomalia,Desviacion de Correlacion,anomalia,Ruido,fail,,,,,,,,,,,XTINV,,,-1.0,XHINV,low,B_type_mismatch
CD_92442426d57f,CD,anomalia,Desviacion de Correlacion,anomalia,Contextual,fail,,,,,,,,,,,XTINV,,,-1.0,XHINV,low,B_type_mismatch
CD_1fdca33405d5,CD,anomalia,Desviacion de Correlacion,anomalia,Ruido,fail,,,,,,,,,,,XTINV,,,-1.0,XHINV,low,B_type_mismatch
CD_4959937d34bf,CD,anomalia,Desviacion de Correlacion,anomalia,Contextual,fail,,,,,,,,,,,XTINV,,,-1.0,XHINV,low,B_type_mismatch
CD_621196d1d617,CD,anomalia,Desviacion de Correlacion,anomalia,Contextual,fail,,,,,,,,,,,XTINV,,,-1.0,XHINV,low,B_type_mismatch
CD_7d6972c9b663,CD,anomalia,Desviacion de Correlacion,anomalia,Contextual,fail,,,,,,,,,,,XTINV,,,-1.0,XHINV,low,B_type_mismatch
CD_b2be549830a0,CD,anomalia,Desviacion de Correlacion,anomalia,Contextual,fail,,,,,,,,,,,XTINV,,,-1.0,XHINV,low,B_type_mismatch
CD_8b19b0d4b5c1,CD,anomalia,Desviacion de Correlacion,anomalia,Contextual,fail,,,,,,,,,,,XTINV,,,-1.0,XHINV,low,B_type_mismatch
CD_0972f2001017,CD,anomalia,Desviacion de Correlacion,anomalia,Contextual,fail,,,,,,,,,,,XTINV,,,-1.0,XHINV,low,B_type_mismatch
CD_327c963d5cd6,CD,anomalia,Desviacion de Correlacion,anomalia,Contextual,fail,,,,,,,,,,,XTINV,,,-1.0,XHINV,low,B_type_mismatch
CD_f1a72e56a162,CD,anomalia,Desviacion de Correlacion,anomalia,Contextual,fail,,,,,,,,,,,XTINV,,,-1.0,XHINV,low,B_type_mismatch
CD_40aadc9e4d6b,CD,anomalia,Desviacion de Correlacion,anomalia,Contextual,fail,,,,,,,,,,,XTINV,,,-1.0,XHINV,low,B_type_mismatch
CD_959ec7b309da,CD,anomalia,Desviacion de Correlacion,anomalia,Ruido,fail,,,,,,,,,,,XTINV,,,-1.0,XHINV,low,B_type_mismatch
CD_a0d75231c964,CD,anomalia,Desviacion de Correlacion,anomalia,Contextual,fail,,,,,,,,,,,XTINV,,,-1.0,XHINV,low,B_type_mismatch
CD_b1f1be0333cc,CD,anomalia,Desviacion de Correlacion,anomalia,Contextual,fail,,,,,,,,,,,XTINV,,,-1.0,XHINV,low,B_type_mismatch
CD_4f85ee29411d,CD,anomalia,Desviacion de Correlacion,anomalia,Contextual,fail,,,,,,,,,,,XTINV,,,-1.0,XHINV,low,B_type_mismatch
CD_852316b65819,CD,anomalia,Desviacion de Correlacion,anomalia,Contextual,fail,,,,,,,,,,,XTINV,,,-1.0,XHINV,low,B_type_mismatch
CD_1c9ef734d57d,CD,anomalia,Desviacion de Correlacion,anomalia,Contextual,fail,,,,,,,,,,,XTINV,,,-1.0,XHINV,low,B_type_mismatch
CD_841111470021,CD,anomalia,Desviacion de Correlacion,anomalia,Contextual,fail,,,,,,,,,,,XTINV,,,-1.0,XHINV,low,B_type_mismatch
CD_215c303a2f5f,CD,anomalia,Desviacion de Correlacion,anomalia,Contextual,fail,,,,,,,,,,,XTINV,,,-1.0,XHINV,low,B_type_mismatch
CD_27fcfe9e3780,CD,anomalia,Desviacion de Correlacion,anomalia,Contextual,fail,,,,,,,,,,,XTINV,,,-1.0,XHINV,low,B_type_mismatch
CD_f92265965cba,CD,anomalia,Desviacion de Correlacion,anomalia,Contextual,fail,,,,,,,,,,,XTINV,,,-1.0,XHINV,low,B_type_mismatch
CD_31417c912d63,CD,anomalia,Desviacion de Correlacion,anomalia,Contextual,fail,,,,,,,,,,,XTINV,,,-1.0,XHINV,low,B_type_mismatch
CD_087a897675d5,CD,anomalia,Desviacion de Correlacion,anomalia,Contextual,fail,,,,,,,,,,,XTINV,,,-1.0,XHINV,low,B_type_mismatch
CD_25396af3a50c,CD,anomalia,Desviacion de Correlacion,anomalia,Contextual,fail,,,,,,,,,,,XTINV,,,-1.0,XHINV,low,B_type_mismatch
CD_6a06f7a5599c,CD,anomalia,Desviacion de Correlacion,anomalia,Contextual,fail,,,,,,,,,,,XTINV,,,-1.0,XHINV,low,B_type_mismatch
CD_23d015e6962c,CD,anomalia,Desviacion de Correlacion,anomalia,Ruido,fail,,,,,,,,,,,XTINV,,,-1.0,XHINV,low,B_type_mismatch
CD_a39184a575fe,CD,anomalia,Desviacion de Correlacion,anomalia,Contextual,fail,,,,,,,,,,,XTINV,,,-1.0,XHINV,low,B_type_mismatch
CD_c6643c280551,CD,anomalia,Desviacion de Correlacion,anomalia,Ruido,fail,,,,,,,,,,,XTINV,,,-1.0,XHINV,low,B_type_mismatch
CD_ed2e1a439323,CD,anomalia,Desviacion de Correlacion,anomalia,Contextual,fail,,,,,,,,,,,XTINV,,,-1.0,XHINV,low,B_type_mismatch
CD_ca10ef635f28,CD,anomalia,Desviacion de Correlacion,anomalia,Ruido,fail,,,,,,,,,,,XTINV,,,-1.0,XHINV,low,B_type_mismatch
CD_990a9c594747,CD,anomalia,Desviacion de Correlacion,anomalia,Contextual,fail,,,,,,,,,,,XTINV,,,-1.0,XHINV,low,B_type_mismatch
CD_fb606533d05b,CD,anomalia,Desviacion de Correlacion,anomalia,Contextual,fail,,,,,,,,,,,XTINV,,,-1.0,XHINV,low,B_type_mismatch
CD_b867f742e53b,CD,anomalia,Desviacion de Correlacion,anomalia,Contextual,fail,,,,,,,,,,,XTINV,,,-1.0,XHINV,low,B_type_mismatch
CD_ccae6df24ba5,CD,anomalia,Desviacion de Correlacion,anomalia,Ruido,fail,,,,,,,,,,,XTINV,,,-1.0,XHINV,low,B_type_mismatch
CD_61d6e27b737d,CD,anomalia,Desviacion de Correlacion,anomalia,Ruido,fail,,,,,,,,,,,XTINV,,,-1.0,XHINV,low,B_type_mismatch
CD_2e5380f198f9,CD,anomalia,Desviacion de Correlacion,anomalia,Ruido,fail,,,,,,,,,,,XTINV,,,-1.0,XHINV,low,B_type_mismatch
CD_88bb47ade06d,CD,anomalia,Desviacion de Correlacion,anomalia,Contextual,fail,,,,,,,,,,,XTINV,,,-1.0,XHINV,low,B_type_mismatch
CD_c6755c255ad2,CD,anomalia,Desviacion de Correlacion,anomalia,Ruido,fail,,,,,,,,,,,XTINV,,,-1.0,XHINV,low,B_type_mismatch
CD_b34f3db27970,CD,anomalia,Desviacion de Correlacion,anomalia,Contextual,fail,,,,,,,,,,,XTINV,,,-1.0,XHINV,low,B_type_mismatch
CD_8dd851a11720,CD,anomalia,Desviacion de Correlacion,anomalia,Contextual,fail,,,,,,,,,,,XTINV,,,-1.0,XHINV,low,B_type_mismatch
CD_a37e1c740a6e,CD,anomalia,Desviacion de Correlacion,anomalia,Contextual,fail,,,,,,,,,,,XTINV,,,-1.0,XHINV,low,B_type_mismatch
CD_e0449094da44,CD,anomalia,Desviacion de Correlacion,anomalia,Contextual,fail,,,,,,,,,,,XTINV,,,-1.0,XHINV,low,B_type_mismatch
CD_269c329224e2,CD,anomalia,Desviacion de Correlacion,anomalia,Contextual,fail,,,,,,,,,,,XTINV,,,-1.0,XHINV,low,B_type_mismatch
CD_ea6664c0381b,CD,anomalia,Desviacion de Correlacion,anomalia,Ruido,fail,,,,,,,,,,,XTINV,,,-1.0,XHINV,low,B_type_mismatch
CD_eb49685796d3,CD,anomalia,Desviacion de Correlacion,anomalia,Contextual,fail,,,,,,,,,,,XTINV,,,-1.0,XHINV,low,B_type_mismatch
CD_d6721c516cb6,CD,anomalia,Desviacion de Correlacion,anomalia,Contextual,fail,,,,,,,,,,,XTINV,,,-1.0,XHINV,low,B_type_mismatch
CD_acd0dc7fadd7,CD,anomalia,Desviacion de Correlacion,anomalia,Contextual,fail,,,,,,,,,,,XTINV,,,-1.0,XHINV,low,B_type_mismatch
CD_94d899cd1c65,CD,anomalia,Desviacion de Correlacion,anomalia,Contextual,fail,,,,,,,,,,,XTINV,,,-1.0,XHINV,low,B_type_mismatch
CD_fd62aed3bc2f,CD,anomalia,Desviacion de Correlacion,anomalia,Contextual,fail,,,,,,,,,,,XTINV,,,-1.0,XHINV,low,B_type_mismatch
CD_2c07fa17376a,CD,anomalia,Desviacion de Correlacion,anomalia,Ruido,fail,,,,,,,,,,,XTINV,,,-1.0,XHINV,low,B_type_mismatch
CD_e5549ca1ad6c,CD,anomalia,Desviacion de Correlacion,anomalia,Contextual,fail,,,,,,,,,,,XTINV,,,-1.0,XHINV,low,B_type_mismatch
CD_8b6daccba3a1,CD,anomalia,Desviacion de Correlacion,anomalia,Ruido,fail,,,,,,,,,,,XTINV,,,-1.0,XHINV,low,B_type_mismatch
CD_893a7eac569e,CD,anomalia,Desviacion de Correlacion,anomalia,Contextual,fail,,,,,,,,,,,XTINV,,,-1.0,XHINV,low,B_type_mismatch
CD_12995cd52869,CD,anomalia,Desviacion de Correlacion,anomalia,Contextual,fail,,,,,,,,,,,XTINV,,,-1.0,XHINV,low,B_type_mismatch
CD_da59eb18455a,CD,anomalia,Desviacion de Correlacion,anomalia,Contextual,fail,,,,,,,,,,,XTINV,,,-1.0,XHINV,low,B_type_mismatch
CD_90602bc1007e,CD,anomalia,Desviacion de Correlacion,anomalia,Ruido,fail,,,,,,,,,,,XTINV,,,-1.0,XHINV,low,B_type_mismatch
CD_4954c46f35ee,CD,anomalia,Desviacion de Correlacion,anomalia,Contextual,fail,,,,,,,,,,,XTINV,,,-1.0,XHINV,low,B_type_mismatch
CD_04e63cb125d4,CD,anomalia,Desviacion de Correlacion,anomalia,Ruido,fail,,,,,,,,,,,XTINV,,,-1.0,XHINV,low,B_type_mismatch
CD_bfec99188085,CD,anomalia,Desviacion de Correlacion,anomalia,Contextual,fail,,,,,,,,,,,XTINV,,,-1.0,XHINV,low,B_type_mismatch
CD_b07773e9cc69,CD,anomalia,Desviacion de Correlacion,anomalia,Contextual,fail,,,,,,,,,,,XTINV,,,-1.0,XHINV,low,B_type_mismatch
CD_9d49c86505ce,CD,anomalia,Desviacion de Correlacion,anomalia,Contextual,fail,,,,,,,,,,,XTINV,,,-1.0,XHINV,low,B_type_mismatch
CD_6ecf02477a6e,CD,anomalia,Desviacion de Correlacion,anomalia,Contextual,fail,,,,,,,,,,,XTINV,,,-1.0,XHINV,low,B_type_mismatch
CD_4fe5c5b98919,CD,anomalia,Desviacion de Correlacion,anomalia,Contextual,fail,,,,,,,,,,,XTINV,,,-1.0,XHINV,low,B_type_mismatch
CD_8b778590ee6b,CD,anomalia,Desviacion de Correlacion,anomalia,Ruido,fail,,,,,,,,,,,XTINV,,,-1.0,XHINV,low,B_type_mismatch
CD_9a4d72df81cb,CD,anomalia,Desviacion de Correlacion,anomalia,Ruido,fail,,,,,,,,,,,XTINV,,,-1.0,XHINV,low,B_type_mismatch
CD_b6a393db60d0,CD,anomalia,Desviacion de Correlacion,anomalia,Ruido,fail,,,,,,,,,,,XTINV,,,-1.0,XHINV,low,B_type_mismatch
CD_4abfc236ee6e,CD,anomalia,Desviacion de Correlacion,anomalia,Ruido,fail,,,,,,,,,,,XTINV,,,-1.0,XHINV,low,B_type_mismatch
CD_ed7437b31c34,CD,anomalia,Desviacion de Correlacion,anomalia,Contextual,fail,,,,,,,,,,,XTINV,,,-1.0,XHINV,low,B_type_mismatch
CD_dbdb903497e3,CD,anomalia,Desviacion de Correlacion,anomalia,Contextual,fail,,,,,,,,,,,XTINV,,,-1.0,XHINV,low,B_type_mismatch
CD_30cdcdde6af8,CD,anomalia,Desviacion de Correlacion,anomalia,Contextual,fail,,,,,,,,,,,XTINV,,,-1.0,XHINV,low,B_type_mismatch
CD_1561319be6f8,CD,anomalia,Desviacion de Correlacion,anomalia,Ruido,fail,,,,,,,,,,,XTINV,,,-1.0,XHINV,low,B_type_mismatch
CD_638cff9f4d29,CD,anomalia,Desviacion de Correlacion,anomalia,Ruido,fail,,,,,,,,,,,XTINV,,,-1.0,XHINV,low,B_type_mismatch
CD_90bfd50871bc,CD,anomalia,Desviacion de Correlacion,anomalia,Contextual,fail,,,,,,,,,,,XTINV,,,-1.0,XHINV,low,B_type_mismatch
CD_68a710bba128,CD,anomalia,Desviacion de Correlacion,anomalia,Ruido,fail,,,,,,,,,,,XTINV,,,-1.0,XHINV,low,B_type_mismatch
CD_ce701973b5d6,CD,anomalia,Desviacion de Correlacion,anomalia,Contextual,fail,,,,,,,,,,,XTINV,,,-1.0,XHINV,low,B_type_mismatch
CD_a78746961594,CD,anomalia,Desviacion de Correlacion,anomalia,Ruido,fail,,,,,,,,,,,XTINV,,,-1.0,XHINV,low,B_type_mismatch
CD_47cc34af6b88,CD,anomalia,Desviacion de Correlacion,anomalia,Contextual,fail,,,,,,,,,,,XTINV,,,-1.0,XHINV,low,B_type_mismatch
CD_b789ee815af0,CD,anomalia,Desviacion de Correlacion,anomalia,Contextual,fail,,,,,,,,,,,XTINV,,,-1.0,XHINV,low,B_type_mismatch
CD_a2520279a6ee,CD,anomalia,Desviacion de Correlacion,anomalia,Ruido,fail,,,,,,,,,,,XTINV,,,-1.0,XHINV,high,B_type_mismatch
CD_32734212407d,CD,anomalia,Desviacion de Correlacion,anomalia,Ruido,fail,,,,,,,,,,,XTINV,,,-1.0,XHINV,high,B_type_mismatch
CD_5f707bf64059,CD,anomalia,Desviacion de Correlacion,anomalia,Ruido,fail,,,,,,,,,,,XTINV,,,-1.0,XHINV,high,B_type_mismatch
CD_85d078b10890,CD,anomalia,Desviacion de Correlacion,anomalia,Ruido,fail,,,,,,,,,,,XTINV,,,-1.0,XHINV,high,B_type_mismatch
CD_0e5ff12605f8,CD,anomalia,Desviacion de Correlacion,anomalia,Ruido,fail,,,,,,,,,,,XTINV,,,-1.0,XHINV,high,B_type_mismatch
CD_ce21ca9dfeda,CD,anomalia,Desviacion de Correlacion,anomalia,Ruido,fail,,,,,,,,,,,XTINV,,,-1.0,XHINV,high,B_type_mismatch
CD_9c551839f362,CD,anomalia,Desviacion de Correlacion,anomalia,Ruido,fail,,,,,,,,,,,XTINV,,,-1.0,XHINV,high,B_type_mismatch
CD_af6d0e44a7e2,CD,anomalia,Desviacion de Correlacion,anomalia,Ruido,fail,,,,,,,,,,,XTINV,,,-1.0,XHINV,high,B_type_mismatch
CD_c7976626c1ec,CD,anomalia,Desviacion de Correlacion,anomalia,Ruido,fail,,,,,,,,,,,XTINV,,,-1.0,XHINV,high,B_type_mismatch
CD_115bc73c43a0,CD,anomalia,Desviacion de Correlacion,anomalia,Ruido,fail,,,,,,,,,,,XTINV,,,-1.0,XHINV,high,B_type_mismatch
CD_b8abf6f3796e,CD,anomalia,Desviacion de Correlacion,anomalia,Ruido,fail,,,,,,,,,,,XTINV,,,-1.0,XHINV,high,B_type_mismatch
CD_c0409bea7925,CD,anomalia,Desviacion de Correlacion,anomalia,Ruido,fail,,,,,,,,,,,XTINV,,,-1.0,XHINV,high,B_type_mismatch
CD_b981f9be27d2,CD,anomalia,Desviacion de Correlacion,anomalia,Ruido,fail,,,,,,,,,,,XTINV,,,-1.0,XHINV,high,B_type_mismatch
CD_c61b8ec52343,CD,anomalia,Desviacion de Correlacion,anomalia,Ruido,fail,,,,,,,,,,,XTINV,,,-1.0,XHINV,high,B_type_mismatch
CD_b804b6118c0d,CD,anomalia,Desviacion de Correlacion,anomalia,Ruido,fail,,,,,,,,,,,XTINV,,,-1.0,XHINV,high,B_type_mismatch
CD_debb035ffb06,CD,anomalia,Desviacion de Correlacion,anomalia,Ruido,fail,,,,,,,,,,,XTINV,,,-1.0,XHINV,high,B_type_mismatch
CD_7b8fface9958,CD,anomalia,Desviacion de Correlacion,anomalia,Ruido,fail,,,,,,,,,,,XTINV,,,-1.0,XHINV,high,B_type_mismatch
CD_f3453c69f738,CD,anomalia,Desviacion de Correlacion,anomalia,Ruido,fail,,,,,,,,,,,XTINV,,,-1.0,XHINV,high,B_type_mismatch
CD_a20f61fc76f6,CD,anomalia,Desviacion de Correlacion,anomalia,Ruido,fail,,,,,,,,,,,XTINV,,,-1.0,XHINV,high,B_type_mismatch
CD_e14646d21a0f,CD,anomalia,Desviacion de Correlacion,anomalia,Ruido,fail,,,,,,,,,,,XTINV,,,-1.0,XHINV,high,B_type_mismatch
CD_ad4b19c803c5,CD,anomalia,Desviacion de Correlacion,anomalia,Ruido,fail,,,,,,,,,,,XTINV,,,-1.0,XHINV,high,B_type_mismatch
CD_06d404586a0a,CD,anomalia,Desviacion de Correlacion,anomalia,Ruido,fail,,,,,,,,,,,XTINV,,,-1.0,XHINV,high,B_type_mismatch
CD_d14d72beaa65,CD,anomalia,Desviacion de Correlacion,anomalia,Ruido,fail,,,,,,,,,,,XTINV,,,-1.0,XHINV,high,B_type_mismatch
CD_6a383430682e,CD,anomalia,Desviacion de Correlacion,anomalia,Ruido,fail,,,,,,,,,,,XTINV,,,-1.0,XHINV,high,B_type_mismatch
CD_c43e368380a3,CD,anomalia,Desviacion de Correlacion,anomalia,Ruido,fail,,,,,,,,,,,XTINV,,,-1.0,XHINV,high,B_type_mismatch
CD_374e5d13609b,CD,anomalia,Desviacion de Correlacion,anomalia,Ruido,fail,,,,,,,,,,,XTINV,,,-1.0,XHINV,high,B_type_mismatch
CD_313cd2f4d85f,CD,anomalia,Desviacion de Correlacion,anomalia,Ruido,fail,,,,,,,,,,,XTINV,,,-1.0,XHINV,high,B_type_mismatch
CD_eed04359318e,CD,anomalia,Desviacion de Correlacion,anomalia,Ruido,fail,,,,,,,,,,,XTINV,,,-1.0,XHINV,high,B_type_mismatch
CD_413fd88d22e8,CD,anomalia,Desviacion de Correlacion,anomalia,Ruido,fail,,,,,,,,,,,XTINV,,,-1.0,XHINV,high,B_type_mismatch
CD_f0be1180a018,CD,anomalia,Desviacion de Correlacion,anomalia,Ruido,fail,,,,,,,,,,,XTINV,,,-1.0,XHINV,high,B_type_mismatch
CD_88976d13a659,CD,anomalia,Desviacion de Correlacion,anomalia,Ruido,fail,,,,,,,,,,,XTINV,,,-1.0,XHINV,high,B_type_mismatch
CD_b6b12ddb9adc,CD,anomalia,Desviacion de Correlacion,anomalia,Ruido,fail,,,,,,,,,,,XTINV,,,-1.0,XHINV,high,B_type_mismatch
CD_dabc85f205e5,CD,anomalia,Desviacion de Correlacion,anomalia,Ruido,fail,,,,,,,,,,,XTINV,,,-1.0,XHINV,high,B_type_mismatch
CD_d6b5a0772351,CD,anomalia,Desviacion de Correlacion,anomalia,Ruido,fail,,,,,,,,,,,XTINV,,,-1.0,XHINV,high,B_type_mismatch
CD_7c2900756bbe,CD,anomalia,Desviacion de Correlacion,anomalia,Ruido,fail,,,,,,,,,,,XTINV,,,-1.0,XHINV,high,B_type_mismatch
CD_e0308d68b3c3,CD,anomalia,Desviacion de Correlacion,anomalia,Ruido,fail,,,,,,,,,,,XTINV,,,-1.0,XHINV,high,B_type_mismatch
CD_8bb9ccfa5bbb,CD,anomalia,Desviacion de Correlacion,anomalia,Ruido,fail,,,,,,,,,,,XTINV,,,-1.0,XHINV,high,B_type_mismatch
CD_adc85bd9e181,CD,anomalia,Desviacion de Correlacion,anomalia,Ruido,fail,,,,,,,,,,,XTINV,,,-1.0,XHINV,high,B_type_mismatch
CD_316170748ec2,CD,anomalia,Desviacion de Correlacion,anomalia,Ruido,fail,,,,,,,,,,,XTINV,,,-1.0,XHINV,high,B_type_mismatch
CD_6145c5d17497,CD,anomalia,Desviacion de Correlacion,anomalia,Ruido,fail,,,,,,,,,,,XTINV,,,-1.0,XHINV,high,B_type_mismatch
CD_df7db0935bbc,CD,anomalia,Desviacion de Correlacion,anomalia,Ruido,fail,,,,,,,,,,,XTINV,,,-1.0,XHINV,high,B_type_mismatch
CD_552f6b6f2ba4,CD,anomalia,Desviacion de Correlacion,anomalia,Ruido,fail,,,,,,,,,,,XTINV,,,-1.0,XHINV,high,B_type_mismatch
CD_d8f31b6eea05,CD,anomalia,Desviacion de Correlacion,anomalia,Ruido,fail,,,,,,,,,,,XTINV,,,-1.0,XHINV,high,B_type_mismatch
CD_faaa5e3444f7,CD,anomalia,Desviacion de Correlacion,anomalia,Ruido,fail,,,,,,,,,,,XTINV,,,-1.0,XHINV,high,B_type_mismatch
CD_c8346b9931b2,CD,anomalia,Desviacion de Correlacion,anomalia,Ruido,fail,,,,,,,,,,,XTINV,,,-1.0,XHINV,high,B_type_mismatch
CD_a22d137e1ca2,CD,anomalia,Desviacion de Correlacion,anomalia,Ruido,fail,,,,,,,,,,,XTINV,,,-1.0,XHINV,high,B_type_mismatch
CD_5cfdd44c674f,CD,anomalia,Desviacion de Correlacion,anomalia,Ruido,fail,,,,,,,,,,,XTINV,,,-1.0,XHINV,high,B_type_mismatch
CD_3a6b992509f8,CD,anomalia,Desviacion de Correlacion,anomalia,Ruido,fail,,,,,,,,,,,XTINV,,,-1.0,XHINV,high,B_type_mismatch
CD_310d69ce6ecc,CD,anomalia,Desviacion de Correlacion,anomalia,Ruido,fail,,,,,,,,,,,XTINV,,,-1.0,XHINV,high,B_type_mismatch
CD_79756fa060b2,CD,anomalia,Desviacion de Correlacion,anomalia,Ruido,fail,,,,,,,,,,,XTINV,,,-1.0,XHINV,high,B_type_mismatch
CD_211730fe432c,CD,anomalia,Desviacion de Correlacion,anomalia,Ruido,fail,,,,,,,,,,,XTINV,,,-1.0,XHINV,high,B_type_mismatch
CD_3637b33f26cd,CD,anomalia,Desviacion de Correlacion,anomalia,Ruido,fail,,,,,,,,,,,XTINV,,,-1.0,XHINV,high,B_type_mismatch
CD_ba2727c497dc,CD,anomalia,Desviacion de Correlacion,anomalia,Ruido,fail,,,,,,,,,,,XTINV,,,-1.0,XHINV,high,B_type_mismatch
CD_59622622f660,CD,anomalia,Desviacion de Correlacion,anomalia,Ruido,fail,,,,,,,,,,,XTINV,,,-1.0,XHINV,high,B_type_mismatch
CD_35e21fec254c,CD,anomalia,Desviacion de Correlacion,anomalia,Ruido,fail,,,,,,,,,,,XTINV,,,-1.0,XHINV,high,B_type_mismatch
CD_236c5236d6de,CD,anomalia,Desviacion de Correlacion,anomalia,Ruido,fail,,,,,,,,,,,XTINV,,,-1.0,XHINV,high,B_type_mismatch
CD_258dc9270159,CD,anomalia,Desviacion de Correlacion,anomalia,Ruido,fail,,,,,,,,,,,XTINV,,,-1.0,XHINV,high,B_type_mismatch
CD_cc46b37fe71f,CD,anomalia,Desviacion de Correlacion,anomalia,Ruido,fail,,,,,,,,,,,XTINV,,,-1.0,XHINV,high,B_type_mismatch
CD_4c465fd3c0d7,CD,anomalia,Desviacion de Correlacion,anomalia,Ruido,fail,,,,,,,,,,,XTINV,,,-1.0,XHINV,high,B_type_mismatch
CD_09f7e1ffd680,CD,anomalia,Desviacion de Correlacion,anomalia,Ruido,fail,,,,,,,,,,,XTINV,,,-1.0,XHINV,high,B_type_mismatch
CD_76051c34c44d,CD,anomalia,Desviacion de Correlacion,anomalia,Ruido,fail,,,,,,,,,,,XTINV,,,-1.0,XHINV,high,B_type_mismatch
CD_094e56c85c60,CD,anomalia,Desviacion de Correlacion,anomalia,Ruido,fail,,,,,,,,,,,XTINV,,,-1.0,XHINV,high,B_type_mismatch
CD_d1cd9005d0f7,CD,anomalia,Desviacion de Correlacion,anomalia,Ruido,fail,,,,,,,,,,,XTINV,,,-1.0,XHINV,high,B_type_mismatch
CD_a9a680a0be8a,CD,anomalia,Desviacion de Correlacion,anomalia,Ruido,fail,,,,,,,,,,,XTINV,,,-1.0,XHINV,high,B_type_mismatch
CD_9f2051e05221,CD,anomalia,Desviacion de Correlacion,anomalia,Ruido,fail,,,,,,,,,,,XTINV,,,-1.0,XHINV,high,B_type_mismatch
CD_50f14e2292e4,CD,anomalia,Desviacion de Correlacion,anomalia,Ruido,fail,,,,,,,,,,,XTINV,,,-1.0,XHINV,high,B_type_mismatch
CD_40d8eceb57b1,CD,anomalia,Desviacion de Correlacion,anomalia,Ruido,fail,,,,,,,,,,,XTINV,,,-1.0,XHINV,high,B_type_mismatch
CD_6dc35e55c017,CD,anomalia,Desviacion de Correlacion,anomalia,Ruido,fail,,,,,,,,,,,XTINV,,,-1.0,XHINV,high,B_type_mismatch
CD_dfef0e0cbaf9,CD,anomalia,Desviacion de Correlacion,anomalia,Ruido,fail,,,,,,,,,,,XTINV,,,-1.0,XHINV,high,B_type_mismatch
CD_e54b828d03e6,CD,anomalia,Desviacion de Correlacion,anomalia,Ruido,fail,,,,,,,,,,,XTINV,,,-1.0,XHINV,high,B_type_mismatch
CD_fba74d8c96ff,CD,anomalia,Desviacion de Correlacion,anomalia,Ruido,fail,,,,,,,,,,,XTINV,,,-1.0,XHINV,high,B_type_mismatch
CD_6e4d512cdf79,CD,anomalia,Desviacion de Correlacion,anomalia,Ruido,fail,,,,,,,,,,,XTINV,,,-1.0,XHINV,high,B_type_mismatch
CD_ede526762175,CD,anomalia,Desviacion de Correlacion,anomalia,Ruido,fail,,,,,,,,,,,XTINV,,,-1.0,XHINV,high,B_type_mismatch
CD_7cd7aecc994b,CD,anomalia,Desviacion de Correlacion,anomalia,Ruido,fail,,,,,,,,,,,XTINV,,,-1.0,XHINV,high,B_type_mismatch
CD_c45943e4869f,CD,anomalia,Desviacion de Correlacion,anomalia,Ruido,fail,,,,,,,,,,,XTINV,,,-1.0,XHINV,high,B_type_mismatch
CD_292c44fdfce0,CD,anomalia,Desviacion de Correlacion,anomalia,Ruido,fail,,,,,,,,,,,XTINV,,,-1.0,XHINV,high,B_type_mismatch
CD_a958b0bed1fb,CD,anomalia,Desviacion de Correlacion,anomalia,Ruido,fail,,,,,,,,,,,XTINV,,,-1.0,XHINV,high,B_type_mismatch
CD_e9e2eefeb55b,CD,anomalia,Desviacion de Correlacion,anomalia,Ruido,fail,,,,,,,,,,,XTINV,,,-1.0,XHINV,high,B_type_mismatch
CD_ea6fce6e87f1,CD,anomalia,Desviacion de Correlacion,anomalia,Ruido,fail,,,,,,,,,,,XTINV,,,-1.0,XHINV,high,B_type_mismatch
CD_d0a36fca3f68,CD,anomalia,Desviacion de Correlacion,anomalia,Ruido,fail,,,,,,,,,,,XTINV,,,-1.0,XHINV,high,B_type_mismatch
CD_870388640b9f,CD,anomalia,Desviacion de Correlacion,anomalia,Ruido,fail,,,,,,,,,,,XTINV,,,-1.0,XHINV,high,B_type_mismatch
CD_ea7e4080fd31,CD,anomalia,Desviacion de Correlacion,anomalia,Ruido,fail,,,,,,,,,,,XTINV,,,-1.0,XHINV,high,B_type_mismatch
CD_798c48c7c664,CD,anomalia,Desviacion de Correlacion,anomalia,Ruido,fail,,,,,,,,,,,XTINV,,,-1.0,XHINV,high,B_type_mismatch
CD_25bd41437f4c,CD,anomalia,Desviacion de Correlacion,anomalia,Ruido,fail,,,,,,,,,,,XTINV,,,-1.0,XHINV,high,B_type_mismatch
CD_811c318205d3,CD,anomalia,Desviacion de Correlacion,anomalia,Ruido,fail,,,,,,,,,,,XTINV,,,-1.0,XHINV,high,B_type_mismatch
CD_de2d3ba7e4d8,CD,anomalia,Desviacion de Correlacion,anomalia,Ruido,fail,,,,,,,,,,,XTINV,,,-1.0,XHINV,high,B_type_mismatch
CD_6a0bdf777d01,CD,anomalia,Desviacion de Correlacion,anomalia,Ruido,fail,,,,,,,,,,,XTINV,,,-1.0,XHINV,high,B_type_mismatch
CD_e1ef687c8b10,CD,anomalia,Desviacion de Correlacion,anomalia,Ruido,fail,,,,,,,,,,,XTINV,,,-1.0,XHINV,high,B_type_mismatch
CD_06e81023d752,CD,anomalia,Desviacion de Correlacion,anomalia,Ruido,fail,,,,,,,,,,,XTINV,,,-1.0,XHINV,high,B_type_mismatch
CD_151d9df23ee0,CD,anomalia,Desviacion de Correlacion,anomalia,Ruido,fail,,,,,,,,,,,XTINV,,,-1.0,XHINV,high,B_type_mismatch
CD_f5d9f9d901f1,CD,anomalia,Desviacion de Correlacion,anomalia,Ruido,fail,,,,,,,,,,,XTINV,,,-1.0,XHINV,high,B_type_mismatch
CD_5a3609241d09,CD,anomalia,Desviacion de Correlacion,anomalia,Ruido,fail,,,,,,,,,,,XTINV,,,-1.0,XHINV,high,B_type_mismatch
CD_7ad9eb847e1f,CD,anomalia,Desviacion de Correlacion,anomalia,Ruido,fail,,,,,,,,,,,XTINV,,,-1.0,XHINV,high,B_type_mismatch
CD_74c59fbb94a6,CD,anomalia,Desviacion de Correlacion,anomalia,Ruido,fail,,,,,,,,,,,XTINV,,,-1.0,XHINV,high,B_type_mismatch
CD_e2006827b254,CD,anomalia,Desviacion de Correlacion,anomalia,Ruido,fail,,,,,,,,,,,XTINV,,,-1.0,XHINV,high,B_type_mismatch
CD_46abaf1f312c,CD,anomalia,Desviacion de Correlacion,anomalia,Ruido,fail,,,,,,,,,,,XTINV,,,-1.0,XHINV,high,B_type_mismatch
CD_322484de2c7e,CD,anomalia,Desviacion de Correlacion,anomalia,Ruido,fail,,,,,,,,,,,XTINV,,,-1.0,XHINV,high,B_type_mismatch
CD_27b63bcb612f,CD,anomalia,Desviacion de Correlacion,anomalia,Ruido,fail,,,,,,,,,,,XTINV,,,-1.0,XHINV,high,B_type_mismatch
CD_fd66812fe3c4,CD,anomalia,Desviacion de Correlacion,anomalia,Ruido,fail,,,,,,,,,,,XTINV,,,-1.0,XHINV,high,B_type_mismatch
CD_53dcbf189e65,CD,anomalia,Desviacion de Correlacion,anomalia,Ruido,fail,,,,,,,,,,,XTINV,,,-1.0,XHINV,high,B_type_mismatch
CD_4edc14e0c626,CD,anomalia,Desviacion de Correlacion,anomalia,Ruido,fail,,,,,,,,,,,XTINV,,,-1.0,XHINV,high,B_type_mismatch
CD_0ebaa476574c,CD,anomalia,Desviacion de Correlacion,anomalia,Ruido,fail,,,,,,,,,,,XTINV,,,-1.0,XHINV,high,B_type_mismatch
CD_745655651135,CD,anomalia,Desviacion de Correlacion,anomalia,Ruido,fail,,,,,,,,,,,XTINV,,,-1.0,XHINV,high,B_type_mismatch
CD_d19bafff8cf5,CD,anomalia,Desviacion de Correlacion,anomalia,Ruido,fail,,,,,,,,,,,XTINV,,,-1.0,XHINV,high,B_type_mismatch
CD_f85c1c43989f,CD,anomalia,Desviacion de Correlacion,anomalia,Ruido,fail,,,,,,,,,,,XTINV,,,-1.0,XHINV,high,B_type_mismatch
CD_5d71b714b190,CD,anomalia,Desviacion de Correlacion,anomalia,Ruido,fail,,,,,,,,,,,XTINV,,,-1.0,XHINV,high,B_type_mismatch
CD_71b305e5ce26,CD,anomalia,Desviacion de Correlacion,anomalia,Ruido,fail,,,,,,,,,,,XTINV,,,-1.0,XHINV,high,B_type_mismatch
CD_4cc993e8c7c6,CD,anomalia,Desviacion de Correlacion,anomalia,Ruido,fail,,,,,,,,,,,XTINV,,,-1.0,XHINV,high,B_type_mismatch
CD_7394a109fa1b,CD,anomalia,Desviacion de Correlacion,anomalia,Ruido,fail,,,,,,,,,,,XTINV,,,-1.0,XHINV,high,B_type_mismatch
CD_4f76a0b5057d,CD,anomalia,Desviacion de Correlacion,anomalia,Ruido,fail,,,,,,,,,,,XTINV,,,-1.0,XHINV,high,B_type_mismatch
CD_6f3dcf38f04b,CD,anomalia,Desviacion de Correlacion,anomalia,Ruido,fail,,,,,,,,,,,XTINV,,,-1.0,XHINV,high,B_type_mismatch
CD_2e9a9c82b6da,CD,anomalia,Desviacion de Correlacion,anomalia,Ruido,fail,,,,,,,,,,,XTINV,,,-1.0,XHINV,high,B_type_mismatch
CD_94e079f3cf28,CD,anomalia,Desviacion de Correlacion,anomalia,Ruido,fail,,,,,,,,,,,XTINV,,,-1.0,XHINV,high,B_type_mismatch
CD_06be80961809,CD,anomalia,Desviacion de Correlacion,anomalia,Ruido,fail,,,,,,,,,,,XTINV,,,-1.0,XHINV,high,B_type_mismatch
CD_a5333f0ac8e1,CD,anomalia,Desviacion de Correlacion,anomalia,Ruido,fail,,,,,,,,,,,XTINV,,,-1.0,XHINV,high,B_type_mismatch
CD_c180e46203f6,CD,anomalia,Desviacion de Correlacion,anomalia,Ruido,fail,,,,,,,,,,,XTINV,,,-1.0,XHINV,high,B_type_mismatch
CD_f62157300599,CD,anomalia,Desviacion de Correlacion,anomalia,Ruido,fail,,,,,,,,,,,XTINV,,,-1.0,XHINV,high,B_type_mismatch
CD_2cbbca2043ef,CD,anomalia,Desviacion de Correlacion,anomalia,Ruido,fail,,,,,,,,,,,XTINV,,,-1.0,XHINV,high,B_type_mismatch
CD_cbe569eedd4f,CD,anomalia,Desviacion de Correlacion,anomalia,Ruido,fail,,,,,,,,,,,XTINV,,,-1.0,XHINV,high,B_type_mismatch
CD_06162ef4f91b,CD,anomalia,Desviacion de Correlacion,anomalia,Ruido,fail,,,,,,,,,,,XTINV,,,-1.0,XHINV,high,B_type_mismatch
CD_50c9ab7cbe5a,CD,anomalia,Desviacion de Correlacion,anomalia,Ruido,fail,,,,,,,,,,,XTINV,,,-1.0,XHINV,high,B_type_mismatch
CD_4489c91fc303,CD,anomalia,Desviacion de Correlacion,anomalia,Ruido,fail,,,,,,,,,,,XTINV,,,-1.0,XHINV,high,B_type_mismatch
CD_a42794c41e5c,CD,anomalia,Desviacion de Correlacion,anomalia,Ruido,fail,,,,,,,,,,,XTINV,,,-1.0,XHINV,high,B_type_mismatch
CD_6f461021dc55,CD,anomalia,Desviacion de Correlacion,anomalia,Ruido,fail,,,,,,,,,,,XTINV,,,-1.0,XHINV,high,B_type_mismatch
CD_5b038bd5d591,CD,anomalia,Desviacion de Correlacion,anomalia,Ruido,fail,,,,,,,,,,,XTINV,,,-1.0,XHINV,high,B_type_mismatch
CD_82fddcb286fc,CD,anomalia,Desviacion de Correlacion,anomalia,Ruido,fail,,,,,,,,,,,XTINV,,,-1.0,XHINV,high,B_type_mismatch
CD_fbf65465ac13,CD,anomalia,Desviacion de Correlacion,anomalia,Ruido,fail,,,,,,,,,,,XTINV,,,-1.0,XHINV,high,B_type_mismatch
CD_efe955e5e5a2,CD,anomalia,Desviacion de Correlacion,anomalia,Ruido,fail,,,,,,,,,,,XTINV,,,-1.0,XHINV,high,B_type_mismatch
CD_d3386bb0dd7c,CD,anomalia,Desviacion de Correlacion,anomalia,Ruido,fail,,,,,,,,,,,XTINV,,,-1.0,XHINV,high,B_type_mismatch
CD_78a37887bd3f,CD,anomalia,Desviacion de Correlacion,anomalia,Ruido,fail,,,,,,,,,,,XTINV,,,-1.0,XHINV,high,B_type_mismatch
CD_f0737d9c2ad2,CD,anomalia,Desviacion de Correlacion,anomalia,Ruido,fail,,,,,,,,,,,XTINV,,,-1.0,XHINV,high,B_type_mismatch
CD_3fa493e2de17,CD,anomalia,Desviacion de Correlacion,anomalia,Ruido,fail,,,,,,,,,,,XTINV,,,-1.0,XHINV,high,B_type_mismatch
CD_52ce27ccaeeb,CD,anomalia,Desviacion de Correlacion,anomalia,Ruido,fail,,,,,,,,,,,XTINV,,,-1.0,XHINV,high,B_type_mismatch
CD_40dc685b07f4,CD,anomalia,Desviacion de Correlacion,anomalia,Ruido,fail,,,,,,,,,,,XTINV,,,-1.0,XHINV,high,B_type_mismatch
CD_cd8c267c3927,CD,anomalia,Desviacion de Correlacion,anomalia,Ruido,fail,,,,,,,,,,,XTINV,,,-1.0,XHINV,high,B_type_mismatch
CD_55814dfacba1,CD,anomalia,Desviacion de Correlacion,anomalia,Ruido,fail,,,,,,,,,,,XTINV,,,-1.0,XHINV,high,B_type_mismatch
CD_4fbf41a9d255,CD,anomalia,Desviacion de Correlacion,anomalia,Ruido,fail,,,,,,,,,,,XTINV,,,-1.0,XHINV,high,B_type_mismatch
CD_663fdb7de7c2,CD,anomalia,Desviacion de Correlacion,anomalia,Ruido,fail,,,,,,,,,,,XTINV,,,-1.0,XHINV,high,B_type_mismatch
CD_a60941ba1c8e,CD,anomalia,Desviacion de Correlacion,anomalia,Ruido,fail,,,,,,,,,,,XTINV,,,-1.0,XHINV,high,B_type_mismatch
CD_92d6bae8aede,CD,anomalia,Desviacion de Correlacion,anomalia,Ruido,fail,,,,,,,,,,,XTINV,,,-1.0,XHINV,high,B_type_mismatch
CD_3b1c1cde2067,CD,anomalia,Desviacion de Correlacion,normal,normal,fail,,,,,,,,,,,XTINV,,,-1.0,XHINV,high,A_binary_miss
CD_074f5f322133,CD,anomalia,Desviacion de Correlacion,anomalia,Ruido,fail,,,,,,,,,,,XTINV,,,-1.0,XHINV,high,B_type_mismatch
CD_e847b5cae97a,CD,anomalia,Desviacion de Correlacion,anomalia,Ruido,fail,,,,,,,,,,,XTINV,,,-1.0,XHINV,high,B_type_mismatch
CD_7cd073f2ad70,CD,anomalia,Desviacion de Correlacion,anomalia,Ruido,fail,,,,,,,,,,,XTINV,,,-1.0,XHINV,high,B_type_mismatch
CD_4c10e4dcfa19,CD,anomalia,Desviacion de Correlacion,anomalia,Ruido,fail,,,,,,,,,,,XTINV,,,-1.0,XHINV,high,B_type_mismatch
CD_f40855c2c1ff,CD,anomalia,Desviacion de Correlacion,anomalia,Ruido,fail,,,,,,,,,,,XTINV,,,-1.0,XHINV,high,B_type_mismatch
CD_a420b9614b38,CD,anomalia,Desviacion de Correlacion,anomalia,Ruido,fail,,,,,,,,,,,XTINV,,,-1.0,XHINV,high,B_type_mismatch
CD_7921b3cdcf0d,CD,anomalia,Desviacion de Correlacion,anomalia,Ruido,fail,,,,,,,,,,,XTINV,,,-1.0,XHINV,high,B_type_mismatch
CD_b5c9a21b15be,CD,anomalia,Desviacion de Correlacion,anomalia,Ruido,fail,,,,,,,,,,,XTINV,,,-1.0,XHINV,high,B_type_mismatch
CD_f0606120c55d,CD,anomalia,Desviacion de Correlacion,anomalia,Ruido,fail,,,,,,,,,,,XTINV,,,-1.0,XHINV,high,B_type_mismatch
CD_a94ba22c99cc,CD,anomalia,Desviacion de Correlacion,anomalia,Ruido,fail,,,,,,,,,,,XTINV,,,-1.0,XHINV,high,B_type_mismatch
CD_6a013956ebae,CD,anomalia,Desviacion de Correlacion,anomalia,Ruido,fail,,,,,,,,,,,XTINV,,,-1.0,XHINV,high,B_type_mismatch
CD_0ed32524f621,CD,anomalia,Desviacion de Correlacion,anomalia,Ruido,fail,,,,,,,,,,,XTINV,,,-1.0,XHINV,high,B_type_mismatch
CD_e05e27b7d4ea,CD,anomalia,Desviacion de Correlacion,anomalia,Ruido,fail,,,,,,,,,,,XTINV,,,-1.0,XHINV,high,B_type_mismatch
CD_35bbf51ade06,CD,anomalia,Desviacion de Correlacion,anomalia,Ruido,fail,,,,,,,,,,,XTINV,,,-1.0,XHINV,high,B_type_mismatch
CD_6c63990520d6,CD,anomalia,Desviacion de Correlacion,anomalia,Ruido,fail,,,,,,,,,,,XTINV,,,-1.0,XHINV,high,B_type_mismatch
CD_215e9d149913,CD,anomalia,Desviacion de Correlacion,anomalia,Ruido,fail,,,,,,,,,,,XTINV,,,-1.0,XHINV,high,B_type_mismatch
CD_d805b99e19cb,CD,anomalia,Desviacion de Correlacion,anomalia,Ruido,fail,,,,,,,,,,,XTINV,,,-1.0,XHINV,high,B_type_mismatch
CD_7d402ea5d8be,CD,anomalia,Desviacion de Correlacion,anomalia,Ruido,fail,,,,,,,,,,,XTINV,,,-1.0,XHINV,high,B_type_mismatch
CD_7593a6acde4c,CD,anomalia,Desviacion de Correlacion,anomalia,Ruido,fail,,,,,,,,,,,XTINV,,,-1.0,XHINV,high,B_type_mismatch
CD_84d3c6f12609,CD,anomalia,Desviacion de Correlacion,anomalia,Ruido,fail,,,,,,,,,,,XTINV,,,-1.0,XHINV,high,B_type_mismatch
CD_65f098fb61f9,CD,anomalia,Desviacion de Correlacion,anomalia,Ruido,fail,,,,,,,,,,,XTINV,,,-1.0,XHINV,high,B_type_mismatch
CD_df09deed9122,CD,anomalia,Desviacion de Correlacion,anomalia,Ruido,fail,,,,,,,,,,,XTINV,,,-1.0,XHINV,high,B_type_mismatch
CD_207a9cf91208,CD,anomalia,Desviacion de Correlacion,anomalia,Ruido,fail,,,,,,,,,,,XTINV,,,-1.0,XHINV,high,B_type_mismatch
CD_dc2c55dcb7a4,CD,anomalia,Desviacion de Correlacion,anomalia,Ruido,fail,,,,,,,,,,,XTINV,,,-1.0,XHINV,high,B_type_mismatch
CD_ce356f81a541,CD,anomalia,Desviacion de Correlacion,anomalia,Ruido,fail,,,,,,,,,,,XTINV,,,-1.0,XHINV,high,B_type_mismatch
CD_5dfabce1ea4a,CD,anomalia,Desviacion de Correlacion,anomalia,Ruido,fail,,,,,,,,,,,XTINV,,,-1.0,XHINV,high,B_type_mismatch
CD_ebd6e7a6425f,CD,anomalia,Desviacion de Correlacion,anomalia,Ruido,fail,,,,,,,,,,,XTINV,,,-1.0,XHINV,high,B_type_mismatch
CD_877728be17ba,CD,anomalia,Desviacion de Correlacion,anomalia,Ruido,fail,,,,,,,,,,,XTINV,,,-1.0,XHINV,high,B_type_mismatch
CD_0b57ca868ea6,CD,anomalia,Desviacion de Correlacion,anomalia,Ruido,fail,,,,,,,,,,,XTINV,,,-1.0,XHINV,high,B_type_mismatch
CD_e519d61f5605,CD,anomalia,Desviacion de Correlacion,anomalia,Ruido,fail,,,,,,,,,,,XTINV,,,-1.0,XHINV,high,B_type_mismatch
CD_eddd78871e52,CD,anomalia,Desviacion de Correlacion,anomalia,Ruido,fail,,,,,,,,,,,XTINV,,,-1.0,XHINV,high,B_type_mismatch
CD_c704795b10a2,CD,anomalia,Desviacion de Correlacion,anomalia,Ruido,fail,,,,,,,,,,,XTINV,,,-1.0,XHINV,high,B_type_mismatch
CD_fb2ae81740b3,CD,anomalia,Desviacion de Correlacion,anomalia,Ruido,fail,,,,,,,,,,,XTINV,,,-1.0,XHINV,high,B_type_mismatch
CD_babfc1df88bd,CD,anomalia,Desviacion de Correlacion,anomalia,Ruido,fail,,,,,,,,,,,XTINV,,,-1.0,XHINV,high,B_type_mismatch
CD_4568b7e977e4,CD,anomalia,Desviacion de Correlacion,anomalia,Ruido,fail,,,,,,,,,,,XTINV,,,-1.0,XHINV,high,B_type_mismatch
CD_cc14e90aa650,CD,anomalia,Desviacion de Correlacion,anomalia,Ruido,fail,,,,,,,,,,,XTINV,,,-1.0,XHINV,high,B_type_mismatch
CD_62bdecdc9b1d,CD,anomalia,Desviacion de Correlacion,anomalia,Ruido,fail,,,,,,,,,,,XTINV,,,-1.0,XHINV,high,B_type_mismatch
CD_e0f92313177f,CD,anomalia,Desviacion de Correlacion,anomalia,Ruido,fail,,,,,,,,,,,XTINV,,,-1.0,XHINV,high,B_type_mismatch
CD_eacc13bbaadf,CD,anomalia,Desviacion de Correlacion,anomalia,Ruido,fail,,,,,,,,,,,XTINV,,,-1.0,XHINV,high,B_type_mismatch
CD_c68caaf3d190,CD,anomalia,Desviacion de Correlacion,anomalia,Ruido,fail,,,,,,,,,,,XTINV,,,-1.0,XHINV,high,B_type_mismatch
CD_f3d7177a1327,CD,anomalia,Desviacion de Correlacion,anomalia,Ruido,fail,,,,,,,,,,,XTINV,,,-1.0,XHINV,high,B_type_mismatch
CD_631749cfa4c9,CD,anomalia,Desviacion de Correlacion,anomalia,Ruido,fail,,,,,,,,,,,XTINV,,,-1.0,XHINV,high,B_type_mismatch
CD_65b36909a784,CD,anomalia,Desviacion de Correlacion,anomalia,Ruido,fail,,,,,,,,,,,XTINV,,,-1.0,XHINV,high,B_type_mismatch
CD_f8758192a62a,CD,anomalia,Desviacion de Correlacion,anomalia,Ruido,fail,,,,,,,,,,,XTINV,,,-1.0,XHINV,high,B_type_mismatch
CD_5443ae58ce41,CD,anomalia,Desviacion de Correlacion,anomalia,Ruido,fail,,,,,,,,,,,XTINV,,,-1.0,XHINV,high,B_type_mismatch
CD_4942b02ddf80,CD,anomalia,Desviacion de Correlacion,anomalia,Ruido,fail,,,,,,,,,,,XTINV,,,-1.0,XHINV,high,B_type_mismatch
CD_cb1b2d5bca70,CD,anomalia,Desviacion de Correlacion,anomalia,Ruido,fail,,,,,,,,,,,XTINV,,,-1.0,XHINV,high,B_type_mismatch
CD_5bc09bfe911b,CD,anomalia,Desviacion de Correlacion,anomalia,Ruido,fail,,,,,,,,,,,XTINV,,,-1.0,XHINV,high,B_type_mismatch
CD_5d6535287cf1,CD,anomalia,Desviacion de Correlacion,anomalia,Ruido,fail,,,,,,,,,,,XTINV,,,-1.0,XHINV,high,B_type_mismatch
CD_ff5dadfee22f,CD,anomalia,Desviacion de Correlacion,anomalia,Ruido,fail,,,,,,,,,,,XTINV,,,-1.0,XHINV,high,B_type_mismatch
CD_d4da985a7b37,CD,anomalia,Desviacion de Correlacion,anomalia,Ruido,fail,,,,,,,,,,,XTINV,,,-1.0,XHINV,high,B_type_mismatch
CD_d39c7386171a,CD,anomalia,Desviacion de Correlacion,anomalia,Ruido,fail,,,,,,,,,,,XTINV,,,-1.0,XHINV,high,B_type_mismatch
CD_8e5778dfa3d6,CD,anomalia,Desviacion de Correlacion,anomalia,Ruido,fail,,,,,,,,,,,XTINV,,,-1.0,XHINV,high,B_type_mismatch
CD_2be1ff9dc550,CD,anomalia,Desviacion de Correlacion,anomalia,Ruido,fail,,,,,,,,,,,XTINV,,,-1.0,XHINV,high,B_type_mismatch
CD_68cb48551599,CD,anomalia,Desviacion de Correlacion,anomalia,Ruido,fail,,,,,,,,,,,PTEXT,,,1.0,XTINV,low,B_type_mismatch
CD_b043d73d7bb6,CD,anomalia,Desviacion de Correlacion,anomalia,Ruido,fail,,,,,,,,,,,PTEXT,,,1.0,XTINV,low,B_type_mismatch
CD_c8db071d7f2d,CD,anomalia,Desviacion de Correlacion,anomalia,Ruido,fail,,,,,,,,,,,PTEXT,,,1.0,XTINV,low,B_type_mismatch
CD_9d4f77a40534,CD,anomalia,Desviacion de Correlacion,anomalia,Ruido,fail,,,,,,,,,,,PTEXT,,,1.0,XTINV,low,B_type_mismatch
CD_846cf7cba741,CD,anomalia,Desviacion de Correlacion,anomalia,Ruido,fail,,,,,,,,,,,PTEXT,,,1.0,XTINV,low,B_type_mismatch
CD_c617856a5e7e,CD,anomalia,Desviacion de Correlacion,anomalia,Ruido,fail,,,,,,,,,,,PTEXT,,,1.0,XTINV,low,B_type_mismatch
CD_d692d653d836,CD,anomalia,Desviacion de Correlacion,anomalia,Ruido,fail,,,,,,,,,,,PTEXT,,,1.0,XTINV,low,B_type_mismatch
CD_ce8784642e34,CD,anomalia,Desviacion de Correlacion,anomalia,Ruido,fail,,,,,,,,,,,PTEXT,,,1.0,XTINV,low,B_type_mismatch
CD_502ced98f3b6,CD,anomalia,Desviacion de Correlacion,anomalia,Ruido,fail,,,,,,,,,,,PTEXT,,,1.0,XTINV,low,B_type_mismatch
CD_238afc67eb08,CD,anomalia,Desviacion de Correlacion,anomalia,Ruido,fail,,,,,,,,,,,PTEXT,,,1.0,XTINV,low,B_type_mismatch
CD_213cf97fdced,CD,anomalia,Desviacion de Correlacion,anomalia,Ruido,fail,,,,,,,,,,,PTEXT,,,1.0,XTINV,low,B_type_mismatch
CD_fa4254cfb1f0,CD,anomalia,Desviacion de Correlacion,anomalia,Ruido,fail,,,,,,,,,,,PTEXT,,,1.0,XTINV,low,B_type_mismatch
CD_3c99ef30a474,CD,anomalia,Desviacion de Correlacion,anomalia,Ruido,fail,,,,,,,,,,,PTEXT,,,1.0,XTINV,low,B_type_mismatch
CD_44fc1f692a63,CD,anomalia,Desviacion de Correlacion,anomalia,Ruido,fail,,,,,,,,,,,PTEXT,,,1.0,XTINV,low,B_type_mismatch
CD_a49afe1e81b3,CD,anomalia,Desviacion de Correlacion,anomalia,Ruido,fail,,,,,,,,,,,PTEXT,,,1.0,XTINV,low,B_type_mismatch
CD_5132e261eadf,CD,anomalia,Desviacion de Correlacion,anomalia,Ruido,fail,,,,,,,,,,,PTEXT,,,1.0,XTINV,low,B_type_mismatch
CD_1924fa690ece,CD,anomalia,Desviacion de Correlacion,anomalia,Ruido,fail,,,,,,,,,,,PTEXT,,,1.0,XTINV,low,B_type_mismatch
CD_75fb171faa9c,CD,anomalia,Desviacion de Correlacion,anomalia,Ruido,fail,,,,,,,,,,,PTEXT,,,1.0,XTINV,low,B_type_mismatch
CD_b0b71bad9fa1,CD,anomalia,Desviacion de Correlacion,anomalia,Ruido,fail,,,,,,,,,,,PTEXT,,,1.0,XTINV,low,B_type_mismatch
CD_2fb772c773db,CD,anomalia,Desviacion de Correlacion,anomalia,Ruido,fail,,,,,,,,,,,PTEXT,,,1.0,XTINV,low,B_type_mismatch
CD_d31ee11154eb,CD,anomalia,Desviacion de Correlacion,anomalia,Ruido,fail,,,,,,,,,,,PTEXT,,,1.0,XTINV,low,B_type_mismatch
CD_17a051e2f74e,CD,anomalia,Desviacion de Correlacion,anomalia,Ruido,fail,,,,,,,,,,,PTEXT,,,1.0,XTINV,low,B_type_mismatch
CD_888080536ebd,CD,anomalia,Desviacion de Correlacion,anomalia,Ruido,fail,,,,,,,,,,,PTEXT,,,1.0,XTINV,low,B_type_mismatch
CD_6c813af7dc7e,CD,anomalia,Desviacion de Correlacion,anomalia,Ruido,fail,,,,,,,,,,,PTEXT,,,1.0,XTINV,low,B_type_mismatch
CD_15521d28ead4,CD,anomalia,Desviacion de Correlacion,anomalia,Ruido,fail,,,,,,,,,,,PTEXT,,,1.0,XTINV,low,B_type_mismatch
CD_efe45b8f1165,CD,anomalia,Desviacion de Correlacion,anomalia,Ruido,fail,,,,,,,,,,,PTEXT,,,1.0,XTINV,low,B_type_mismatch
CD_03fb5760f241,CD,anomalia,Desviacion de Correlacion,anomalia,Ruido,fail,,,,,,,,,,,PTEXT,,,1.0,XTINV,low,B_type_mismatch
CD_04f2ef0ed650,CD,anomalia,Desviacion de Correlacion,anomalia,Ruido,fail,,,,,,,,,,,PTEXT,,,1.0,XTINV,low,B_type_mismatch
CD_080e556bd235,CD,anomalia,Desviacion de Correlacion,anomalia,Ruido,fail,,,,,,,,,,,PTEXT,,,1.0,XTINV,low,B_type_mismatch
CD_42b4aa356ab8,CD,anomalia,Desviacion de Correlacion,anomalia,Ruido,fail,,,,,,,,,,,PTEXT,,,1.0,XTINV,low,B_type_mismatch
CD_43edbb0504c8,CD,anomalia,Desviacion de Correlacion,anomalia,Ruido,fail,,,,,,,,,,,PTEXT,,,1.0,XTINV,low,B_type_mismatch
CD_08159f1b2da4,CD,anomalia,Desviacion de Correlacion,anomalia,Ruido,fail,,,,,,,,,,,PTEXT,,,1.0,XTINV,low,B_type_mismatch
CD_7d76d7da9b74,CD,anomalia,Desviacion de Correlacion,anomalia,Ruido,fail,,,,,,,,,,,PTEXT,,,1.0,XTINV,low,B_type_mismatch
CD_bd38b696e8e4,CD,anomalia,Desviacion de Correlacion,anomalia,Ruido,fail,,,,,,,,,,,PTEXT,,,1.0,XTINV,low,B_type_mismatch
CD_7c6dacb573d4,CD,anomalia,Desviacion de Correlacion,anomalia,Ruido,fail,,,,,,,,,,,PTEXT,,,1.0,XTINV,low,B_type_mismatch
CD_7801c6af4903,CD,anomalia,Desviacion de Correlacion,anomalia,Ruido,fail,,,,,,,,,,,PTEXT,,,1.0,XTINV,low,B_type_mismatch
CD_3289721db828,CD,anomalia,Desviacion de Correlacion,anomalia,Ruido,fail,,,,,,,,,,,PTEXT,,,1.0,XTINV,low,B_type_mismatch
CD_b1958d15612c,CD,anomalia,Desviacion de Correlacion,anomalia,Ruido,fail,,,,,,,,,,,PTEXT,,,1.0,XTINV,low,B_type_mismatch
CD_b7f71dda121d,CD,anomalia,Desviacion de Correlacion,anomalia,Ruido,fail,,,,,,,,,,,PTEXT,,,1.0,XTINV,low,B_type_mismatch
CD_4d046140bca4,CD,anomalia,Desviacion de Correlacion,anomalia,Ruido,fail,,,,,,,,,,,PTEXT,,,1.0,XTINV,low,B_type_mismatch
CD_4443e08ebfa0,CD,anomalia,Desviacion de Correlacion,anomalia,Ruido,fail,,,,,,,,,,,PTEXT,,,1.0,XTINV,low,B_type_mismatch
CD_2b0380440af7,CD,anomalia,Desviacion de Correlacion,anomalia,Ruido,fail,,,,,,,,,,,PTEXT,,,1.0,XTINV,low,B_type_mismatch
CD_4b08db668370,CD,anomalia,Desviacion de Correlacion,anomalia,Ruido,fail,,,,,,,,,,,PTEXT,,,1.0,XTINV,low,B_type_mismatch
CD_8b6651609279,CD,anomalia,Desviacion de Correlacion,anomalia,Ruido,fail,,,,,,,,,,,PTEXT,,,1.0,XTINV,low,B_type_mismatch
CD_a584ea7a7ec3,CD,anomalia,Desviacion de Correlacion,anomalia,Ruido,fail,,,,,,,,,,,PTEXT,,,1.0,XTINV,low,B_type_mismatch
CD_6efd38ed95f1,CD,anomalia,Desviacion de Correlacion,anomalia,Ruido,fail,,,,,,,,,,,PTEXT,,,1.0,XTINV,low,B_type_mismatch
CD_64434e39bb63,CD,anomalia,Desviacion de Correlacion,anomalia,Ruido,fail,,,,,,,,,,,PTEXT,,,1.0,XTINV,low,B_type_mismatch
CD_a82aeadf4309,CD,anomalia,Desviacion de Correlacion,anomalia,Ruido,fail,,,,,,,,,,,PTEXT,,,1.0,XTINV,low,B_type_mismatch
CD_2fcaef14a9d4,CD,anomalia,Desviacion de Correlacion,anomalia,Ruido,fail,,,,,,,,,,,PTEXT,,,1.0,XTINV,low,B_type_mismatch
CD_ace206746a0f,CD,anomalia,Desviacion de Correlacion,anomalia,Ruido,fail,,,,,,,,,,,PTEXT,,,1.0,XTINV,low,B_type_mismatch
CD_6288d83c6177,CD,anomalia,Desviacion de Correlacion,anomalia,Ruido,fail,,,,,,,,,,,PTEXT,,,1.0,XTINV,low,B_type_mismatch
CD_5dc583aaab19,CD,anomalia,Desviacion de Correlacion,anomalia,Ruido,fail,,,,,,,,,,,PTEXT,,,1.0,XTINV,low,B_type_mismatch
CD_11c15d978c7b,CD,anomalia,Desviacion de Correlacion,anomalia,Ruido,fail,,,,,,,,,,,PTEXT,,,1.0,XTINV,low,B_type_mismatch
CD_20f5cef687b9,CD,anomalia,Desviacion de Correlacion,anomalia,Ruido,fail,,,,,,,,,,,PTEXT,,,1.0,XTINV,low,B_type_mismatch
CD_abdb7f6fa8a4,CD,anomalia,Desviacion de Correlacion,anomalia,Ruido,fail,,,,,,,,,,,PTEXT,,,1.0,XTINV,low,B_type_mismatch
CD_56493816dc51,CD,anomalia,Desviacion de Correlacion,anomalia,Ruido,fail,,,,,,,,,,,PTEXT,,,1.0,XTINV,low,B_type_mismatch
CD_541a30ccbba6,CD,anomalia,Desviacion de Correlacion,anomalia,Ruido,fail,,,,,,,,,,,PTEXT,,,1.0,XTINV,low,B_type_mismatch
CD_a7864422fbf0,CD,anomalia,Desviacion de Correlacion,anomalia,Ruido,fail,,,,,,,,,,,PTEXT,,,1.0,XTINV,low,B_type_mismatch
CD_16c470c62ca9,CD,anomalia,Desviacion de Correlacion,anomalia,Ruido,fail,,,,,,,,,,,PTEXT,,,1.0,XTINV,low,B_type_mismatch
CD_1eeb61c865f9,CD,anomalia,Desviacion de Correlacion,anomalia,Ruido,fail,,,,,,,,,,,PTEXT,,,1.0,XTINV,low,B_type_mismatch
CD_4b90a7b4bdae,CD,anomalia,Desviacion de Correlacion,anomalia,Ruido,fail,,,,,,,,,,,PTEXT,,,1.0,XTINV,low,B_type_mismatch
CD_aa0e95311945,CD,anomalia,Desviacion de Correlacion,anomalia,Ruido,fail,,,,,,,,,,,PTEXT,,,1.0,XTINV,low,B_type_mismatch
CD_d8bcfde0b510,CD,anomalia,Desviacion de Correlacion,anomalia,Ruido,fail,,,,,,,,,,,PTEXT,,,1.0,XTINV,low,B_type_mismatch
CD_d0d07f379b67,CD,anomalia,Desviacion de Correlacion,anomalia,Ruido,fail,,,,,,,,,,,PTEXT,,,1.0,XTINV,low,B_type_mismatch
CD_4930930af968,CD,anomalia,Desviacion de Correlacion,anomalia,Ruido,fail,,,,,,,,,,,PTEXT,,,1.0,XTINV,low,B_type_mismatch
CD_79816846d820,CD,anomalia,Desviacion de Correlacion,anomalia,Ruido,fail,,,,,,,,,,,PTEXT,,,1.0,XTINV,low,B_type_mismatch
CD_0f76695f4d44,CD,anomalia,Desviacion de Correlacion,anomalia,Ruido,fail,,,,,,,,,,,PTEXT,,,1.0,XTINV,low,B_type_mismatch
CD_e8779c49c769,CD,anomalia,Desviacion de Correlacion,anomalia,Ruido,fail,,,,,,,,,,,PTEXT,,,1.0,XTINV,low,B_type_mismatch
CD_7d5e60d7ebf7,CD,anomalia,Desviacion de Correlacion,anomalia,Ruido,fail,,,,,,,,,,,PTEXT,,,1.0,XTINV,low,B_type_mismatch
CD_66f054cbfd31,CD,anomalia,Desviacion de Correlacion,anomalia,Ruido,fail,,,,,,,,,,,PTEXT,,,1.0,XTINV,low,B_type_mismatch
CD_36e5d4e8c42b,CD,anomalia,Desviacion de Correlacion,anomalia,Ruido,fail,,,,,,,,,,,PTEXT,,,1.0,XTINV,low,B_type_mismatch
CD_4d7089fcf9ca,CD,anomalia,Desviacion de Correlacion,anomalia,Ruido,fail,,,,,,,,,,,PTEXT,,,1.0,XTINV,low,B_type_mismatch
CD_281e2979c9f2,CD,anomalia,Desviacion de Correlacion,anomalia,Ruido,fail,,,,,,,,,,,PTEXT,,,1.0,XTINV,low,B_type_mismatch
CD_364390f43817,CD,anomalia,Desviacion de Correlacion,anomalia,Ruido,fail,,,,,,,,,,,PTEXT,,,1.0,XTINV,low,B_type_mismatch
CD_3cefc2e398bf,CD,anomalia,Desviacion de Correlacion,anomalia,Ruido,fail,,,,,,,,,,,PTEXT,,,1.0,XTINV,low,B_type_mismatch
CD_33272c35ca42,CD,anomalia,Desviacion de Correlacion,anomalia,Ruido,fail,,,,,,,,,,,PTEXT,,,1.0,XTINV,low,B_type_mismatch
CD_568e6851445d,CD,anomalia,Desviacion de Correlacion,anomalia,Ruido,fail,,,,,,,,,,,PTEXT,,,1.0,XTINV,low,B_type_mismatch
CD_2be1c752277b,CD,anomalia,Desviacion de Correlacion,anomalia,Ruido,fail,,,,,,,,,,,PTEXT,,,1.0,XTINV,low,B_type_mismatch
CD_db19909b5c56,CD,anomalia,Desviacion de Correlacion,anomalia,Ruido,fail,,,,,,,,,,,PTEXT,,,1.0,XTINV,low,B_type_mismatch
CD_0a759905e4a9,CD,anomalia,Desviacion de Correlacion,anomalia,Ruido,fail,,,,,,,,,,,PTEXT,,,1.0,XTINV,low,B_type_mismatch
CD_6c3500195460,CD,anomalia,Desviacion de Correlacion,anomalia,Ruido,fail,,,,,,,,,,,PTEXT,,,1.0,XTINV,low,B_type_mismatch
CD_740669c8a4b2,CD,anomalia,Desviacion de Correlacion,anomalia,Ruido,fail,,,,,,,,,,,PTEXT,,,1.0,XTINV,low,B_type_mismatch
CD_c37da8ef304c,CD,anomalia,Desviacion de Correlacion,anomalia,Ruido,fail,,,,,,,,,,,PTEXT,,,1.0,XTINV,low,B_type_mismatch
CD_b1798cf69bef,CD,anomalia,Desviacion de Correlacion,anomalia,Ruido,fail,,,,,,,,,,,PTEXT,,,1.0,XTINV,low,B_type_mismatch
CD_10fb904e3ef0,CD,anomalia,Desviacion de Correlacion,anomalia,Ruido,fail,,,,,,,,,,,PTEXT,,,1.0,XTINV,low,B_type_mismatch
CD_881b150b62ea,CD,anomalia,Desviacion de Correlacion,anomalia,Ruido,fail,,,,,,,,,,,PTEXT,,,1.0,XTINV,low,B_type_mismatch
CD_a2b6f8ee503b,CD,anomalia,Desviacion de Correlacion,anomalia,Ruido,fail,,,,,,,,,,,PTEXT,,,1.0,XTINV,low,B_type_mismatch
CD_2160f3b9d95b,CD,anomalia,Desviacion de Correlacion,anomalia,Ruido,fail,,,,,,,,,,,PTEXT,,,1.0,XTINV,low,B_type_mismatch
CD_75a0fdc2669e,CD,anomalia,Desviacion de Correlacion,anomalia,Ruido,fail,,,,,,,,,,,PTEXT,,,1.0,XTINV,low,B_type_mismatch
CD_3886052ff4ea,CD,anomalia,Desviacion de Correlacion,anomalia,Ruido,fail,,,,,,,,,,,PTEXT,,,1.0,XTINV,low,B_type_mismatch
CD_8e456681e879,CD,anomalia,Desviacion de Correlacion,anomalia,Ruido,fail,,,,,,,,,,,PTEXT,,,1.0,XTINV,low,B_type_mismatch
CD_5874e3b51b20,CD,anomalia,Desviacion de Correlacion,anomalia,Ruido,fail,,,,,,,,,,,PTEXT,,,1.0,XTINV,low,B_type_mismatch
CD_d42be6509f7b,CD,anomalia,Desviacion de Correlacion,anomalia,Ruido,fail,,,,,,,,,,,PTEXT,,,1.0,XTINV,low,B_type_mismatch
CD_3da5852c153b,CD,anomalia,Desviacion de Correlacion,anomalia,Ruido,fail,,,,,,,,,,,PTEXT,,,1.0,XTINV,low,B_type_mismatch
CD_6eec916cde72,CD,anomalia,Desviacion de Correlacion,anomalia,Ruido,fail,,,,,,,,,,,PTEXT,,,1.0,XTINV,low,B_type_mismatch
CD_41781a929693,CD,anomalia,Desviacion de Correlacion,anomalia,Ruido,fail,,,,,,,,,,,PTEXT,,,1.0,XTINV,low,B_type_mismatch
CD_fb207a2fbdd4,CD,anomalia,Desviacion de Correlacion,anomalia,Ruido,fail,,,,,,,,,,,PTEXT,,,1.0,XTINV,low,B_type_mismatch
CD_7b247b71cc5c,CD,anomalia,Desviacion de Correlacion,anomalia,Ruido,fail,,,,,,,,,,,PTEXT,,,1.0,XTINV,low,B_type_mismatch
CD_1110a19d28dc,CD,anomalia,Desviacion de Correlacion,anomalia,Ruido,fail,,,,,,,,,,,PTEXT,,,1.0,XTINV,low,B_type_mismatch
CD_47f46e48a805,CD,anomalia,Desviacion de Correlacion,anomalia,Ruido,fail,,,,,,,,,,,PTEXT,,,1.0,XTINV,low,B_type_mismatch
CD_17c02263de15,CD,anomalia,Desviacion de Correlacion,anomalia,Ruido,fail,,,,,,,,,,,PTEXT,,,1.0,XTINV,low,B_type_mismatch
CD_6cc873e2cab9,CD,anomalia,Desviacion de Correlacion,anomalia,Ruido,fail,,,,,,,,,,,PTEXT,,,1.0,XTINV,low,B_type_mismatch
CD_b3f2cb747cd7,CD,anomalia,Desviacion de Correlacion,anomalia,Ruido,fail,,,,,,,,,,,PTEXT,,,1.0,XTINV,low,B_type_mismatch
CD_cfaaa120931e,CD,anomalia,Desviacion de Correlacion,anomalia,Ruido,fail,,,,,,,,,,,PTEXT,,,1.0,XTINV,low,B_type_mismatch
CD_26e6340a2db5,CD,anomalia,Desviacion de Correlacion,anomalia,Ruido,fail,,,,,,,,,,,PTEXT,,,1.0,XTINV,low,B_type_mismatch
CD_820df5d481fd,CD,anomalia,Desviacion de Correlacion,anomalia,Ruido,fail,,,,,,,,,,,PTEXT,,,1.0,XTINV,low,B_type_mismatch
CD_9cca827ad135,CD,anomalia,Desviacion de Correlacion,anomalia,Ruido,fail,,,,,,,,,,,PTEXT,,,1.0,XTINV,low,B_type_mismatch
CD_b45a97625769,CD,anomalia,Desviacion de Correlacion,anomalia,Ruido,fail,,,,,,,,,,,PTEXT,,,1.0,XTINV,low,B_type_mismatch
CD_4fd5859f35db,CD,anomalia,Desviacion de Correlacion,anomalia,Ruido,fail,,,,,,,,,,,PTEXT,,,1.0,XTINV,low,B_type_mismatch
CD_334580d26009,CD,anomalia,Desviacion de Correlacion,anomalia,Ruido,fail,,,,,,,,,,,PTEXT,,,1.0,XTINV,low,B_type_mismatch
CD_2b2f3802824f,CD,anomalia,Desviacion de Correlacion,anomalia,Ruido,fail,,,,,,,,,,,PTEXT,,,1.0,XTINV,low,B_type_mismatch
CD_3dca776e7d71,CD,anomalia,Desviacion de Correlacion,anomalia,Ruido,fail,,,,,,,,,,,PTEXT,,,1.0,XTINV,low,B_type_mismatch
CD_09fad8cf328e,CD,anomalia,Desviacion de Correlacion,anomalia,Ruido,fail,,,,,,,,,,,PTEXT,,,1.0,XTINV,low,B_type_mismatch
CD_4c0d4eddda98,CD,anomalia,Desviacion de Correlacion,anomalia,Ruido,fail,,,,,,,,,,,PTEXT,,,1.0,XTINV,low,B_type_mismatch
CD_44db50f5b170,CD,anomalia,Desviacion de Correlacion,anomalia,Ruido,fail,,,,,,,,,,,PTEXT,,,1.0,XTINV,low,B_type_mismatch
CD_9ea9f78f8cdd,CD,anomalia,Desviacion de Correlacion,anomalia,Ruido,fail,,,,,,,,,,,PTEXT,,,1.0,XTINV,low,B_type_mismatch
CD_fe3fba3d054a,CD,anomalia,Desviacion de Correlacion,anomalia,Ruido,fail,,,,,,,,,,,PTEXT,,,1.0,XTINV,low,B_type_mismatch
CD_57fc265b3b33,CD,anomalia,Desviacion de Correlacion,anomalia,Ruido,fail,,,,,,,,,,,PTEXT,,,1.0,XTINV,low,B_type_mismatch
CD_f9e24452e8c0,CD,anomalia,Desviacion de Correlacion,anomalia,Ruido,fail,,,,,,,,,,,PTEXT,,,1.0,XTINV,low,B_type_mismatch
CD_eeefd9392782,CD,anomalia,Desviacion de Correlacion,anomalia,Ruido,fail,,,,,,,,,,,PTEXT,,,1.0,XTINV,low,B_type_mismatch
CD_9341d67b2732,CD,anomalia,Desviacion de Correlacion,anomalia,Ruido,fail,,,,,,,,,,,PTEXT,,,1.0,XTINV,low,B_type_mismatch
CD_7ed4bc77e2cc,CD,anomalia,Desviacion de Correlacion,anomalia,Ruido,fail,,,,,,,,,,,PTEXT,,,1.0,XTINV,low,B_type_mismatch
CD_d16fc32e79d2,CD,anomalia,Desviacion de Correlacion,anomalia,Ruido,fail,,,,,,,,,,,PTEXT,,,1.0,XTINV,low,B_type_mismatch
CD_61e7ed19cb24,CD,anomalia,Desviacion de Correlacion,anomalia,Ruido,fail,,,,,,,,,,,PTEXT,,,1.0,XTINV,low,B_type_mismatch
CD_14aaf2f1b596,CD,anomalia,Desviacion de Correlacion,anomalia,Ruido,fail,,,,,,,,,,,PTEXT,,,1.0,XTINV,low,B_type_mismatch
CD_20169093226e,CD,anomalia,Desviacion de Correlacion,anomalia,Ruido,fail,,,,,,,,,,,PTEXT,,,1.0,XTINV,low,B_type_mismatch
CD_175650f25c67,CD,anomalia,Desviacion de Correlacion,anomalia,Ruido,fail,,,,,,,,,,,PTEXT,,,1.0,XTINV,low,B_type_mismatch
CD_80319ef8bd53,CD,anomalia,Desviacion de Correlacion,anomalia,Ruido,fail,,,,,,,,,,,PTEXT,,,1.0,XTINV,low,B_type_mismatch
CD_9078f5628637,CD,anomalia,Desviacion de Correlacion,anomalia,Ruido,fail,,,,,,,,,,,PTEXT,,,1.0,XTINV,low,B_type_mismatch
CD_25c1e4380e4c,CD,anomalia,Desviacion de Correlacion,anomalia,Ruido,fail,,,,,,,,,,,PTEXT,,,1.0,XTINV,low,B_type_mismatch
CD_0a0200c075eb,CD,anomalia,Desviacion de Correlacion,anomalia,Ruido,fail,,,,,,,,,,,PTEXT,,,1.0,XTINV,low,B_type_mismatch
CD_38a7aa0ee376,CD,anomalia,Desviacion de Correlacion,anomalia,Ruido,fail,,,,,,,,,,,PTEXT,,,1.0,XTINV,low,B_type_mismatch
CD_7ffabffab2d2,CD,anomalia,Desviacion de Correlacion,anomalia,Ruido,fail,,,,,,,,,,,PTEXT,,,1.0,XTINV,low,B_type_mismatch
CD_d4149f71760a,CD,anomalia,Desviacion de Correlacion,anomalia,Ruido,fail,,,,,,,,,,,PTEXT,,,1.0,XTINV,low,B_type_mismatch
CD_09bb87a9b926,CD,anomalia,Desviacion de Correlacion,anomalia,Ruido,fail,,,,,,,,,,,PTEXT,,,1.0,XTINV,low,B_type_mismatch
CD_336f39c7002d,CD,anomalia,Desviacion de Correlacion,anomalia,Ruido,fail,,,,,,,,,,,PTEXT,,,1.0,XTINV,low,B_type_mismatch
CD_1680f18158e2,CD,anomalia,Desviacion de Correlacion,anomalia,Ruido,fail,,,,,,,,,,,PTEXT,,,1.0,XTINV,low,B_type_mismatch
CD_cd4e85ce8fc2,CD,anomalia,Desviacion de Correlacion,anomalia,Ruido,fail,,,,,,,,,,,PTEXT,,,1.0,XTINV,low,B_type_mismatch
CD_a683bb00d484,CD,anomalia,Desviacion de Correlacion,anomalia,Ruido,fail,,,,,,,,,,,PTEXT,,,1.0,XTINV,low,B_type_mismatch
CD_e81daa796c2e,CD,anomalia,Desviacion de Correlacion,anomalia,Ruido,fail,,,,,,,,,,,PTEXT,,,1.0,XTINV,low,B_type_mismatch
CD_68172395a54b,CD,anomalia,Desviacion de Correlacion,anomalia,Ruido,fail,,,,,,,,,,,PTEXT,,,1.0,XTINV,low,B_type_mismatch
CD_4bba67cba735,CD,anomalia,Desviacion de Correlacion,anomalia,Ruido,fail,,,,,,,,,,,PTEXT,,,1.0,XTINV,low,B_type_mismatch
CD_a6b558b9ccd9,CD,anomalia,Desviacion de Correlacion,anomalia,Ruido,fail,,,,,,,,,,,PTEXT,,,1.0,XTINV,low,B_type_mismatch
CD_e3d4d4cfa4df,CD,anomalia,Desviacion de Correlacion,anomalia,Ruido,fail,,,,,,,,,,,PTEXT,,,1.0,XTINV,low,B_type_mismatch
CD_92589ee5103e,CD,anomalia,Desviacion de Correlacion,anomalia,Ruido,fail,,,,,,,,,,,PTEXT,,,1.0,XTINV,low,B_type_mismatch
CD_0c11c165ab1a,CD,anomalia,Desviacion de Correlacion,anomalia,Ruido,fail,,,,,,,,,,,PTEXT,,,1.0,XTINV,low,B_type_mismatch
CD_0656284e388c,CD,anomalia,Desviacion de Correlacion,anomalia,Ruido,fail,,,,,,,,,,,PTEXT,,,1.0,XTINV,low,B_type_mismatch
CD_1c082821b577,CD,anomalia,Desviacion de Correlacion,anomalia,Ruido,fail,,,,,,,,,,,PTEXT,,,1.0,XTINV,low,B_type_mismatch
CD_66957655cfb5,CD,anomalia,Desviacion de Correlacion,anomalia,Ruido,fail,,,,,,,,,,,PTEXT,,,1.0,XTINV,low,B_type_mismatch
CD_8186b1a13f54,CD,anomalia,Desviacion de Correlacion,anomalia,Ruido,fail,,,,,,,,,,,PTEXT,,,1.0,XTINV,low,B_type_mismatch
CD_b750142bfdb4,CD,anomalia,Desviacion de Correlacion,anomalia,Ruido,fail,,,,,,,,,,,PTEXT,,,1.0,XTINV,low,B_type_mismatch
CD_ea3d67042791,CD,anomalia,Desviacion de Correlacion,anomalia,Ruido,fail,,,,,,,,,,,PTEXT,,,1.0,XTINV,low,B_type_mismatch
CD_c48a2a535379,CD,anomalia,Desviacion de Correlacion,anomalia,Ruido,fail,,,,,,,,,,,PTEXT,,,1.0,XTINV,low,B_type_mismatch
CD_4bb1da3ff090,CD,anomalia,Desviacion de Correlacion,anomalia,Ruido,fail,,,,,,,,,,,PTEXT,,,1.0,XTINV,low,B_type_mismatch
CD_0e502cb3ed60,CD,anomalia,Desviacion de Correlacion,anomalia,Ruido,fail,,,,,,,,,,,PTEXT,,,1.0,XTINV,low,B_type_mismatch
CD_71f964d93135,CD,anomalia,Desviacion de Correlacion,anomalia,Ruido,fail,,,,,,,,,,,PTEXT,,,1.0,XTINV,low,B_type_mismatch
CD_eb8f6bb4b692,CD,anomalia,Desviacion de Correlacion,anomalia,Ruido,fail,,,,,,,,,,,PTEXT,,,1.0,XTINV,low,B_type_mismatch
CD_f57320257e50,CD,anomalia,Desviacion de Correlacion,anomalia,Ruido,fail,,,,,,,,,,,PTEXT,,,1.0,XTINV,low,B_type_mismatch
CD_b03c2b7044bc,CD,anomalia,Desviacion de Correlacion,anomalia,Ruido,fail,,,,,,,,,,,PTEXT,,,1.0,XTINV,low,B_type_mismatch
CD_6ff7c54bd0ca,CD,anomalia,Desviacion de Correlacion,anomalia,Ruido,fail,,,,,,,,,,,PTEXT,,,1.0,XTINV,low,B_type_mismatch
CD_a537d2eb9f51,CD,anomalia,Desviacion de Correlacion,anomalia,Ruido,fail,,,,,,,,,,,PTEXT,,,1.0,XTINV,low,B_type_mismatch
CD_483e49766c94,CD,anomalia,Desviacion de Correlacion,anomalia,Ruido,fail,,,,,,,,,,,PTEXT,,,1.0,XTINV,low,B_type_mismatch
CD_e60976938bf5,CD,anomalia,Desviacion de Correlacion,anomalia,Ruido,fail,,,,,,,,,,,PTEXT,,,1.0,XTINV,low,B_type_mismatch
CD_2e90f437e1c7,CD,anomalia,Desviacion de Correlacion,anomalia,Ruido,fail,,,,,,,,,,,PTEXT,,,1.0,XTINV,low,B_type_mismatch
CD_b3b6fbbfbcd0,CD,anomalia,Desviacion de Correlacion,anomalia,Ruido,fail,,,,,,,,,,,PTEXT,,,1.0,XTINV,low,B_type_mismatch
CD_8db3594e7dbf,CD,anomalia,Desviacion de Correlacion,anomalia,Ruido,fail,,,,,,,,,,,PTEXT,,,1.0,XTINV,low,B_type_mismatch
CD_9e30fbf04082,CD,anomalia,Desviacion de Correlacion,anomalia,Ruido,fail,,,,,,,,,,,PTEXT,,,1.0,XTINV,low,B_type_mismatch
CD_86dd9f420236,CD,anomalia,Desviacion de Correlacion,anomalia,Ruido,fail,,,,,,,,,,,PTEXT,,,1.0,XTINV,low,B_type_mismatch
CD_f2fe240f435c,CD,anomalia,Desviacion de Correlacion,anomalia,Ruido,fail,,,,,,,,,,,PTEXT,,,1.0,XTINV,low,B_type_mismatch
CD_e45335e6f354,CD,anomalia,Desviacion de Correlacion,anomalia,Ruido,fail,,,,,,,,,,,PTEXT,,,1.0,XTINV,low,B_type_mismatch
CD_dc3c81d09da2,CD,anomalia,Desviacion de Correlacion,anomalia,Ruido,fail,,,,,,,,,,,PTEXT,,,1.0,XTINV,low,B_type_mismatch
CD_bcb68c420e65,CD,anomalia,Desviacion de Correlacion,anomalia,Ruido,fail,,,,,,,,,,,PTEXT,,,1.0,XTINV,low,B_type_mismatch
CD_b21f268c4af1,CD,anomalia,Desviacion de Correlacion,anomalia,Ruido,fail,,,,,,,,,,,PTEXT,,,1.0,XTINV,low,B_type_mismatch
CD_c0884d322377,CD,anomalia,Desviacion de Correlacion,anomalia,Ruido,fail,,,,,,,,,,,PTEXT,,,1.0,XTINV,low,B_type_mismatch
CD_78b1f43c98de,CD,anomalia,Desviacion de Correlacion,anomalia,Ruido,fail,,,,,,,,,,,PTEXT,,,1.0,XTINV,low,B_type_mismatch
CD_86ff8d626481,CD,anomalia,Desviacion de Correlacion,anomalia,Ruido,fail,,,,,,,,,,,PTEXT,,,1.0,XTINV,low,B_type_mismatch
CD_5b4003d5c3dc,CD,anomalia,Desviacion de Correlacion,anomalia,Ruido,fail,,,,,,,,,,,PTEXT,,,1.0,XTINV,low,B_type_mismatch
CD_823caaea2443,CD,anomalia,Desviacion de Correlacion,anomalia,Ruido,fail,,,,,,,,,,,PTEXT,,,1.0,XTINV,low,B_type_mismatch
CD_b220a063baa1,CD,anomalia,Desviacion de Correlacion,anomalia,Ruido,fail,,,,,,,,,,,PTEXT,,,1.0,XTINV,low,B_type_mismatch
CD_50c2c30a51e7,CD,anomalia,Desviacion de Correlacion,anomalia,Ruido,fail,,,,,,,,,,,PTEXT,,,1.0,XTINV,low,B_type_mismatch
CD_b145a8e44e70,CD,anomalia,Desviacion de Correlacion,anomalia,Ruido,fail,,,,,,,,,,,PTEXT,,,1.0,XTINV,low,B_type_mismatch
CD_892b1a4762af,CD,anomalia,Desviacion de Correlacion,anomalia,Ruido,fail,,,,,,,,,,,PTEXT,,,1.0,XTINV,low,B_type_mismatch
CD_3bec10864da5,CD,anomalia,Desviacion de Correlacion,anomalia,Ruido,fail,,,,,,,,,,,PTEXT,,,1.0,XTINV,low,B_type_mismatch
CD_525932adac28,CD,anomalia,Desviacion de Correlacion,anomalia,Ruido,fail,,,,,,,,,,,PTEXT,,,1.0,XTINV,low,B_type_mismatch
CD_04119d4cf30d,CD,anomalia,Desviacion de Correlacion,anomalia,Ruido,fail,,,,,,,,,,,PTEXT,,,1.0,XTINV,low,B_type_mismatch
CD_658b9e592151,CD,anomalia,Desviacion de Correlacion,anomalia,Ruido,fail,,,,,,,,,,,PTEXT,,,1.0,XTINV,low,B_type_mismatch
CD_7909f8a9b205,CD,anomalia,Desviacion de Correlacion,anomalia,Ruido,fail,,,,,,,,,,,PTEXT,,,1.0,XTINV,low,B_type_mismatch
CD_7cd8e089568e,CD,anomalia,Desviacion de Correlacion,anomalia,Ruido,fail,,,,,,,,,,,PTEXT,,,1.0,XTINV,low,B_type_mismatch
CD_44e41af4533e,CD,anomalia,Desviacion de Correlacion,anomalia,Ruido,fail,,,,,,,,,,,PTEXT,,,1.0,XTINV,low,B_type_mismatch
CD_0fb127834da6,CD,anomalia,Desviacion de Correlacion,anomalia,Ruido,fail,,,,,,,,,,,PTEXT,,,1.0,XTINV,low,B_type_mismatch
CD_3ca1fddbd2ab,CD,anomalia,Desviacion de Correlacion,anomalia,Ruido,fail,,,,,,,,,,,PTEXT,,,1.0,XTINV,low,B_type_mismatch
CD_a7bd2351652c,CD,anomalia,Desviacion de Correlacion,anomalia,Ruido,fail,,,,,,,,,,,PTEXT,,,1.0,XTINV,low,B_type_mismatch
CD_0be0964955bc,CD,anomalia,Desviacion de Correlacion,anomalia,Ruido,fail,,,,,,,,,,,PTEXT,,,1.0,XTINV,low,B_type_mismatch
CD_19b97938971c,CD,anomalia,Desviacion de Correlacion,anomalia,Ruido,fail,,,,,,,,,,,PTEXT,,,1.0,XTINV,low,B_type_mismatch
CD_5a9198779bdf,CD,anomalia,Desviacion de Correlacion,anomalia,Ruido,fail,,,,,,,,,,,PTEXT,,,1.0,XTINV,low,B_type_mismatch
CD_4c95b6b77fd2,CD,anomalia,Desviacion de Correlacion,anomalia,Ruido,fail,,,,,,,,,,,PTEXT,,,1.0,XTINV,low,B_type_mismatch
CD_643919384c54,CD,anomalia,Desviacion de Correlacion,anomalia,Ruido,fail,,,,,,,,,,,PTEXT,,,1.0,XTINV,low,B_type_mismatch
CD_6929199f92df,CD,anomalia,Desviacion de Correlacion,anomalia,Ruido,fail,,,,,,,,,,,PTEXT,,,1.0,XTINV,low,B_type_mismatch
CD_2f0aa36a11a5,CD,anomalia,Desviacion de Correlacion,anomalia,Ruido,fail,,,,,,,,,,,PTEXT,,,1.0,XTINV,low,B_type_mismatch
CD_aa92929c38c2,CD,anomalia,Desviacion de Correlacion,anomalia,Ruido,fail,,,,,,,,,,,PTEXT,,,1.0,XTINV,low,B_type_mismatch
CD_c86eda61c093,CD,anomalia,Desviacion de Correlacion,anomalia,Ruido,fail,,,,,,,,,,,PTEXT,,,1.0,XTINV,high,B_type_mismatch
CD_1d9d88a6d04e,CD,anomalia,Desviacion de Correlacion,anomalia,Ruido,fail,,,,,,,,,,,PTEXT,,,1.0,XTINV,high,B_type_mismatch
CD_7f8bfa10e1f9,CD,anomalia,Desviacion de Correlacion,anomalia,Ruido,fail,,,,,,,,,,,PTEXT,,,1.0,XTINV,high,B_type_mismatch
CD_48aeae4e0267,CD,anomalia,Desviacion de Correlacion,anomalia,Ruido,fail,,,,,,,,,,,PTEXT,,,1.0,XTINV,high,B_type_mismatch
CD_aaded35cc5c6,CD,anomalia,Desviacion de Correlacion,anomalia,Ruido,fail,,,,,,,,,,,PTEXT,,,1.0,XTINV,high,B_type_mismatch
CD_93cae52ba234,CD,anomalia,Desviacion de Correlacion,anomalia,Ruido,fail,,,,,,,,,,,PTEXT,,,1.0,XTINV,high,B_type_mismatch
CD_5f724cb642d3,CD,anomalia,Desviacion de Correlacion,anomalia,Ruido,fail,,,,,,,,,,,PTEXT,,,1.0,XTINV,high,B_type_mismatch
CD_dc6d9b97c994,CD,anomalia,Desviacion de Correlacion,anomalia,Ruido,fail,,,,,,,,,,,PTEXT,,,1.0,XTINV,high,B_type_mismatch
CD_c2f38dcbe67d,CD,anomalia,Desviacion de Correlacion,normal,normal,fail,,,,,,,,,,,PTEXT,,,1.0,XTINV,high,A_binary_miss
CD_e21985391d44,CD,anomalia,Desviacion de Correlacion,anomalia,Ruido,fail,,,,,,,,,,,PTEXT,,,1.0,XTINV,high,B_type_mismatch
CD_e0f91e8445b9,CD,anomalia,Desviacion de Correlacion,anomalia,Ruido,fail,,,,,,,,,,,PTEXT,,,1.0,XTINV,high,B_type_mismatch
CD_de59da743e3c,CD,anomalia,Desviacion de Correlacion,anomalia,Ruido,fail,,,,,,,,,,,PTEXT,,,1.0,XTINV,high,B_type_mismatch
CD_e9a3b6ee74ef,CD,anomalia,Desviacion de Correlacion,anomalia,Ruido,fail,,,,,,,,,,,PTEXT,,,1.0,XTINV,high,B_type_mismatch
CD_81bd8fb382e9,CD,anomalia,Desviacion de Correlacion,anomalia,Ruido,fail,,,,,,,,,,,PTEXT,,,1.0,XTINV,high,B_type_mismatch
CD_a2ecd5b5d9b3,CD,anomalia,Desviacion de Correlacion,anomalia,Ruido,fail,,,,,,,,,,,PTEXT,,,1.0,XTINV,high,B_type_mismatch
CD_76b60244c893,CD,anomalia,Desviacion de Correlacion,anomalia,Ruido,fail,,,,,,,,,,,PTEXT,,,1.0,XTINV,high,B_type_mismatch
CD_7e618180fa51,CD,anomalia,Desviacion de Correlacion,anomalia,Ruido,fail,,,,,,,,,,,PTEXT,,,1.0,XTINV,high,B_type_mismatch
CD_52c0ba31ae11,CD,anomalia,Desviacion de Correlacion,anomalia,Ruido,fail,,,,,,,,,,,PTEXT,,,1.0,XTINV,high,B_type_mismatch
CD_d4489336a9e0,CD,anomalia,Desviacion de Correlacion,anomalia,Ruido,fail,,,,,,,,,,,PTEXT,,,1.0,XTINV,high,B_type_mismatch
CD_301af60a3508,CD,anomalia,Desviacion de Correlacion,anomalia,Ruido,fail,,,,,,,,,,,PTEXT,,,1.0,XTINV,high,B_type_mismatch
CD_ac815c03c216,CD,anomalia,Desviacion de Correlacion,anomalia,Ruido,fail,,,,,,,,,,,PTEXT,,,1.0,XTINV,high,B_type_mismatch
CD_807597ae8a68,CD,anomalia,Desviacion de Correlacion,anomalia,Ruido,fail,,,,,,,,,,,PTEXT,,,1.0,XTINV,high,B_type_mismatch
CD_d240c9525fe5,CD,anomalia,Desviacion de Correlacion,anomalia,Ruido,fail,,,,,,,,,,,PTEXT,,,1.0,XTINV,high,B_type_mismatch
CD_ac2146b0edb4,CD,anomalia,Desviacion de Correlacion,anomalia,Ruido,fail,,,,,,,,,,,PTEXT,,,1.0,XTINV,high,B_type_mismatch
CD_4acffc739aa7,CD,anomalia,Desviacion de Correlacion,anomalia,Ruido,fail,,,,,,,,,,,PTEXT,,,1.0,XTINV,high,B_type_mismatch
CD_07c49b1c5eba,CD,anomalia,Desviacion de Correlacion,anomalia,Ruido,fail,,,,,,,,,,,PTEXT,,,1.0,XTINV,high,B_type_mismatch
CD_6dcd4219931c,CD,anomalia,Desviacion de Correlacion,anomalia,Ruido,fail,,,,,,,,,,,PTEXT,,,1.0,XTINV,high,B_type_mismatch
CD_bdacac3987f2,CD,anomalia,Desviacion de Correlacion,anomalia,Ruido,fail,,,,,,,,,,,PTEXT,,,1.0,XTINV,high,B_type_mismatch
CD_995edbde5a21,CD,anomalia,Desviacion de Correlacion,anomalia,Ruido,fail,,,,,,,,,,,PTEXT,,,1.0,XTINV,high,B_type_mismatch
CD_8b65fdfb86fa,CD,anomalia,Desviacion de Correlacion,anomalia,Ruido,fail,,,,,,,,,,,PTEXT,,,1.0,XTINV,high,B_type_mismatch
CD_eb07fcfba72d,CD,anomalia,Desviacion de Correlacion,anomalia,Ruido,fail,,,,,,,,,,,PTEXT,,,1.0,XTINV,high,B_type_mismatch
CD_9b56cefc7460,CD,anomalia,Desviacion de Correlacion,anomalia,Ruido,fail,,,,,,,,,,,PTEXT,,,1.0,XTINV,high,B_type_mismatch
CD_c019fc8d0a10,CD,anomalia,Desviacion de Correlacion,anomalia,Ruido,fail,,,,,,,,,,,PTEXT,,,1.0,XTINV,high,B_type_mismatch
CD_df65d31e5fd7,CD,anomalia,Desviacion de Correlacion,anomalia,Ruido,fail,,,,,,,,,,,PTEXT,,,1.0,XTINV,high,B_type_mismatch
CD_77789abb1ffe,CD,anomalia,Desviacion de Correlacion,anomalia,Ruido,fail,,,,,,,,,,,PTEXT,,,1.0,XTINV,high,B_type_mismatch
CD_b28b80e2e51d,CD,anomalia,Desviacion de Correlacion,anomalia,Ruido,fail,,,,,,,,,,,PTEXT,,,1.0,XTINV,high,B_type_mismatch
CD_2274b9dcbed4,CD,anomalia,Desviacion de Correlacion,anomalia,Ruido,fail,,,,,,,,,,,PTEXT,,,1.0,XTINV,high,B_type_mismatch
CD_f1c45c0a8bf3,CD,anomalia,Desviacion de Correlacion,anomalia,Ruido,fail,,,,,,,,,,,PTEXT,,,1.0,XTINV,high,B_type_mismatch
CD_2c32a3cf7d36,CD,anomalia,Desviacion de Correlacion,anomalia,Ruido,fail,,,,,,,,,,,PTEXT,,,1.0,XTINV,high,B_type_mismatch
CD_9a98501ee04e,CD,anomalia,Desviacion de Correlacion,anomalia,Ruido,fail,,,,,,,,,,,PTEXT,,,1.0,XTINV,high,B_type_mismatch
CD_a305a19191f7,CD,anomalia,Desviacion de Correlacion,anomalia,Ruido,fail,,,,,,,,,,,PTEXT,,,1.0,XTINV,high,B_type_mismatch
CD_1032785192d8,CD,anomalia,Desviacion de Correlacion,anomalia,Ruido,fail,,,,,,,,,,,PTEXT,,,1.0,XTINV,high,B_type_mismatch
CD_e4d263d38550,CD,anomalia,Desviacion de Correlacion,anomalia,Ruido,fail,,,,,,,,,,,PTEXT,,,1.0,XTINV,high,B_type_mismatch
CD_1565ff0e05f6,CD,anomalia,Desviacion de Correlacion,anomalia,Ruido,fail,,,,,,,,,,,PTEXT,,,1.0,XTINV,high,B_type_mismatch
CD_0b48de413358,CD,anomalia,Desviacion de Correlacion,anomalia,Ruido,fail,,,,,,,,,,,PTEXT,,,1.0,XTINV,high,B_type_mismatch
CD_a71a759b8372,CD,anomalia,Desviacion de Correlacion,anomalia,Ruido,fail,,,,,,,,,,,PTEXT,,,1.0,XTINV,high,B_type_mismatch
CD_c3b4f32acbc5,CD,anomalia,Desviacion de Correlacion,anomalia,Ruido,fail,,,,,,,,,,,PTEXT,,,1.0,XTINV,high,B_type_mismatch
CD_70995d51dd68,CD,anomalia,Desviacion de Correlacion,anomalia,Ruido,fail,,,,,,,,,,,PTEXT,,,1.0,XTINV,high,B_type_mismatch
CD_43fafc5222aa,CD,anomalia,Desviacion de Correlacion,anomalia,Ruido,fail,,,,,,,,,,,PTEXT,,,1.0,XTINV,high,B_type_mismatch
CD_5681c72c311e,CD,anomalia,Desviacion de Correlacion,anomalia,Ruido,fail,,,,,,,,,,,PTEXT,,,1.0,XTINV,high,B_type_mismatch
CD_288e87119156,CD,anomalia,Desviacion de Correlacion,anomalia,Ruido,fail,,,,,,,,,,,PTEXT,,,1.0,XTINV,high,B_type_mismatch
CD_47db49b9aa0d,CD,anomalia,Desviacion de Correlacion,anomalia,Ruido,fail,,,,,,,,,,,PTEXT,,,1.0,XTINV,high,B_type_mismatch
CD_90ab57511195,CD,anomalia,Desviacion de Correlacion,anomalia,Ruido,fail,,,,,,,,,,,PTEXT,,,1.0,XTINV,high,B_type_mismatch
CD_a0b2e65050d8,CD,anomalia,Desviacion de Correlacion,anomalia,Ruido,fail,,,,,,,,,,,PTEXT,,,1.0,XTINV,high,B_type_mismatch
CD_6ad4c8366461,CD,anomalia,Desviacion de Correlacion,anomalia,Ruido,fail,,,,,,,,,,,PTEXT,,,1.0,XTINV,high,B_type_mismatch
CD_dbf706742d7b,CD,anomalia,Desviacion de Correlacion,anomalia,Ruido,fail,,,,,,,,,,,PTEXT,,,1.0,XTINV,high,B_type_mismatch
CD_62535c4b9b1a,CD,anomalia,Desviacion de Correlacion,anomalia,Ruido,fail,,,,,,,,,,,PTEXT,,,1.0,XTINV,high,B_type_mismatch
CD_9fd60685fee6,CD,anomalia,Desviacion de Correlacion,anomalia,Ruido,fail,,,,,,,,,,,PTEXT,,,1.0,XTINV,high,B_type_mismatch
CD_6217bb34e940,CD,anomalia,Desviacion de Correlacion,anomalia,Ruido,fail,,,,,,,,,,,PTEXT,,,1.0,XTINV,high,B_type_mismatch
CD_1deac0ee3d1a,CD,anomalia,Desviacion de Correlacion,anomalia,Ruido,fail,,,,,,,,,,,PTEXT,,,1.0,XTINV,high,B_type_mismatch
CD_cd0f9a0d962e,CD,anomalia,Desviacion de Correlacion,anomalia,Ruido,fail,,,,,,,,,,,PTEXT,,,1.0,XTINV,high,B_type_mismatch
CD_3315201a7a11,CD,anomalia,Desviacion de Correlacion,anomalia,Ruido,fail,,,,,,,,,,,PTEXT,,,1.0,XTINV,high,B_type_mismatch
CD_30ed9c9f5931,CD,anomalia,Desviacion de Correlacion,anomalia,Ruido,fail,,,,,,,,,,,PTEXT,,,1.0,XTINV,high,B_type_mismatch
CD_70ee8199660f,CD,anomalia,Desviacion de Correlacion,anomalia,Ruido,fail,,,,,,,,,,,PTEXT,,,1.0,XTINV,high,B_type_mismatch
CD_a106fc0b1de2,CD,anomalia,Desviacion de Correlacion,anomalia,Ruido,fail,,,,,,,,,,,PTEXT,,,1.0,XTINV,high,B_type_mismatch
CD_2fe64ed7976e,CD,anomalia,Desviacion de Correlacion,anomalia,Ruido,fail,,,,,,,,,,,PTEXT,,,1.0,XTINV,high,B_type_mismatch
CD_1abdfbf368ea,CD,anomalia,Desviacion de Correlacion,anomalia,Ruido,fail,,,,,,,,,,,PTEXT,,,1.0,XTINV,high,B_type_mismatch
CD_4669115cd8b5,CD,anomalia,Desviacion de Correlacion,anomalia,Ruido,fail,,,,,,,,,,,PTEXT,,,1.0,XTINV,high,B_type_mismatch
CD_f187037f3a43,CD,anomalia,Desviacion de Correlacion,anomalia,Ruido,fail,,,,,,,,,,,PTEXT,,,1.0,XTINV,high,B_type_mismatch
CD_f362dd1c9e75,CD,anomalia,Desviacion de Correlacion,anomalia,Ruido,fail,,,,,,,,,,,PTEXT,,,1.0,XTINV,high,B_type_mismatch
CD_88387ef398df,CD,anomalia,Desviacion de Correlacion,anomalia,Ruido,fail,,,,,,,,,,,PTEXT,,,1.0,XTINV,high,B_type_mismatch
CD_93b5ac32b97d,CD,anomalia,Desviacion de Correlacion,anomalia,Ruido,fail,,,,,,,,,,,PTEXT,,,1.0,XTINV,high,B_type_mismatch
CD_99cd5069ddfe,CD,anomalia,Desviacion de Correlacion,anomalia,Ruido,fail,,,,,,,,,,,PTEXT,,,1.0,XTINV,high,B_type_mismatch
CD_a98ae8415eeb,CD,anomalia,Desviacion de Correlacion,anomalia,Ruido,fail,,,,,,,,,,,PTEXT,,,1.0,XTINV,high,B_type_mismatch
CD_1e0c2a25ee79,CD,anomalia,Desviacion de Correlacion,anomalia,Ruido,fail,,,,,,,,,,,PTEXT,,,1.0,XTINV,high,B_type_mismatch
CD_a5095e956f2f,CD,anomalia,Desviacion de Correlacion,anomalia,Ruido,fail,,,,,,,,,,,PTEXT,,,1.0,XTINV,high,B_type_mismatch
CD_8c3052f2b05d,CD,anomalia,Desviacion de Correlacion,anomalia,Ruido,fail,,,,,,,,,,,PTEXT,,,1.0,XTINV,high,B_type_mismatch
CD_882b286a953b,CD,anomalia,Desviacion de Correlacion,anomalia,Ruido,fail,,,,,,,,,,,PTEXT,,,1.0,XTINV,high,B_type_mismatch
CD_2654833ef291,CD,anomalia,Desviacion de Correlacion,anomalia,Ruido,fail,,,,,,,,,,,PTEXT,,,1.0,XTINV,high,B_type_mismatch
CD_64f9eebfab3d,CD,anomalia,Desviacion de Correlacion,anomalia,Ruido,fail,,,,,,,,,,,PTEXT,,,1.0,XTINV,high,B_type_mismatch
CD_7551f64ddc7f,CD,anomalia,Desviacion de Correlacion,anomalia,Ruido,fail,,,,,,,,,,,PTEXT,,,1.0,XTINV,high,B_type_mismatch
CD_ec3d9353bd66,CD,anomalia,Desviacion de Correlacion,anomalia,Ruido,fail,,,,,,,,,,,PTEXT,,,1.0,XTINV,high,B_type_mismatch
CD_5c9c790791ef,CD,anomalia,Desviacion de Correlacion,anomalia,Ruido,fail,,,,,,,,,,,PTEXT,,,1.0,XTINV,high,B_type_mismatch
CD_7cedbb8688b5,CD,anomalia,Desviacion de Correlacion,anomalia,Ruido,fail,,,,,,,,,,,PTEXT,,,1.0,XTINV,high,B_type_mismatch
CD_e2dc709da89b,CD,anomalia,Desviacion de Correlacion,anomalia,Ruido,fail,,,,,,,,,,,PTEXT,,,1.0,XTINV,high,B_type_mismatch
CD_356c8029a605,CD,anomalia,Desviacion de Correlacion,anomalia,Ruido,fail,,,,,,,,,,,PTEXT,,,1.0,XTINV,high,B_type_mismatch
CD_248c06c97d8c,CD,anomalia,Desviacion de Correlacion,anomalia,Ruido,fail,,,,,,,,,,,PTEXT,,,1.0,XTINV,high,B_type_mismatch
CD_5065e7db5ab5,CD,anomalia,Desviacion de Correlacion,anomalia,Ruido,fail,,,,,,,,,,,PTEXT,,,1.0,XTINV,high,B_type_mismatch
CD_2437efe4ca03,CD,anomalia,Desviacion de Correlacion,anomalia,Ruido,fail,,,,,,,,,,,PTEXT,,,1.0,XTINV,high,B_type_mismatch
CD_028576b04feb,CD,anomalia,Desviacion de Correlacion,anomalia,Ruido,fail,,,,,,,,,,,PTEXT,,,1.0,XTINV,high,B_type_mismatch
CD_4ebb150c5b38,CD,anomalia,Desviacion de Correlacion,anomalia,Ruido,fail,,,,,,,,,,,PTEXT,,,1.0,XTINV,high,B_type_mismatch
CD_489254265c29,CD,anomalia,Desviacion de Correlacion,anomalia,Ruido,fail,,,,,,,,,,,PTEXT,,,1.0,XTINV,high,B_type_mismatch
CD_2a9cb588cfce,CD,anomalia,Desviacion de Correlacion,anomalia,Ruido,fail,,,,,,,,,,,PTEXT,,,1.0,XTINV,high,B_type_mismatch
CD_ff8b7bb75c95,CD,anomalia,Desviacion de Correlacion,anomalia,Ruido,fail,,,,,,,,,,,PTEXT,,,1.0,XTINV,high,B_type_mismatch
CD_6903bdeb9dc3,CD,anomalia,Desviacion de Correlacion,anomalia,Ruido,fail,,,,,,,,,,,PTEXT,,,1.0,XTINV,high,B_type_mismatch
CD_ca0167418c30,CD,anomalia,Desviacion de Correlacion,anomalia,Ruido,fail,,,,,,,,,,,PTEXT,,,1.0,XTINV,high,B_type_mismatch
CD_5abe5df75c5d,CD,anomalia,Desviacion de Correlacion,anomalia,Ruido,fail,,,,,,,,,,,PTEXT,,,1.0,XTINV,high,B_type_mismatch
CD_d774eee87603,CD,anomalia,Desviacion de Correlacion,anomalia,Ruido,fail,,,,,,,,,,,PTEXT,,,1.0,XTINV,high,B_type_mismatch
CD_b34442d52da6,CD,anomalia,Desviacion de Correlacion,anomalia,Ruido,fail,,,,,,,,,,,PTEXT,,,1.0,XTINV,high,B_type_mismatch
CD_e5d41a708029,CD,anomalia,Desviacion de Correlacion,anomalia,Ruido,fail,,,,,,,,,,,PTEXT,,,1.0,XTINV,high,B_type_mismatch
CD_f0afca48571b,CD,anomalia,Desviacion de Correlacion,anomalia,Ruido,fail,,,,,,,,,,,PTEXT,,,1.0,XTINV,high,B_type_mismatch
CD_b723c5d3941f,CD,anomalia,Desviacion de Correlacion,anomalia,Ruido,fail,,,,,,,,,,,PTEXT,,,1.0,XTINV,high,B_type_mismatch
CD_f99eac7f9f29,CD,anomalia,Desviacion de Correlacion,anomalia,Ruido,fail,,,,,,,,,,,PTEXT,,,1.0,XTINV,high,B_type_mismatch
CD_06e6755b31c7,CD,anomalia,Desviacion de Correlacion,anomalia,Ruido,fail,,,,,,,,,,,PTEXT,,,1.0,XTINV,high,B_type_mismatch
CD_3862402cf9cb,CD,anomalia,Desviacion de Correlacion,anomalia,Ruido,fail,,,,,,,,,,,PTEXT,,,1.0,XTINV,high,B_type_mismatch
CD_a313bd41deb4,CD,anomalia,Desviacion de Correlacion,anomalia,Ruido,fail,,,,,,,,,,,PTEXT,,,1.0,XTINV,high,B_type_mismatch
CD_065fb0203c82,CD,anomalia,Desviacion de Correlacion,anomalia,Ruido,fail,,,,,,,,,,,PTEXT,,,1.0,XTINV,high,B_type_mismatch
CD_ba0bf45a2e19,CD,anomalia,Desviacion de Correlacion,anomalia,Ruido,fail,,,,,,,,,,,PTEXT,,,1.0,XTINV,high,B_type_mismatch
CD_93a8c975e727,CD,anomalia,Desviacion de Correlacion,anomalia,Ruido,fail,,,,,,,,,,,PTEXT,,,1.0,XTINV,high,B_type_mismatch
CD_7900e21002ce,CD,anomalia,Desviacion de Correlacion,anomalia,Ruido,fail,,,,,,,,,,,PTEXT,,,1.0,XTINV,high,B_type_mismatch
CD_d14952ca4a29,CD,anomalia,Desviacion de Correlacion,anomalia,Ruido,fail,,,,,,,,,,,PTEXT,,,1.0,XTINV,high,B_type_mismatch
CD_0203c131ecab,CD,anomalia,Desviacion de Correlacion,anomalia,Ruido,fail,,,,,,,,,,,PTEXT,,,1.0,XTINV,high,B_type_mismatch
CD_30530f8350df,CD,anomalia,Desviacion de Correlacion,anomalia,Ruido,fail,,,,,,,,,,,PTEXT,,,1.0,XTINV,high,B_type_mismatch
CD_22cfe8b71524,CD,anomalia,Desviacion de Correlacion,anomalia,Ruido,fail,,,,,,,,,,,PTEXT,,,1.0,XTINV,high,B_type_mismatch
CD_e93b9ff0bf85,CD,anomalia,Desviacion de Correlacion,anomalia,Ruido,fail,,,,,,,,,,,PTEXT,,,1.0,XTINV,high,B_type_mismatch
CD_95b05e68a256,CD,anomalia,Desviacion de Correlacion,anomalia,Ruido,fail,,,,,,,,,,,PTEXT,,,1.0,XTINV,high,B_type_mismatch
CD_a43a3a2a875c,CD,anomalia,Desviacion de Correlacion,anomalia,Ruido,fail,,,,,,,,,,,PTEXT,,,1.0,XTINV,high,B_type_mismatch
CD_8dc617734eec,CD,anomalia,Desviacion de Correlacion,anomalia,Ruido,fail,,,,,,,,,,,PTEXT,,,1.0,XTINV,high,B_type_mismatch
CD_2b944fe1c037,CD,anomalia,Desviacion de Correlacion,anomalia,Ruido,fail,,,,,,,,,,,PTEXT,,,1.0,XTINV,high,B_type_mismatch
CD_adf28ed81aa6,CD,anomalia,Desviacion de Correlacion,anomalia,Ruido,fail,,,,,,,,,,,PTEXT,,,1.0,XTINV,high,B_type_mismatch
CD_64d8750b231d,CD,anomalia,Desviacion de Correlacion,anomalia,Ruido,fail,,,,,,,,,,,PTEXT,,,1.0,XTINV,high,B_type_mismatch
CD_181d654b391d,CD,anomalia,Desviacion de Correlacion,anomalia,Ruido,fail,,,,,,,,,,,PTEXT,,,1.0,XTINV,high,B_type_mismatch
CD_cbb164d9d256,CD,anomalia,Desviacion de Correlacion,anomalia,Ruido,fail,,,,,,,,,,,PTEXT,,,1.0,XTINV,high,B_type_mismatch
CD_b708f2f34e22,CD,anomalia,Desviacion de Correlacion,anomalia,Ruido,fail,,,,,,,,,,,PTEXT,,,1.0,XTINV,high,B_type_mismatch
CD_496a0889ddda,CD,anomalia,Desviacion de Correlacion,anomalia,Ruido,fail,,,,,,,,,,,PTEXT,,,1.0,XTINV,high,B_type_mismatch
CD_1eb81cdd6e68,CD,anomalia,Desviacion de Correlacion,anomalia,Ruido,fail,,,,,,,,,,,PTEXT,,,1.0,XTINV,high,B_type_mismatch
CD_4906b8c11e85,CD,anomalia,Desviacion de Correlacion,anomalia,Ruido,fail,,,,,,,,,,,PTEXT,,,1.0,XTINV,high,B_type_mismatch
CD_14f73ad2f660,CD,anomalia,Desviacion de Correlacion,anomalia,Ruido,fail,,,,,,,,,,,PTEXT,,,1.0,XTINV,high,B_type_mismatch
CD_93e89d63798d,CD,anomalia,Desviacion de Correlacion,anomalia,Ruido,fail,,,,,,,,,,,PTEXT,,,1.0,XTINV,high,B_type_mismatch
CD_3c314514fc90,CD,anomalia,Desviacion de Correlacion,anomalia,Ruido,fail,,,,,,,,,,,PTEXT,,,1.0,XTINV,high,B_type_mismatch
CD_1c96088cee02,CD,anomalia,Desviacion de Correlacion,anomalia,Ruido,fail,,,,,,,,,,,PTEXT,,,1.0,XTINV,high,B_type_mismatch
CD_ee1df40b807a,CD,anomalia,Desviacion de Correlacion,anomalia,Ruido,fail,,,,,,,,,,,PTEXT,,,1.0,XTINV,high,B_type_mismatch
CD_8002c5ff9e29,CD,anomalia,Desviacion de Correlacion,normal,normal,fail,,,,,,,,,,,PTEXT,,,1.0,XTINV,high,A_binary_miss
CD_05d070cc9d8f,CD,anomalia,Desviacion de Correlacion,anomalia,Ruido,fail,,,,,,,,,,,PTEXT,,,1.0,XTINV,high,B_type_mismatch
CD_d9f9113d73a7,CD,anomalia,Desviacion de Correlacion,anomalia,Ruido,fail,,,,,,,,,,,PTEXT,,,1.0,XTINV,high,B_type_mismatch
CD_2a3983c039be,CD,anomalia,Desviacion de Correlacion,anomalia,Ruido,fail,,,,,,,,,,,PTEXT,,,1.0,XTINV,high,B_type_mismatch
CD_2204511e7bcc,CD,anomalia,Desviacion de Correlacion,anomalia,Ruido,fail,,,,,,,,,,,PTEXT,,,1.0,XTINV,high,B_type_mismatch
CD_75267329639c,CD,anomalia,Desviacion de Correlacion,anomalia,Ruido,fail,,,,,,,,,,,PTEXT,,,1.0,XTINV,high,B_type_mismatch
CD_03103f9ce876,CD,anomalia,Desviacion de Correlacion,anomalia,Ruido,fail,,,,,,,,,,,PTEXT,,,1.0,XTINV,high,B_type_mismatch
CD_06e8356b2773,CD,anomalia,Desviacion de Correlacion,anomalia,Ruido,fail,,,,,,,,,,,PTEXT,,,1.0,XTINV,high,B_type_mismatch
CD_78b43729a9ff,CD,anomalia,Desviacion de Correlacion,anomalia,Ruido,fail,,,,,,,,,,,PTEXT,,,1.0,XTINV,high,B_type_mismatch
CD_4afd4d9778d8,CD,anomalia,Desviacion de Correlacion,anomalia,Ruido,fail,,,,,,,,,,,PTEXT,,,1.0,XTINV,high,B_type_mismatch
CD_a571b2915b86,CD,anomalia,Desviacion de Correlacion,anomalia,Ruido,fail,,,,,,,,,,,PTEXT,,,1.0,XTINV,high,B_type_mismatch
CD_a0d5bdc105c9,CD,anomalia,Desviacion de Correlacion,anomalia,Ruido,fail,,,,,,,,,,,PTEXT,,,1.0,XTINV,high,B_type_mismatch
CD_335b41f2fbb6,CD,anomalia,Desviacion de Correlacion,anomalia,Ruido,fail,,,,,,,,,,,PTEXT,,,1.0,XTINV,high,B_type_mismatch
CD_112f9c53c9fa,CD,anomalia,Desviacion de Correlacion,anomalia,Ruido,fail,,,,,,,,,,,PTEXT,,,1.0,XTINV,high,B_type_mismatch
CD_f36160ff0e33,CD,anomalia,Desviacion de Correlacion,anomalia,Ruido,fail,,,,,,,,,,,PTEXT,,,1.0,XTINV,high,B_type_mismatch
CD_a08a1e31e979,CD,anomalia,Desviacion de Correlacion,anomalia,Ruido,fail,,,,,,,,,,,PHEXT,,,1.0,XHINV,low,B_type_mismatch
CD_a0d8c2cf7a66,CD,anomalia,Desviacion de Correlacion,anomalia,Ruido,fail,,,,,,,,,,,PHEXT,,,1.0,XHINV,low,B_type_mismatch
CD_5168a5de5f4a,CD,anomalia,Desviacion de Correlacion,anomalia,Ruido,fail,,,,,,,,,,,PHEXT,,,1.0,XHINV,low,B_type_mismatch
CD_e65975f20b9f,CD,anomalia,Desviacion de Correlacion,anomalia,Ruido,fail,,,,,,,,,,,PHEXT,,,1.0,XHINV,low,B_type_mismatch
CD_b63e6a5c2c17,CD,anomalia,Desviacion de Correlacion,anomalia,Ruido,fail,,,,,,,,,,,PHEXT,,,1.0,XHINV,low,B_type_mismatch
CD_146f981c8b11,CD,anomalia,Desviacion de Correlacion,anomalia,Ruido,fail,,,,,,,,,,,PHEXT,,,1.0,XHINV,low,B_type_mismatch
CD_6d250f7f36ae,CD,anomalia,Desviacion de Correlacion,anomalia,Ruido,fail,,,,,,,,,,,PHEXT,,,1.0,XHINV,low,B_type_mismatch
CD_6e33515d4eba,CD,anomalia,Desviacion de Correlacion,anomalia,Ruido,fail,,,,,,,,,,,PHEXT,,,1.0,XHINV,low,B_type_mismatch
CD_1053045e1c8c,CD,anomalia,Desviacion de Correlacion,anomalia,Ruido,fail,,,,,,,,,,,PHEXT,,,1.0,XHINV,low,B_type_mismatch
CD_3980cff2f103,CD,anomalia,Desviacion de Correlacion,anomalia,Ruido,fail,,,,,,,,,,,PHEXT,,,1.0,XHINV,low,B_type_mismatch
CD_c9e51c1bd288,CD,anomalia,Desviacion de Correlacion,anomalia,Ruido,fail,,,,,,,,,,,PHEXT,,,1.0,XHINV,low,B_type_mismatch
CD_ed1964e6b9ee,CD,anomalia,Desviacion de Correlacion,anomalia,Ruido,fail,,,,,,,,,,,PHEXT,,,1.0,XHINV,low,B_type_mismatch
CD_f5ffc516e66f,CD,anomalia,Desviacion de Correlacion,anomalia,Ruido,fail,,,,,,,,,,,PHEXT,,,1.0,XHINV,low,B_type_mismatch
CD_1838a75f9ab3,CD,anomalia,Desviacion de Correlacion,anomalia,Ruido,fail,,,,,,,,,,,PHEXT,,,1.0,XHINV,low,B_type_mismatch
CD_4b964b2f5f8e,CD,anomalia,Desviacion de Correlacion,anomalia,Ruido,fail,,,,,,,,,,,PHEXT,,,1.0,XHINV,low,B_type_mismatch
CD_fe699a498f6d,CD,anomalia,Desviacion de Correlacion,anomalia,Ruido,fail,,,,,,,,,,,PHEXT,,,1.0,XHINV,low,B_type_mismatch
CD_cca21c330237,CD,anomalia,Desviacion de Correlacion,anomalia,Ruido,fail,,,,,,,,,,,PHEXT,,,1.0,XHINV,low,B_type_mismatch
CD_cd83366fed21,CD,anomalia,Desviacion de Correlacion,anomalia,Ruido,fail,,,,,,,,,,,PHEXT,,,1.0,XHINV,low,B_type_mismatch
CD_62a4d8c9d651,CD,anomalia,Desviacion de Correlacion,anomalia,Ruido,fail,,,,,,,,,,,PHEXT,,,1.0,XHINV,low,B_type_mismatch
CD_b1584ed10bb6,CD,anomalia,Desviacion de Correlacion,anomalia,Ruido,fail,,,,,,,,,,,PHEXT,,,1.0,XHINV,low,B_type_mismatch
CD_946884dc1768,CD,anomalia,Desviacion de Correlacion,anomalia,Ruido,fail,,,,,,,,,,,PHEXT,,,1.0,XHINV,low,B_type_mismatch
CD_d6d7d6941a57,CD,anomalia,Desviacion de Correlacion,anomalia,Ruido,fail,,,,,,,,,,,PHEXT,,,1.0,XHINV,low,B_type_mismatch
CD_e56005af8903,CD,anomalia,Desviacion de Correlacion,anomalia,Ruido,fail,,,,,,,,,,,PHEXT,,,1.0,XHINV,low,B_type_mismatch
CD_9228abcc159c,CD,anomalia,Desviacion de Correlacion,anomalia,Ruido,fail,,,,,,,,,,,PHEXT,,,1.0,XHINV,low,B_type_mismatch
CD_4b9593bf75d7,CD,anomalia,Desviacion de Correlacion,anomalia,Ruido,fail,,,,,,,,,,,PHEXT,,,1.0,XHINV,low,B_type_mismatch
CD_786dcf2b9400,CD,anomalia,Desviacion de Correlacion,anomalia,Ruido,fail,,,,,,,,,,,PHEXT,,,1.0,XHINV,low,B_type_mismatch
CD_2adc0642ae38,CD,anomalia,Desviacion de Correlacion,anomalia,Ruido,fail,,,,,,,,,,,PHEXT,,,1.0,XHINV,low,B_type_mismatch
CD_3f91229985f0,CD,anomalia,Desviacion de Correlacion,anomalia,Ruido,fail,,,,,,,,,,,PHEXT,,,1.0,XHINV,low,B_type_mismatch
CD_1464bba5cde3,CD,anomalia,Desviacion de Correlacion,anomalia,Ruido,fail,,,,,,,,,,,PHEXT,,,1.0,XHINV,low,B_type_mismatch
CD_de1ff7508414,CD,anomalia,Desviacion de Correlacion,anomalia,Ruido,fail,,,,,,,,,,,PHEXT,,,1.0,XHINV,low,B_type_mismatch
CD_b5fc8b5dfeee,CD,anomalia,Desviacion de Correlacion,anomalia,Ruido,fail,,,,,,,,,,,PHEXT,,,1.0,XHINV,low,B_type_mismatch
CD_d8957adc1690,CD,anomalia,Desviacion de Correlacion,anomalia,Ruido,fail,,,,,,,,,,,PHEXT,,,1.0,XHINV,low,B_type_mismatch
CD_1fd1a48d596f,CD,anomalia,Desviacion de Correlacion,anomalia,Ruido,fail,,,,,,,,,,,PHEXT,,,1.0,XHINV,low,B_type_mismatch
CD_391fb1675a1e,CD,anomalia,Desviacion de Correlacion,anomalia,Ruido,fail,,,,,,,,,,,PHEXT,,,1.0,XHINV,low,B_type_mismatch
CD_77bead5c826b,CD,anomalia,Desviacion de Correlacion,anomalia,Ruido,fail,,,,,,,,,,,PHEXT,,,1.0,XHINV,low,B_type_mismatch
CD_4dd00121609b,CD,anomalia,Desviacion de Correlacion,anomalia,Ruido,fail,,,,,,,,,,,PHEXT,,,1.0,XHINV,low,B_type_mismatch
CD_586020fa5c21,CD,anomalia,Desviacion de Correlacion,anomalia,Ruido,fail,,,,,,,,,,,PHEXT,,,1.0,XHINV,low,B_type_mismatch
CD_63bad8667798,CD,anomalia,Desviacion de Correlacion,anomalia,Ruido,fail,,,,,,,,,,,PHEXT,,,1.0,XHINV,low,B_type_mismatch
CD_9884f9bf1718,CD,anomalia,Desviacion de Correlacion,anomalia,Ruido,fail,,,,,,,,,,,PHEXT,,,1.0,XHINV,low,B_type_mismatch
CD_7540e9da0a0a,CD,anomalia,Desviacion de Correlacion,anomalia,Ruido,fail,,,,,,,,,,,PHEXT,,,1.0,XHINV,low,B_type_mismatch
CD_ce19d4699581,CD,anomalia,Desviacion de Correlacion,anomalia,Ruido,fail,,,,,,,,,,,PHEXT,,,1.0,XHINV,low,B_type_mismatch
CD_343803069e16,CD,anomalia,Desviacion de Correlacion,anomalia,Ruido,fail,,,,,,,,,,,PHEXT,,,1.0,XHINV,low,B_type_mismatch
CD_ac346b1ec8e2,CD,anomalia,Desviacion de Correlacion,anomalia,Ruido,fail,,,,,,,,,,,PHEXT,,,1.0,XHINV,low,B_type_mismatch
CD_8b117d58ada9,CD,anomalia,Desviacion de Correlacion,anomalia,Ruido,fail,,,,,,,,,,,PHEXT,,,1.0,XHINV,low,B_type_mismatch
CD_16a352ec2cd7,CD,anomalia,Desviacion de Correlacion,anomalia,Ruido,fail,,,,,,,,,,,PHEXT,,,1.0,XHINV,low,B_type_mismatch
CD_d421f7499a53,CD,anomalia,Desviacion de Correlacion,anomalia,Ruido,fail,,,,,,,,,,,PHEXT,,,1.0,XHINV,low,B_type_mismatch
CD_4c34937b3025,CD,anomalia,Desviacion de Correlacion,anomalia,Ruido,fail,,,,,,,,,,,PHEXT,,,1.0,XHINV,low,B_type_mismatch
CD_7138d0d04b3f,CD,anomalia,Desviacion de Correlacion,anomalia,Ruido,fail,,,,,,,,,,,PHEXT,,,1.0,XHINV,low,B_type_mismatch
CD_7aea22d58171,CD,anomalia,Desviacion de Correlacion,anomalia,Ruido,fail,,,,,,,,,,,PHEXT,,,1.0,XHINV,low,B_type_mismatch
CD_f8cbfbf97596,CD,anomalia,Desviacion de Correlacion,anomalia,Ruido,fail,,,,,,,,,,,PHEXT,,,1.0,XHINV,low,B_type_mismatch
CD_94b8cfc52c37,CD,anomalia,Desviacion de Correlacion,anomalia,Ruido,fail,,,,,,,,,,,PHEXT,,,1.0,XHINV,low,B_type_mismatch
CD_bd0bb75beb61,CD,anomalia,Desviacion de Correlacion,anomalia,Ruido,fail,,,,,,,,,,,PHEXT,,,1.0,XHINV,low,B_type_mismatch
CD_a503bfe480f3,CD,anomalia,Desviacion de Correlacion,anomalia,Ruido,fail,,,,,,,,,,,PHEXT,,,1.0,XHINV,low,B_type_mismatch
CD_d2c73ae97305,CD,anomalia,Desviacion de Correlacion,anomalia,Ruido,fail,,,,,,,,,,,PHEXT,,,1.0,XHINV,low,B_type_mismatch
CD_ecf858e0bba7,CD,anomalia,Desviacion de Correlacion,anomalia,Ruido,fail,,,,,,,,,,,PHEXT,,,1.0,XHINV,low,B_type_mismatch
CD_fcbd7e126846,CD,anomalia,Desviacion de Correlacion,anomalia,Ruido,fail,,,,,,,,,,,PHEXT,,,1.0,XHINV,low,B_type_mismatch
CD_5dfd6b6c1af8,CD,anomalia,Desviacion de Correlacion,anomalia,Ruido,fail,,,,,,,,,,,PHEXT,,,1.0,XHINV,low,B_type_mismatch
CD_4cd538efa49a,CD,anomalia,Desviacion de Correlacion,anomalia,Ruido,fail,,,,,,,,,,,PHEXT,,,1.0,XHINV,low,B_type_mismatch
CD_f56d0cc769fe,CD,anomalia,Desviacion de Correlacion,anomalia,Ruido,fail,,,,,,,,,,,PHEXT,,,1.0,XHINV,low,B_type_mismatch
CD_7a26c6644014,CD,anomalia,Desviacion de Correlacion,anomalia,Ruido,fail,,,,,,,,,,,PHEXT,,,1.0,XHINV,low,B_type_mismatch
CD_81a4988c1d3b,CD,anomalia,Desviacion de Correlacion,anomalia,Ruido,fail,,,,,,,,,,,PHEXT,,,1.0,XHINV,low,B_type_mismatch
CD_573b7d2bef35,CD,anomalia,Desviacion de Correlacion,anomalia,Ruido,fail,,,,,,,,,,,PHEXT,,,1.0,XHINV,low,B_type_mismatch
CD_3fe520a04fcf,CD,anomalia,Desviacion de Correlacion,anomalia,Ruido,fail,,,,,,,,,,,PHEXT,,,1.0,XHINV,low,B_type_mismatch
CD_b681f534edea,CD,anomalia,Desviacion de Correlacion,anomalia,Ruido,fail,,,,,,,,,,,PHEXT,,,1.0,XHINV,low,B_type_mismatch
CD_9a9fdcf98af5,CD,anomalia,Desviacion de Correlacion,anomalia,Ruido,fail,,,,,,,,,,,PHEXT,,,1.0,XHINV,low,B_type_mismatch
CD_05c6f1bdbf00,CD,anomalia,Desviacion de Correlacion,anomalia,Ruido,fail,,,,,,,,,,,PHEXT,,,1.0,XHINV,low,B_type_mismatch
CD_d3c9e7351496,CD,anomalia,Desviacion de Correlacion,anomalia,Ruido,fail,,,,,,,,,,,PHEXT,,,1.0,XHINV,low,B_type_mismatch
CD_9f8cd0963161,CD,anomalia,Desviacion de Correlacion,anomalia,Ruido,fail,,,,,,,,,,,PHEXT,,,1.0,XHINV,low,B_type_mismatch
CD_c2077a1262fa,CD,anomalia,Desviacion de Correlacion,anomalia,Ruido,fail,,,,,,,,,,,PHEXT,,,1.0,XHINV,low,B_type_mismatch
CD_1419a98f4ee5,CD,anomalia,Desviacion de Correlacion,anomalia,Ruido,fail,,,,,,,,,,,PHEXT,,,1.0,XHINV,low,B_type_mismatch
CD_97e46e2f4ea6,CD,anomalia,Desviacion de Correlacion,anomalia,Ruido,fail,,,,,,,,,,,PHEXT,,,1.0,XHINV,low,B_type_mismatch
CD_8b88d8bea3fb,CD,anomalia,Desviacion de Correlacion,anomalia,Ruido,fail,,,,,,,,,,,PHEXT,,,1.0,XHINV,low,B_type_mismatch
CD_8774d0c5e79f,CD,anomalia,Desviacion de Correlacion,anomalia,Ruido,fail,,,,,,,,,,,PHEXT,,,1.0,XHINV,low,B_type_mismatch
CD_0bd587cc3518,CD,anomalia,Desviacion de Correlacion,anomalia,Ruido,fail,,,,,,,,,,,PHEXT,,,1.0,XHINV,low,B_type_mismatch
CD_302b2c419f36,CD,anomalia,Desviacion de Correlacion,anomalia,Ruido,fail,,,,,,,,,,,PHEXT,,,1.0,XHINV,low,B_type_mismatch
CD_7d480c40dc97,CD,anomalia,Desviacion de Correlacion,anomalia,Ruido,fail,,,,,,,,,,,PHEXT,,,1.0,XHINV,low,B_type_mismatch
CD_a60f5a72525a,CD,anomalia,Desviacion de Correlacion,anomalia,Ruido,fail,,,,,,,,,,,PHEXT,,,1.0,XHINV,low,B_type_mismatch
CD_53bd34c3044d,CD,anomalia,Desviacion de Correlacion,anomalia,Ruido,fail,,,,,,,,,,,PHEXT,,,1.0,XHINV,low,B_type_mismatch
CD_6b81d84dbce2,CD,anomalia,Desviacion de Correlacion,anomalia,Ruido,fail,,,,,,,,,,,PHEXT,,,1.0,XHINV,low,B_type_mismatch
CD_471776be2f66,CD,anomalia,Desviacion de Correlacion,anomalia,Ruido,fail,,,,,,,,,,,PHEXT,,,1.0,XHINV,low,B_type_mismatch
CD_578d8f597018,CD,anomalia,Desviacion de Correlacion,anomalia,Ruido,fail,,,,,,,,,,,PHEXT,,,1.0,XHINV,low,B_type_mismatch
CD_464f7450e4aa,CD,anomalia,Desviacion de Correlacion,anomalia,Ruido,fail,,,,,,,,,,,PHEXT,,,1.0,XHINV,low,B_type_mismatch
CD_06555fba5f49,CD,anomalia,Desviacion de Correlacion,anomalia,Ruido,fail,,,,,,,,,,,PHEXT,,,1.0,XHINV,low,B_type_mismatch
CD_aec773c452b8,CD,anomalia,Desviacion de Correlacion,anomalia,Ruido,fail,,,,,,,,,,,PHEXT,,,1.0,XHINV,low,B_type_mismatch
CD_858088b87789,CD,anomalia,Desviacion de Correlacion,anomalia,Ruido,fail,,,,,,,,,,,PHEXT,,,1.0,XHINV,low,B_type_mismatch
CD_600ea5872334,CD,anomalia,Desviacion de Correlacion,anomalia,Ruido,fail,,,,,,,,,,,PHEXT,,,1.0,XHINV,low,B_type_mismatch
CD_27371a561ceb,CD,anomalia,Desviacion de Correlacion,anomalia,Ruido,fail,,,,,,,,,,,PHEXT,,,1.0,XHINV,low,B_type_mismatch
CD_de036650fb96,CD,anomalia,Desviacion de Correlacion,anomalia,Ruido,fail,,,,,,,,,,,PHEXT,,,1.0,XHINV,low,B_type_mismatch
CD_6e6a594c8467,CD,anomalia,Desviacion de Correlacion,anomalia,Ruido,fail,,,,,,,,,,,PHEXT,,,1.0,XHINV,low,B_type_mismatch
CD_5925c22bcf96,CD,anomalia,Desviacion de Correlacion,anomalia,Ruido,fail,,,,,,,,,,,PHEXT,,,1.0,XHINV,low,B_type_mismatch
CD_f83f4713c279,CD,anomalia,Desviacion de Correlacion,anomalia,Ruido,fail,,,,,,,,,,,PHEXT,,,1.0,XHINV,low,B_type_mismatch
CD_36a4aa94b0b6,CD,anomalia,Desviacion de Correlacion,anomalia,Ruido,fail,,,,,,,,,,,PHEXT,,,1.0,XHINV,low,B_type_mismatch
CD_13a77737c392,CD,anomalia,Desviacion de Correlacion,anomalia,Ruido,fail,,,,,,,,,,,PHEXT,,,1.0,XHINV,low,B_type_mismatch
CD_1339eec11b9a,CD,anomalia,Desviacion de Correlacion,anomalia,Ruido,fail,,,,,,,,,,,PHEXT,,,1.0,XHINV,low,B_type_mismatch
CD_aee437d6219a,CD,anomalia,Desviacion de Correlacion,anomalia,Ruido,fail,,,,,,,,,,,PHEXT,,,1.0,XHINV,low,B_type_mismatch
CD_73f45f188359,CD,anomalia,Desviacion de Correlacion,anomalia,Ruido,fail,,,,,,,,,,,PHEXT,,,1.0,XHINV,low,B_type_mismatch
CD_f5be85d806cc,CD,anomalia,Desviacion de Correlacion,anomalia,Ruido,fail,,,,,,,,,,,PHEXT,,,1.0,XHINV,low,B_type_mismatch
CD_1af81119ff93,CD,anomalia,Desviacion de Correlacion,anomalia,Ruido,fail,,,,,,,,,,,PHEXT,,,1.0,XHINV,low,B_type_mismatch
CD_631d1a5f5850,CD,anomalia,Desviacion de Correlacion,anomalia,Ruido,fail,,,,,,,,,,,PHEXT,,,1.0,XHINV,low,B_type_mismatch
CD_bea5a92b25d7,CD,anomalia,Desviacion de Correlacion,anomalia,Ruido,fail,,,,,,,,,,,PHEXT,,,1.0,XHINV,low,B_type_mismatch
CD_fb812ab22821,CD,anomalia,Desviacion de Correlacion,anomalia,Ruido,fail,,,,,,,,,,,PHEXT,,,1.0,XHINV,low,B_type_mismatch
CD_cb08cc0ee0ae,CD,anomalia,Desviacion de Correlacion,anomalia,Ruido,fail,,,,,,,,,,,PHEXT,,,1.0,XHINV,low,B_type_mismatch
CD_ac3ff7db9822,CD,anomalia,Desviacion de Correlacion,anomalia,Ruido,fail,,,,,,,,,,,PHEXT,,,1.0,XHINV,low,B_type_mismatch
CD_2277ac8aee48,CD,anomalia,Desviacion de Correlacion,anomalia,Ruido,fail,,,,,,,,,,,PHEXT,,,1.0,XHINV,low,B_type_mismatch
CD_46fc45707ccd,CD,anomalia,Desviacion de Correlacion,anomalia,Ruido,fail,,,,,,,,,,,PHEXT,,,1.0,XHINV,low,B_type_mismatch
CD_4fb121347dbe,CD,anomalia,Desviacion de Correlacion,anomalia,Ruido,fail,,,,,,,,,,,PHEXT,,,1.0,XHINV,low,B_type_mismatch
CD_da6168bd9036,CD,anomalia,Desviacion de Correlacion,anomalia,Ruido,fail,,,,,,,,,,,PHEXT,,,1.0,XHINV,low,B_type_mismatch
CD_bba9dc4cf4d6,CD,anomalia,Desviacion de Correlacion,anomalia,Ruido,fail,,,,,,,,,,,PHEXT,,,1.0,XHINV,low,B_type_mismatch
CD_ff1cb24181d8,CD,anomalia,Desviacion de Correlacion,anomalia,Ruido,fail,,,,,,,,,,,PHEXT,,,1.0,XHINV,low,B_type_mismatch
CD_cf91ace87ff2,CD,anomalia,Desviacion de Correlacion,anomalia,Ruido,fail,,,,,,,,,,,PHEXT,,,1.0,XHINV,low,B_type_mismatch
CD_69bc67577142,CD,anomalia,Desviacion de Correlacion,anomalia,Ruido,fail,,,,,,,,,,,PHEXT,,,1.0,XHINV,low,B_type_mismatch
CD_f8e6696e4d18,CD,anomalia,Desviacion de Correlacion,anomalia,Ruido,fail,,,,,,,,,,,PHEXT,,,1.0,XHINV,low,B_type_mismatch
CD_fd3064c4a596,CD,anomalia,Desviacion de Correlacion,anomalia,Ruido,fail,,,,,,,,,,,PHEXT,,,1.0,XHINV,low,B_type_mismatch
CD_0ffda0559870,CD,anomalia,Desviacion de Correlacion,anomalia,Ruido,fail,,,,,,,,,,,PHEXT,,,1.0,XHINV,low,B_type_mismatch
CD_c7fb5c945752,CD,anomalia,Desviacion de Correlacion,anomalia,Ruido,fail,,,,,,,,,,,PHEXT,,,1.0,XHINV,low,B_type_mismatch
CD_058e4d109393,CD,anomalia,Desviacion de Correlacion,anomalia,Ruido,fail,,,,,,,,,,,PHEXT,,,1.0,XHINV,low,B_type_mismatch
CD_765fbaea877f,CD,anomalia,Desviacion de Correlacion,anomalia,Ruido,fail,,,,,,,,,,,PHEXT,,,1.0,XHINV,low,B_type_mismatch
CD_c24e1f29b2f9,CD,anomalia,Desviacion de Correlacion,anomalia,Ruido,fail,,,,,,,,,,,PHEXT,,,1.0,XHINV,low,B_type_mismatch
CD_41e6bc23b302,CD,anomalia,Desviacion de Correlacion,anomalia,Ruido,fail,,,,,,,,,,,PHEXT,,,1.0,XHINV,low,B_type_mismatch
CD_70a21c4b9955,CD,anomalia,Desviacion de Correlacion,anomalia,Ruido,fail,,,,,,,,,,,PHEXT,,,1.0,XHINV,low,B_type_mismatch
CD_4f2574555366,CD,anomalia,Desviacion de Correlacion,anomalia,Ruido,fail,,,,,,,,,,,PHEXT,,,1.0,XHINV,low,B_type_mismatch
CD_59fc74be7180,CD,anomalia,Desviacion de Correlacion,anomalia,Ruido,fail,,,,,,,,,,,PHEXT,,,1.0,XHINV,low,B_type_mismatch
CD_9d7520129c09,CD,anomalia,Desviacion de Correlacion,anomalia,Ruido,fail,,,,,,,,,,,PHEXT,,,1.0,XHINV,low,B_type_mismatch
CD_ad5c19e98e4c,CD,anomalia,Desviacion de Correlacion,anomalia,Ruido,fail,,,,,,,,,,,PHEXT,,,1.0,XHINV,low,B_type_mismatch
CD_71e95015da63,CD,anomalia,Desviacion de Correlacion,anomalia,Ruido,fail,,,,,,,,,,,PHEXT,,,1.0,XHINV,low,B_type_mismatch
CD_c738776bd206,CD,anomalia,Desviacion de Correlacion,anomalia,Ruido,fail,,,,,,,,,,,PHEXT,,,1.0,XHINV,low,B_type_mismatch
CD_bae0995cae78,CD,anomalia,Desviacion de Correlacion,anomalia,Ruido,fail,,,,,,,,,,,PHEXT,,,1.0,XHINV,low,B_type_mismatch
CD_b00854bdd76c,CD,anomalia,Desviacion de Correlacion,anomalia,Ruido,fail,,,,,,,,,,,PHEXT,,,1.0,XHINV,low,B_type_mismatch
CD_45fe6a7bdab5,CD,anomalia,Desviacion de Correlacion,anomalia,Ruido,fail,,,,,,,,,,,PHEXT,,,1.0,XHINV,low,B_type_mismatch
CD_f66d891801cd,CD,anomalia,Desviacion de Correlacion,anomalia,Ruido,fail,,,,,,,,,,,PHEXT,,,1.0,XHINV,low,B_type_mismatch
CD_7ab529af21c9,CD,anomalia,Desviacion de Correlacion,anomalia,Ruido,fail,,,,,,,,,,,PHEXT,,,1.0,XHINV,low,B_type_mismatch
CD_fee4e101f54f,CD,anomalia,Desviacion de Correlacion,anomalia,Ruido,fail,,,,,,,,,,,PHEXT,,,1.0,XHINV,low,B_type_mismatch
CD_42243bee8906,CD,anomalia,Desviacion de Correlacion,anomalia,Ruido,fail,,,,,,,,,,,PHEXT,,,1.0,XHINV,low,B_type_mismatch
CD_93486ee1af24,CD,anomalia,Desviacion de Correlacion,anomalia,Ruido,fail,,,,,,,,,,,PHEXT,,,1.0,XHINV,low,B_type_mismatch
CD_7138f0f5ca50,CD,anomalia,Desviacion de Correlacion,anomalia,Ruido,fail,,,,,,,,,,,PHEXT,,,1.0,XHINV,low,B_type_mismatch
CD_94a8f95978d6,CD,anomalia,Desviacion de Correlacion,anomalia,Ruido,fail,,,,,,,,,,,PHEXT,,,1.0,XHINV,low,B_type_mismatch
CD_dec12cda306c,CD,anomalia,Desviacion de Correlacion,anomalia,Ruido,fail,,,,,,,,,,,PHEXT,,,1.0,XHINV,low,B_type_mismatch
CD_17616bf811be,CD,anomalia,Desviacion de Correlacion,anomalia,Ruido,fail,,,,,,,,,,,PHEXT,,,1.0,XHINV,low,B_type_mismatch
CD_1e2c6221793e,CD,anomalia,Desviacion de Correlacion,anomalia,Ruido,fail,,,,,,,,,,,PHEXT,,,1.0,XHINV,low,B_type_mismatch
CD_a7574be6dab5,CD,anomalia,Desviacion de Correlacion,anomalia,Ruido,fail,,,,,,,,,,,PHEXT,,,1.0,XHINV,low,B_type_mismatch
CD_ebdf40e11349,CD,anomalia,Desviacion de Correlacion,anomalia,Ruido,fail,,,,,,,,,,,PHEXT,,,1.0,XHINV,low,B_type_mismatch
CD_0b5f1f55da5a,CD,anomalia,Desviacion de Correlacion,anomalia,Ruido,fail,,,,,,,,,,,PHEXT,,,1.0,XHINV,low,B_type_mismatch
CD_4dd112af97ed,CD,anomalia,Desviacion de Correlacion,anomalia,Ruido,fail,,,,,,,,,,,PHEXT,,,1.0,XHINV,low,B_type_mismatch
CD_cbd238a9db6b,CD,anomalia,Desviacion de Correlacion,anomalia,Ruido,fail,,,,,,,,,,,PHEXT,,,1.0,XHINV,low,B_type_mismatch
CD_a57e351ff435,CD,anomalia,Desviacion de Correlacion,anomalia,Ruido,fail,,,,,,,,,,,PHEXT,,,1.0,XHINV,low,B_type_mismatch
CD_dfd462f1cc53,CD,anomalia,Desviacion de Correlacion,anomalia,Ruido,fail,,,,,,,,,,,PHEXT,,,1.0,XHINV,low,B_type_mismatch
CD_4ef301ffc16e,CD,anomalia,Desviacion de Correlacion,anomalia,Ruido,fail,,,,,,,,,,,PHEXT,,,1.0,XHINV,low,B_type_mismatch
CD_a9e7e475227e,CD,anomalia,Desviacion de Correlacion,anomalia,Ruido,fail,,,,,,,,,,,PHEXT,,,1.0,XHINV,low,B_type_mismatch
CD_fe984c189e7e,CD,anomalia,Desviacion de Correlacion,anomalia,Ruido,fail,,,,,,,,,,,PHEXT,,,1.0,XHINV,low,B_type_mismatch
CD_c2674e8b6fee,CD,anomalia,Desviacion de Correlacion,anomalia,Ruido,fail,,,,,,,,,,,PHEXT,,,1.0,XHINV,low,B_type_mismatch
CD_a17fc771a189,CD,anomalia,Desviacion de Correlacion,anomalia,Ruido,fail,,,,,,,,,,,PHEXT,,,1.0,XHINV,low,B_type_mismatch
CD_f8d9219f504f,CD,anomalia,Desviacion de Correlacion,anomalia,Ruido,fail,,,,,,,,,,,PHEXT,,,1.0,XHINV,low,B_type_mismatch
CD_afe2d73bfbac,CD,anomalia,Desviacion de Correlacion,anomalia,Ruido,fail,,,,,,,,,,,PHEXT,,,1.0,XHINV,low,B_type_mismatch
CD_48d3c18b7d38,CD,anomalia,Desviacion de Correlacion,anomalia,Ruido,fail,,,,,,,,,,,PHEXT,,,1.0,XHINV,low,B_type_mismatch
CD_23789aa6856f,CD,anomalia,Desviacion de Correlacion,anomalia,Ruido,fail,,,,,,,,,,,PHEXT,,,1.0,XHINV,low,B_type_mismatch
CD_31b2d3e94a3e,CD,anomalia,Desviacion de Correlacion,anomalia,Ruido,fail,,,,,,,,,,,PHEXT,,,1.0,XHINV,low,B_type_mismatch
CD_6b3b0cec1592,CD,anomalia,Desviacion de Correlacion,anomalia,Ruido,fail,,,,,,,,,,,PHEXT,,,1.0,XHINV,low,B_type_mismatch
CD_6184914a475f,CD,anomalia,Desviacion de Correlacion,anomalia,Ruido,fail,,,,,,,,,,,PHEXT,,,1.0,XHINV,low,B_type_mismatch
CD_7e83f5ac64b3,CD,anomalia,Desviacion de Correlacion,anomalia,Ruido,fail,,,,,,,,,,,PHEXT,,,1.0,XHINV,low,B_type_mismatch
CD_7d16228f7a97,CD,anomalia,Desviacion de Correlacion,anomalia,Ruido,fail,,,,,,,,,,,PHEXT,,,1.0,XHINV,low,B_type_mismatch
CD_364cbcede088,CD,anomalia,Desviacion de Correlacion,anomalia,Ruido,fail,,,,,,,,,,,PHEXT,,,1.0,XHINV,low,B_type_mismatch
CD_3d1b849b6f3f,CD,anomalia,Desviacion de Correlacion,anomalia,Ruido,fail,,,,,,,,,,,PHEXT,,,1.0,XHINV,low,B_type_mismatch
CD_6e32709849ba,CD,anomalia,Desviacion de Correlacion,anomalia,Ruido,fail,,,,,,,,,,,PHEXT,,,1.0,XHINV,low,B_type_mismatch
CD_7f8357130bee,CD,anomalia,Desviacion de Correlacion,anomalia,Ruido,fail,,,,,,,,,,,PHEXT,,,1.0,XHINV,low,B_type_mismatch
CD_ef1683e96872,CD,anomalia,Desviacion de Correlacion,anomalia,Ruido,fail,,,,,,,,,,,PHEXT,,,1.0,XHINV,low,B_type_mismatch
CD_c96bd1494fa9,CD,anomalia,Desviacion de Correlacion,anomalia,Ruido,fail,,,,,,,,,,,PHEXT,,,1.0,XHINV,low,B_type_mismatch
CD_9e41cf4143a8,CD,anomalia,Desviacion de Correlacion,anomalia,Ruido,fail,,,,,,,,,,,PHEXT,,,1.0,XHINV,low,B_type_mismatch
CD_3baacf873969,CD,anomalia,Desviacion de Correlacion,anomalia,Ruido,fail,,,,,,,,,,,PHEXT,,,1.0,XHINV,low,B_type_mismatch
CD_90d8ce24c528,CD,anomalia,Desviacion de Correlacion,anomalia,Ruido,fail,,,,,,,,,,,PHEXT,,,1.0,XHINV,low,B_type_mismatch
CD_ed63e1565562,CD,anomalia,Desviacion de Correlacion,anomalia,Ruido,fail,,,,,,,,,,,PHEXT,,,1.0,XHINV,low,B_type_mismatch
CD_e24fd8fac570,CD,anomalia,Desviacion de Correlacion,anomalia,Ruido,fail,,,,,,,,,,,PHEXT,,,1.0,XHINV,low,B_type_mismatch
CD_8d1b4cf98b91,CD,anomalia,Desviacion de Correlacion,anomalia,Ruido,fail,,,,,,,,,,,PHEXT,,,1.0,XHINV,low,B_type_mismatch
CD_b0cefda00828,CD,anomalia,Desviacion de Correlacion,anomalia,Ruido,fail,,,,,,,,,,,PHEXT,,,1.0,XHINV,low,B_type_mismatch
CD_efbe35cdffa9,CD,anomalia,Desviacion de Correlacion,anomalia,Ruido,fail,,,,,,,,,,,PHEXT,,,1.0,XHINV,low,B_type_mismatch
CD_36fdf0e887c1,CD,anomalia,Desviacion de Correlacion,anomalia,Ruido,fail,,,,,,,,,,,PHEXT,,,1.0,XHINV,low,B_type_mismatch
CD_5b8990b68575,CD,anomalia,Desviacion de Correlacion,anomalia,Ruido,fail,,,,,,,,,,,PHEXT,,,1.0,XHINV,low,B_type_mismatch
CD_11069dd61b96,CD,anomalia,Desviacion de Correlacion,anomalia,Ruido,fail,,,,,,,,,,,PHEXT,,,1.0,XHINV,low,B_type_mismatch
CD_7721d11ed013,CD,anomalia,Desviacion de Correlacion,anomalia,Ruido,fail,,,,,,,,,,,PHEXT,,,1.0,XHINV,low,B_type_mismatch
CD_834e95d22a52,CD,anomalia,Desviacion de Correlacion,anomalia,Ruido,fail,,,,,,,,,,,PHEXT,,,1.0,XHINV,low,B_type_mismatch
CD_10b7a7a58e67,CD,anomalia,Desviacion de Correlacion,anomalia,Ruido,fail,,,,,,,,,,,PHEXT,,,1.0,XHINV,low,B_type_mismatch
CD_0066f704e32b,CD,anomalia,Desviacion de Correlacion,anomalia,Ruido,fail,,,,,,,,,,,PHEXT,,,1.0,XHINV,low,B_type_mismatch
CD_6f613f410bf1,CD,anomalia,Desviacion de Correlacion,anomalia,Ruido,fail,,,,,,,,,,,PHEXT,,,1.0,XHINV,low,B_type_mismatch
CD_89d82f16961c,CD,anomalia,Desviacion de Correlacion,anomalia,Ruido,fail,,,,,,,,,,,PHEXT,,,1.0,XHINV,low,B_type_mismatch
CD_cf3a5550080a,CD,anomalia,Desviacion de Correlacion,anomalia,Ruido,fail,,,,,,,,,,,PHEXT,,,1.0,XHINV,low,B_type_mismatch
CD_291e70f61abe,CD,anomalia,Desviacion de Correlacion,anomalia,Ruido,fail,,,,,,,,,,,PHEXT,,,1.0,XHINV,low,B_type_mismatch
CD_e63845c3a51b,CD,anomalia,Desviacion de Correlacion,anomalia,Ruido,fail,,,,,,,,,,,PHEXT,,,1.0,XHINV,low,B_type_mismatch
CD_337aefd60bb7,CD,anomalia,Desviacion de Correlacion,anomalia,Ruido,fail,,,,,,,,,,,PHEXT,,,1.0,XHINV,low,B_type_mismatch
CD_5e5c249c8457,CD,anomalia,Desviacion de Correlacion,anomalia,Ruido,fail,,,,,,,,,,,PHEXT,,,1.0,XHINV,low,B_type_mismatch
CD_bb24b4327aff,CD,anomalia,Desviacion de Correlacion,anomalia,Ruido,fail,,,,,,,,,,,PHEXT,,,1.0,XHINV,low,B_type_mismatch
CD_1395aca870ed,CD,anomalia,Desviacion de Correlacion,anomalia,Ruido,fail,,,,,,,,,,,PHEXT,,,1.0,XHINV,low,B_type_mismatch
CD_961519016042,CD,anomalia,Desviacion de Correlacion,anomalia,Ruido,fail,,,,,,,,,,,PHEXT,,,1.0,XHINV,low,B_type_mismatch
CD_ac79848b3549,CD,anomalia,Desviacion de Correlacion,anomalia,Ruido,fail,,,,,,,,,,,PHEXT,,,1.0,XHINV,low,B_type_mismatch
CD_97e0eafa9e00,CD,anomalia,Desviacion de Correlacion,anomalia,Ruido,fail,,,,,,,,,,,PHEXT,,,1.0,XHINV,low,B_type_mismatch
CD_c28b271647b4,CD,anomalia,Desviacion de Correlacion,anomalia,Ruido,fail,,,,,,,,,,,PHEXT,,,1.0,XHINV,low,B_type_mismatch
CD_801ed04bcc72,CD,anomalia,Desviacion de Correlacion,anomalia,Ruido,fail,,,,,,,,,,,PHEXT,,,1.0,XHINV,low,B_type_mismatch
CD_23318038625a,CD,anomalia,Desviacion de Correlacion,anomalia,Ruido,fail,,,,,,,,,,,PHEXT,,,1.0,XHINV,low,B_type_mismatch
CD_2947c246f5ea,CD,anomalia,Desviacion de Correlacion,anomalia,Ruido,fail,,,,,,,,,,,PHEXT,,,1.0,XHINV,low,B_type_mismatch
CD_a377ebe231dc,CD,anomalia,Desviacion de Correlacion,anomalia,Ruido,fail,,,,,,,,,,,PHEXT,,,1.0,XHINV,low,B_type_mismatch
CD_80909510ee0d,CD,anomalia,Desviacion de Correlacion,anomalia,Ruido,fail,,,,,,,,,,,PHEXT,,,1.0,XHINV,low,B_type_mismatch
CD_b1896a7a1639,CD,anomalia,Desviacion de Correlacion,anomalia,Ruido,fail,,,,,,,,,,,PHEXT,,,1.0,XHINV,low,B_type_mismatch
CD_94fc64fd2ae7,CD,anomalia,Desviacion de Correlacion,anomalia,Ruido,fail,,,,,,,,,,,PHEXT,,,1.0,XHINV,high,B_type_mismatch
CD_8568f2173c46,CD,anomalia,Desviacion de Correlacion,anomalia,Ruido,fail,,,,,,,,,,,PHEXT,,,1.0,XHINV,high,B_type_mismatch
CD_6fa71b3823f8,CD,anomalia,Desviacion de Correlacion,anomalia,Ruido,fail,,,,,,,,,,,PHEXT,,,1.0,XHINV,high,B_type_mismatch
CD_3098e8647987,CD,anomalia,Desviacion de Correlacion,anomalia,Ruido,fail,,,,,,,,,,,PHEXT,,,1.0,XHINV,high,B_type_mismatch
CD_31c8b3f4f448,CD,anomalia,Desviacion de Correlacion,anomalia,Ruido,fail,,,,,,,,,,,PHEXT,,,1.0,XHINV,high,B_type_mismatch
CD_1be8704c1950,CD,anomalia,Desviacion de Correlacion,anomalia,Ruido,fail,,,,,,,,,,,PHEXT,,,1.0,XHINV,high,B_type_mismatch
CD_52400c2fa3a9,CD,anomalia,Desviacion de Correlacion,anomalia,Ruido,fail,,,,,,,,,,,PHEXT,,,1.0,XHINV,high,B_type_mismatch
CD_c19f30eab24c,CD,anomalia,Desviacion de Correlacion,anomalia,Ruido,fail,,,,,,,,,,,PHEXT,,,1.0,XHINV,high,B_type_mismatch
CD_c692ae98d785,CD,anomalia,Desviacion de Correlacion,anomalia,Ruido,fail,,,,,,,,,,,PHEXT,,,1.0,XHINV,high,B_type_mismatch
CD_5a779b1bb025,CD,anomalia,Desviacion de Correlacion,normal,normal,fail,,,,,,,,,,,PHEXT,,,1.0,XHINV,high,A_binary_miss
CD_cf1efa1ca732,CD,anomalia,Desviacion de Correlacion,anomalia,Ruido,fail,,,,,,,,,,,PHEXT,,,1.0,XHINV,high,B_type_mismatch
CD_bca7438d3a31,CD,anomalia,Desviacion de Correlacion,anomalia,Ruido,fail,,,,,,,,,,,PHEXT,,,1.0,XHINV,high,B_type_mismatch
CD_f536255b9a6d,CD,anomalia,Desviacion de Correlacion,anomalia,Ruido,fail,,,,,,,,,,,PHEXT,,,1.0,XHINV,high,B_type_mismatch
CD_4eba7e74c3d9,CD,anomalia,Desviacion de Correlacion,anomalia,Ruido,fail,,,,,,,,,,,PHEXT,,,1.0,XHINV,high,B_type_mismatch
CD_6c174c678416,CD,anomalia,Desviacion de Correlacion,anomalia,Ruido,fail,,,,,,,,,,,PHEXT,,,1.0,XHINV,high,B_type_mismatch
CD_d55479cd66f4,CD,anomalia,Desviacion de Correlacion,anomalia,Ruido,fail,,,,,,,,,,,PHEXT,,,1.0,XHINV,high,B_type_mismatch
CD_111763676fe8,CD,anomalia,Desviacion de Correlacion,anomalia,Ruido,fail,,,,,,,,,,,PHEXT,,,1.0,XHINV,high,B_type_mismatch
CD_b75b06f55aed,CD,anomalia,Desviacion de Correlacion,anomalia,Ruido,fail,,,,,,,,,,,PHEXT,,,1.0,XHINV,high,B_type_mismatch
CD_f10117399fc7,CD,anomalia,Desviacion de Correlacion,anomalia,Ruido,fail,,,,,,,,,,,PHEXT,,,1.0,XHINV,high,B_type_mismatch
CD_a6f0b1b73ac4,CD,anomalia,Desviacion de Correlacion,anomalia,Ruido,fail,,,,,,,,,,,PHEXT,,,1.0,XHINV,high,B_type_mismatch
CD_908cf6b9f286,CD,anomalia,Desviacion de Correlacion,anomalia,Ruido,fail,,,,,,,,,,,PHEXT,,,1.0,XHINV,high,B_type_mismatch
CD_cf460573d256,CD,anomalia,Desviacion de Correlacion,anomalia,Ruido,fail,,,,,,,,,,,PHEXT,,,1.0,XHINV,high,B_type_mismatch
CD_4906c718fa7e,CD,anomalia,Desviacion de Correlacion,anomalia,Ruido,fail,,,,,,,,,,,PHEXT,,,1.0,XHINV,high,B_type_mismatch
CD_1e25cc79e12a,CD,anomalia,Desviacion de Correlacion,anomalia,Ruido,fail,,,,,,,,,,,PHEXT,,,1.0,XHINV,high,B_type_mismatch
CD_118bc694e313,CD,anomalia,Desviacion de Correlacion,anomalia,Ruido,fail,,,,,,,,,,,PHEXT,,,1.0,XHINV,high,B_type_mismatch
CD_158dddd35c08,CD,anomalia,Desviacion de Correlacion,anomalia,Ruido,fail,,,,,,,,,,,PHEXT,,,1.0,XHINV,high,B_type_mismatch
CD_6e92a80f474d,CD,anomalia,Desviacion de Correlacion,anomalia,Ruido,fail,,,,,,,,,,,PHEXT,,,1.0,XHINV,high,B_type_mismatch
CD_e98e5e9c39e8,CD,anomalia,Desviacion de Correlacion,anomalia,Ruido,fail,,,,,,,,,,,PHEXT,,,1.0,XHINV,high,B_type_mismatch
CD_3d4edd21aa7c,CD,anomalia,Desviacion de Correlacion,anomalia,Ruido,fail,,,,,,,,,,,PHEXT,,,1.0,XHINV,high,B_type_mismatch
CD_0da991101a85,CD,anomalia,Desviacion de Correlacion,anomalia,Ruido,fail,,,,,,,,,,,PHEXT,,,1.0,XHINV,high,B_type_mismatch
CD_b252e22416b9,CD,anomalia,Desviacion de Correlacion,anomalia,Ruido,fail,,,,,,,,,,,PHEXT,,,1.0,XHINV,high,B_type_mismatch
CD_ccbf92e83a5a,CD,anomalia,Desviacion de Correlacion,anomalia,Ruido,fail,,,,,,,,,,,PHEXT,,,1.0,XHINV,high,B_type_mismatch
CD_7406c195285b,CD,anomalia,Desviacion de Correlacion,anomalia,Ruido,fail,,,,,,,,,,,PHEXT,,,1.0,XHINV,high,B_type_mismatch
CD_d58ffdf5daf1,CD,anomalia,Desviacion de Correlacion,anomalia,Ruido,fail,,,,,,,,,,,PHEXT,,,1.0,XHINV,high,B_type_mismatch
CD_088d3eedcbf8,CD,anomalia,Desviacion de Correlacion,anomalia,Ruido,fail,,,,,,,,,,,PHEXT,,,1.0,XHINV,high,B_type_mismatch
CD_c4cc73f6ae07,CD,anomalia,Desviacion de Correlacion,anomalia,Ruido,fail,,,,,,,,,,,PHEXT,,,1.0,XHINV,high,B_type_mismatch
CD_c7024c1ed31d,CD,anomalia,Desviacion de Correlacion,anomalia,Ruido,fail,,,,,,,,,,,PHEXT,,,1.0,XHINV,high,B_type_mismatch
CD_995fa9f241dc,CD,anomalia,Desviacion de Correlacion,anomalia,Ruido,fail,,,,,,,,,,,PHEXT,,,1.0,XHINV,high,B_type_mismatch
CD_9fc2bfe98b85,CD,anomalia,Desviacion de Correlacion,normal,normal,fail,,,,,,,,,,,PHEXT,,,1.0,XHINV,high,A_binary_miss
CD_e443e0b2eb4d,CD,anomalia,Desviacion de Correlacion,anomalia,Ruido,fail,,,,,,,,,,,PHEXT,,,1.0,XHINV,high,B_type_mismatch
CD_8789d270b568,CD,anomalia,Desviacion de Correlacion,anomalia,Ruido,fail,,,,,,,,,,,PHEXT,,,1.0,XHINV,high,B_type_mismatch
CD_d7ded38c7901,CD,anomalia,Desviacion de Correlacion,anomalia,Ruido,fail,,,,,,,,,,,PHEXT,,,1.0,XHINV,high,B_type_mismatch
CD_67a52ec0ecf3,CD,anomalia,Desviacion de Correlacion,anomalia,Ruido,fail,,,,,,,,,,,PHEXT,,,1.0,XHINV,high,B_type_mismatch
CD_9e8a78690670,CD,anomalia,Desviacion de Correlacion,anomalia,Ruido,fail,,,,,,,,,,,PHEXT,,,1.0,XHINV,high,B_type_mismatch
CD_563f243bc30b,CD,anomalia,Desviacion de Correlacion,anomalia,Ruido,fail,,,,,,,,,,,PHEXT,,,1.0,XHINV,high,B_type_mismatch
CD_493283d9d99b,CD,anomalia,Desviacion de Correlacion,anomalia,Ruido,fail,,,,,,,,,,,PHEXT,,,1.0,XHINV,high,B_type_mismatch
CD_58505cad1461,CD,anomalia,Desviacion de Correlacion,anomalia,Ruido,fail,,,,,,,,,,,PHEXT,,,1.0,XHINV,high,B_type_mismatch
CD_b36e72e66a91,CD,anomalia,Desviacion de Correlacion,anomalia,Ruido,fail,,,,,,,,,,,PHEXT,,,1.0,XHINV,high,B_type_mismatch
CD_f70e702bcd71,CD,anomalia,Desviacion de Correlacion,anomalia,Ruido,fail,,,,,,,,,,,PHEXT,,,1.0,XHINV,high,B_type_mismatch
CD_66e0b3fdfb7a,CD,anomalia,Desviacion de Correlacion,anomalia,Ruido,fail,,,,,,,,,,,PHEXT,,,1.0,XHINV,high,B_type_mismatch
CD_492580790bd7,CD,anomalia,Desviacion de Correlacion,anomalia,Ruido,fail,,,,,,,,,,,PHEXT,,,1.0,XHINV,high,B_type_mismatch
CD_b5fd613d4177,CD,anomalia,Desviacion de Correlacion,anomalia,Ruido,fail,,,,,,,,,,,PHEXT,,,1.0,XHINV,high,B_type_mismatch
CD_1e360c7a8cd4,CD,anomalia,Desviacion de Correlacion,anomalia,Ruido,fail,,,,,,,,,,,PHEXT,,,1.0,XHINV,high,B_type_mismatch
CD_30a4241ac12c,CD,anomalia,Desviacion de Correlacion,anomalia,Ruido,fail,,,,,,,,,,,PHEXT,,,1.0,XHINV,high,B_type_mismatch
CD_2c2ccb214dcd,CD,anomalia,Desviacion de Correlacion,anomalia,Ruido,fail,,,,,,,,,,,PHEXT,,,1.0,XHINV,high,B_type_mismatch
CD_39d3f0d21152,CD,anomalia,Desviacion de Correlacion,anomalia,Ruido,fail,,,,,,,,,,,PHEXT,,,1.0,XHINV,high,B_type_mismatch
CD_fcfff7aa9541,CD,anomalia,Desviacion de Correlacion,anomalia,Ruido,fail,,,,,,,,,,,PHEXT,,,1.0,XHINV,high,B_type_mismatch
CD_cd449f04db6a,CD,anomalia,Desviacion de Correlacion,anomalia,Ruido,fail,,,,,,,,,,,PHEXT,,,1.0,XHINV,high,B_type_mismatch
CD_4ab52157b49a,CD,anomalia,Desviacion de Correlacion,anomalia,Ruido,fail,,,,,,,,,,,PHEXT,,,1.0,XHINV,high,B_type_mismatch
CD_3d26970d563c,CD,anomalia,Desviacion de Correlacion,anomalia,Ruido,fail,,,,,,,,,,,PHEXT,,,1.0,XHINV,high,B_type_mismatch
CD_dfe0ae523dc4,CD,anomalia,Desviacion de Correlacion,anomalia,Ruido,fail,,,,,,,,,,,PHEXT,,,1.0,XHINV,high,B_type_mismatch
CD_9cd67d831d70,CD,anomalia,Desviacion de Correlacion,anomalia,Ruido,fail,,,,,,,,,,,PHEXT,,,1.0,XHINV,high,B_type_mismatch
CD_0fb029589e6b,CD,anomalia,Desviacion de Correlacion,anomalia,Ruido,fail,,,,,,,,,,,PHEXT,,,1.0,XHINV,high,B_type_mismatch
CD_8d955ad7bc7a,CD,anomalia,Desviacion de Correlacion,anomalia,Ruido,fail,,,,,,,,,,,PHEXT,,,1.0,XHINV,high,B_type_mismatch
CD_abb31fff569d,CD,anomalia,Desviacion de Correlacion,anomalia,Ruido,fail,,,,,,,,,,,PHEXT,,,1.0,XHINV,high,B_type_mismatch
CD_8b1ebf230416,CD,anomalia,Desviacion de Correlacion,anomalia,Ruido,fail,,,,,,,,,,,PHEXT,,,1.0,XHINV,high,B_type_mismatch
CD_15dc132de130,CD,anomalia,Desviacion de Correlacion,anomalia,Ruido,fail,,,,,,,,,,,PHEXT,,,1.0,XHINV,high,B_type_mismatch
CD_b697ed970726,CD,anomalia,Desviacion de Correlacion,anomalia,Ruido,fail,,,,,,,,,,,PHEXT,,,1.0,XHINV,high,B_type_mismatch
CD_a4a05c227a62,CD,anomalia,Desviacion de Correlacion,anomalia,Ruido,fail,,,,,,,,,,,PHEXT,,,1.0,XHINV,high,B_type_mismatch
CD_5148466641ef,CD,anomalia,Desviacion de Correlacion,anomalia,Ruido,fail,,,,,,,,,,,PHEXT,,,1.0,XHINV,high,B_type_mismatch
CD_ceda2887a541,CD,anomalia,Desviacion de Correlacion,anomalia,Ruido,fail,,,,,,,,,,,PHEXT,,,1.0,XHINV,high,B_type_mismatch
CD_2b6be3f8dbc9,CD,anomalia,Desviacion de Correlacion,anomalia,Ruido,fail,,,,,,,,,,,PHEXT,,,1.0,XHINV,high,B_type_mismatch
CD_1c6bdd942f52,CD,anomalia,Desviacion de Correlacion,anomalia,Ruido,fail,,,,,,,,,,,PHEXT,,,1.0,XHINV,high,B_type_mismatch
CD_4d2d526d0c6e,CD,anomalia,Desviacion de Correlacion,anomalia,Ruido,fail,,,,,,,,,,,PHEXT,,,1.0,XHINV,high,B_type_mismatch
CD_211d3821e1f5,CD,anomalia,Desviacion de Correlacion,anomalia,Ruido,fail,,,,,,,,,,,PHEXT,,,1.0,XHINV,high,B_type_mismatch
CD_279f0bb3de4c,CD,anomalia,Desviacion de Correlacion,anomalia,Ruido,fail,,,,,,,,,,,PHEXT,,,1.0,XHINV,high,B_type_mismatch
CD_bfb86170f37b,CD,anomalia,Desviacion de Correlacion,anomalia,Ruido,fail,,,,,,,,,,,PHEXT,,,1.0,XHINV,high,B_type_mismatch
CD_4c7aaa3988eb,CD,anomalia,Desviacion de Correlacion,normal,normal,fail,,,,,,,,,,,PHEXT,,,1.0,XHINV,high,A_binary_miss
CD_9a6331285c47,CD,anomalia,Desviacion de Correlacion,anomalia,Ruido,fail,,,,,,,,,,,PHEXT,,,1.0,XHINV,high,B_type_mismatch
CD_46c3f797c89f,CD,anomalia,Desviacion de Correlacion,anomalia,Ruido,fail,,,,,,,,,,,PHEXT,,,1.0,XHINV,high,B_type_mismatch
CD_fdd72d4e7ceb,CD,anomalia,Desviacion de Correlacion,anomalia,Ruido,fail,,,,,,,,,,,PHEXT,,,1.0,XHINV,high,B_type_mismatch
CD_e9230ee9b6fd,CD,anomalia,Desviacion de Correlacion,anomalia,Ruido,fail,,,,,,,,,,,PHEXT,,,1.0,XHINV,high,B_type_mismatch
CD_b60f317de9ef,CD,anomalia,Desviacion de Correlacion,normal,normal,fail,,,,,,,,,,,PHEXT,,,1.0,XHINV,high,A_binary_miss
CD_0d506e4d22b7,CD,anomalia,Desviacion de Correlacion,anomalia,Ruido,fail,,,,,,,,,,,PHEXT,,,1.0,XHINV,high,B_type_mismatch
CD_a3fc4960c4ee,CD,anomalia,Desviacion de Correlacion,anomalia,Ruido,fail,,,,,,,,,,,PHEXT,,,1.0,XHINV,high,B_type_mismatch
CD_000a69a95a0d,CD,anomalia,Desviacion de Correlacion,anomalia,Ruido,fail,,,,,,,,,,,PHEXT,,,1.0,XHINV,high,B_type_mismatch
CD_bb6e2ae5f8c9,CD,anomalia,Desviacion de Correlacion,anomalia,Ruido,fail,,,,,,,,,,,PHEXT,,,1.0,XHINV,high,B_type_mismatch
CD_864999008b77,CD,anomalia,Desviacion de Correlacion,anomalia,Ruido,fail,,,,,,,,,,,PHEXT,,,1.0,XHINV,high,B_type_mismatch
CD_93140af7f629,CD,anomalia,Desviacion de Correlacion,anomalia,Ruido,fail,,,,,,,,,,,PHEXT,,,1.0,XHINV,high,B_type_mismatch
CD_3cb1322acc23,CD,anomalia,Desviacion de Correlacion,anomalia,Ruido,fail,,,,,,,,,,,PHEXT,,,1.0,XHINV,high,B_type_mismatch
CD_f3b2572955ab,CD,anomalia,Desviacion de Correlacion,normal,normal,fail,,,,,,,,,,,PHEXT,,,1.0,XHINV,high,A_binary_miss
CD_452269bd9dfe,CD,anomalia,Desviacion de Correlacion,anomalia,Ruido,fail,,,,,,,,,,,PHEXT,,,1.0,XHINV,high,B_type_mismatch
CD_4b9dc3c5a11e,CD,anomalia,Desviacion de Correlacion,anomalia,Ruido,fail,,,,,,,,,,,PHEXT,,,1.0,XHINV,high,B_type_mismatch
CD_2277d20e6655,CD,anomalia,Desviacion de Correlacion,anomalia,Ruido,fail,,,,,,,,,,,PHEXT,,,1.0,XHINV,high,B_type_mismatch
CD_cef328ab3d10,CD,anomalia,Desviacion de Correlacion,anomalia,Ruido,fail,,,,,,,,,,,PHEXT,,,1.0,XHINV,high,B_type_mismatch
CD_c8286dbe9e1e,CD,anomalia,Desviacion de Correlacion,anomalia,Ruido,fail,,,,,,,,,,,PHEXT,,,1.0,XHINV,high,B_type_mismatch
CD_3cfab80ae584,CD,anomalia,Desviacion de Correlacion,normal,normal,fail,,,,,,,,,,,PHEXT,,,1.0,XHINV,high,A_binary_miss
CD_d6ee9adc120e,CD,anomalia,Desviacion de Correlacion,anomalia,Ruido,fail,,,,,,,,,,,PHEXT,,,1.0,XHINV,high,B_type_mismatch
CD_0e590e56e465,CD,anomalia,Desviacion de Correlacion,anomalia,Ruido,fail,,,,,,,,,,,PHEXT,,,1.0,XHINV,high,B_type_mismatch
CD_bc36e9fde0d4,CD,anomalia,Desviacion de Correlacion,anomalia,Ruido,fail,,,,,,,,,,,PHEXT,,,1.0,XHINV,high,B_type_mismatch
CD_b6b98a510f43,CD,anomalia,Desviacion de Correlacion,anomalia,Ruido,fail,,,,,,,,,,,PHEXT,,,1.0,XHINV,high,B_type_mismatch
CD_85c377bc317c,CD,anomalia,Desviacion de Correlacion,anomalia,Ruido,fail,,,,,,,,,,,PHEXT,,,1.0,XHINV,high,B_type_mismatch
CD_dd0f9562a9e5,CD,anomalia,Desviacion de Correlacion,anomalia,Ruido,fail,,,,,,,,,,,PHEXT,,,1.0,XHINV,high,B_type_mismatch
CD_938f3cbc6aa9,CD,anomalia,Desviacion de Correlacion,anomalia,Ruido,fail,,,,,,,,,,,PHEXT,,,1.0,XHINV,high,B_type_mismatch
CD_fdb18caf571f,CD,anomalia,Desviacion de Correlacion,anomalia,Ruido,fail,,,,,,,,,,,PHEXT,,,1.0,XHINV,high,B_type_mismatch
CD_9cc185176862,CD,anomalia,Desviacion de Correlacion,anomalia,Ruido,fail,,,,,,,,,,,PHEXT,,,1.0,XHINV,high,B_type_mismatch
CD_26554e5d934c,CD,anomalia,Desviacion de Correlacion,anomalia,Ruido,fail,,,,,,,,,,,PHEXT,,,1.0,XHINV,high,B_type_mismatch
CD_953a0d2381c7,CD,anomalia,Desviacion de Correlacion,anomalia,Ruido,fail,,,,,,,,,,,PHEXT,,,1.0,XHINV,high,B_type_mismatch
CD_f5b2ba6b19c3,CD,anomalia,Desviacion de Correlacion,anomalia,Ruido,fail,,,,,,,,,,,PHEXT,,,1.0,XHINV,high,B_type_mismatch
CD_b8615a77cf9f,CD,anomalia,Desviacion de Correlacion,anomalia,Ruido,fail,,,,,,,,,,,PHEXT,,,1.0,XHINV,high,B_type_mismatch
CD_42d7c186cf75,CD,anomalia,Desviacion de Correlacion,anomalia,Ruido,fail,,,,,,,,,,,PHEXT,,,1.0,XHINV,high,B_type_mismatch
CD_0f80142a7af5,CD,anomalia,Desviacion de Correlacion,anomalia,Ruido,fail,,,,,,,,,,,PHEXT,,,1.0,XHINV,high,B_type_mismatch
CD_bb4acee411fe,CD,anomalia,Desviacion de Correlacion,anomalia,Ruido,fail,,,,,,,,,,,PHEXT,,,1.0,XHINV,high,B_type_mismatch
CD_e285d8378454,CD,anomalia,Desviacion de Correlacion,anomalia,Ruido,fail,,,,,,,,,,,PHEXT,,,1.0,XHINV,high,B_type_mismatch
CD_4650817157e3,CD,anomalia,Desviacion de Correlacion,anomalia,Ruido,fail,,,,,,,,,,,PHEXT,,,1.0,XHINV,high,B_type_mismatch
CD_93f784ee4a28,CD,anomalia,Desviacion de Correlacion,anomalia,Ruido,fail,,,,,,,,,,,PHEXT,,,1.0,XHINV,high,B_type_mismatch
CD_6e6d7bbb2c14,CD,anomalia,Desviacion de Correlacion,anomalia,Ruido,fail,,,,,,,,,,,PHEXT,,,1.0,XHINV,high,B_type_mismatch
CD_6c6b334d4486,CD,anomalia,Desviacion de Correlacion,anomalia,Ruido,fail,,,,,,,,,,,PHEXT,,,1.0,XHINV,high,B_type_mismatch
CD_b59f0d8efec0,CD,anomalia,Desviacion de Correlacion,normal,normal,fail,,,,,,,,,,,PHEXT,,,1.0,XHINV,high,A_binary_miss
CD_6eb43ca57656,CD,anomalia,Desviacion de Correlacion,anomalia,Ruido,fail,,,,,,,,,,,PHEXT,,,1.0,XHINV,high,B_type_mismatch
CD_fbd43200f244,CD,anomalia,Desviacion de Correlacion,anomalia,Ruido,fail,,,,,,,,,,,PHEXT,,,1.0,XHINV,high,B_type_mismatch
CD_8b6a9270b226,CD,anomalia,Desviacion de Correlacion,anomalia,Ruido,fail,,,,,,,,,,,PHEXT,,,1.0,XHINV,high,B_type_mismatch
CD_e29dfdc88af3,CD,anomalia,Desviacion de Correlacion,anomalia,Ruido,fail,,,,,,,,,,,PHEXT,,,1.0,XHINV,high,B_type_mismatch
CD_0f73624757fb,CD,anomalia,Desviacion de Correlacion,anomalia,Ruido,fail,,,,,,,,,,,PHEXT,,,1.0,XHINV,high,B_type_mismatch
CD_79b0a5dc818c,CD,anomalia,Desviacion de Correlacion,anomalia,Ruido,fail,,,,,,,,,,,PHEXT,,,1.0,XHINV,high,B_type_mismatch
CD_5b1115e1e867,CD,anomalia,Desviacion de Correlacion,anomalia,Ruido,fail,,,,,,,,,,,PHEXT,,,1.0,XHINV,high,B_type_mismatch
CD_49c1c7a04b1e,CD,anomalia,Desviacion de Correlacion,anomalia,Ruido,fail,,,,,,,,,,,PHEXT,,,1.0,XHINV,high,B_type_mismatch
CD_7e6fac79b4f7,CD,anomalia,Desviacion de Correlacion,normal,normal,fail,,,,,,,,,,,PHEXT,,,1.0,XHINV,high,A_binary_miss
CD_2e95d90400c4,CD,anomalia,Desviacion de Correlacion,anomalia,Ruido,fail,,,,,,,,,,,PHEXT,,,1.0,XHINV,high,B_type_mismatch
CD_59f0bb704f70,CD,anomalia,Desviacion de Correlacion,anomalia,Ruido,fail,,,,,,,,,,,PHEXT,,,1.0,XHINV,high,B_type_mismatch
CD_b50658d852ee,CD,anomalia,Desviacion de Correlacion,anomalia,Ruido,fail,,,,,,,,,,,PHEXT,,,1.0,XHINV,high,B_type_mismatch
CD_ca5d412bbb69,CD,anomalia,Desviacion de Correlacion,anomalia,Ruido,fail,,,,,,,,,,,PHEXT,,,1.0,XHINV,high,B_type_mismatch
CD_5d7ab6306eb5,CD,anomalia,Desviacion de Correlacion,anomalia,Ruido,fail,,,,,,,,,,,PHEXT,,,1.0,XHINV,high,B_type_mismatch
CD_204382493682,CD,anomalia,Desviacion de Correlacion,normal,normal,fail,,,,,,,,,,,PHEXT,,,1.0,XHINV,high,A_binary_miss
CD_0f645ccf113b,CD,anomalia,Desviacion de Correlacion,anomalia,Ruido,fail,,,,,,,,,,,PHEXT,,,1.0,XHINV,high,B_type_mismatch
CD_819ae2ea8249,CD,anomalia,Desviacion de Correlacion,anomalia,Ruido,fail,,,,,,,,,,,PHEXT,,,1.0,XHINV,high,B_type_mismatch
CD_dd7171362f24,CD,anomalia,Desviacion de Correlacion,anomalia,Ruido,fail,,,,,,,,,,,PHEXT,,,1.0,XHINV,high,B_type_mismatch
CD_47d560536dc1,CD,anomalia,Desviacion de Correlacion,anomalia,Ruido,fail,,,,,,,,,,,PHEXT,,,1.0,XHINV,high,B_type_mismatch
CD_671b2ca94c1b,CD,anomalia,Desviacion de Correlacion,anomalia,Ruido,fail,,,,,,,,,,,PHEXT,,,1.0,XHINV,high,B_type_mismatch
CD_7bfbe6f37e76,CD,anomalia,Desviacion de Correlacion,anomalia,Ruido,fail,,,,,,,,,,,PHEXT,,,1.0,XHINV,high,B_type_mismatch
CD_6aa9e8fb29a5,CD,anomalia,Desviacion de Correlacion,anomalia,Ruido,fail,,,,,,,,,,,PHEXT,,,1.0,XHINV,high,B_type_mismatch
CD_eb2dbde8e1c5,CD,anomalia,Desviacion de Correlacion,anomalia,Ruido,fail,,,,,,,,,,,PHEXT,,,1.0,XHINV,high,B_type_mismatch
CD_9b860b2fad53,CD,anomalia,Desviacion de Correlacion,anomalia,Ruido,fail,,,,,,,,,,,PHEXT,,,1.0,XHINV,high,B_type_mismatch
CD_79d8f03eb1e8,CD,anomalia,Desviacion de Correlacion,anomalia,Ruido,fail,,,,,,,,,,,PHEXT,,,1.0,XHINV,high,B_type_mismatch
CD_60d9a87afe6e,CD,anomalia,Desviacion de Correlacion,anomalia,Ruido,fail,,,,,,,,,,,PHEXT,,,1.0,XHINV,high,B_type_mismatch
CD_c9dd2d428a97,CD,anomalia,Desviacion de Correlacion,anomalia,Ruido,fail,,,,,,,,,,,PHEXT,,,1.0,XHINV,high,B_type_mismatch
CD_f0417d964c05,CD,anomalia,Desviacion de Correlacion,anomalia,Ruido,fail,,,,,,,,,,,PHEXT,,,1.0,XHINV,high,B_type_mismatch
CD_ff87d2655352,CD,anomalia,Desviacion de Correlacion,normal,normal,fail,,,,,,,,,,,PHEXT,,,1.0,XHINV,high,A_binary_miss
CD_76f629cdf6aa,CD,anomalia,Desviacion de Correlacion,anomalia,Ruido,fail,,,,,,,,,,,PHEXT,,,1.0,XHINV,high,B_type_mismatch
CD_5e0e47cb5ac9,CD,anomalia,Desviacion de Correlacion,anomalia,Ruido,fail,,,,,,,,,,,PHEXT,,,1.0,XHINV,high,B_type_mismatch
CD_9e591e60f4bd,CD,anomalia,Desviacion de Correlacion,anomalia,Ruido,fail,,,,,,,,,,,PHEXT,,,1.0,XHINV,high,B_type_mismatch
CD_5c5d8bf10717,CD,anomalia,Desviacion de Correlacion,anomalia,Ruido,fail,,,,,,,,,,,PHEXT,,,1.0,XHINV,high,B_type_mismatch
CD_9d2ef151636a,CD,anomalia,Desviacion de Correlacion,anomalia,Ruido,fail,,,,,,,,,,,PHEXT,,,1.0,XHINV,high,B_type_mismatch
CD_041e324232e6,CD,anomalia,Desviacion de Correlacion,anomalia,Ruido,fail,,,,,,,,,,,PHEXT,,,1.0,XHINV,high,B_type_mismatch
CD_ad418fac5abf,CD,anomalia,Desviacion de Correlacion,anomalia,Ruido,fail,,,,,,,,,,,PHEXT,,,1.0,XHINV,high,B_type_mismatch
CD_a4f462a2ea30,CD,anomalia,Desviacion de Correlacion,anomalia,Ruido,fail,,,,,,,,,,,PHEXT,,,1.0,XHINV,high,B_type_mismatch
CD_0e096cb4b8a3,CD,anomalia,Desviacion de Correlacion,anomalia,Ruido,fail,,,,,,,,,,,PHEXT,,,1.0,XHINV,high,B_type_mismatch
CD_6aabc73b8a09,CD,anomalia,Desviacion de Correlacion,anomalia,Ruido,fail,,,,,,,,,,,PHEXT,,,1.0,XHINV,high,B_type_mismatch
CD_baa71aff6d43,CD,anomalia,Desviacion de Correlacion,anomalia,Ruido,fail,,,,,,,,,,,PHEXT,,,1.0,XHINV,high,B_type_mismatch
CD_294cc7f0842c,CD,anomalia,Desviacion de Correlacion,anomalia,Ruido,fail,,,,,,,,,,,PHEXT,,,1.0,XHINV,high,B_type_mismatch
CD_7e9f2c6e5cf6,CD,anomalia,Desviacion de Correlacion,anomalia,Ruido,fail,,,,,,,,,,,PHEXT,,,1.0,XHINV,high,B_type_mismatch
CD_f3f0ec7aaef2,CD,anomalia,Desviacion de Correlacion,anomalia,Ruido,fail,,,,,,,,,,,PHEXT,,,1.0,XHINV,high,B_type_mismatch
CD_6b16ea1c727b,CD,anomalia,Desviacion de Correlacion,anomalia,Ruido,fail,,,,,,,,,,,PHEXT,,,1.0,XHINV,high,B_type_mismatch
CD_a15d320f0d61,CD,anomalia,Desviacion de Correlacion,anomalia,Ruido,fail,,,,,,,,,,,PHEXT,,,1.0,XHINV,high,B_type_mismatch
CD_f849223eaf8a,CD,anomalia,Desviacion de Correlacion,anomalia,Ruido,fail,,,,,,,,,,,PHEXT,,,1.0,XHINV,high,B_type_mismatch
CD_25f1ffb52130,CD,anomalia,Desviacion de Correlacion,anomalia,Ruido,fail,,,,,,,,,,,PHEXT,,,1.0,XHINV,high,B_type_mismatch
CD_100ec94a45df,CD,anomalia,Desviacion de Correlacion,normal,normal,fail,,,,,,,,,,,PHEXT,,,1.0,XHINV,high,A_binary_miss
CD_56fc11721606,CD,anomalia,Desviacion de Correlacion,anomalia,Ruido,fail,,,,,,,,,,,PHEXT,,,1.0,XHINV,high,B_type_mismatch
CD_ba821cc16365,CD,anomalia,Desviacion de Correlacion,anomalia,Ruido,fail,,,,,,,,,,,PHEXT,,,1.0,XHINV,high,B_type_mismatch
CD_80b3b33d7694,CD,anomalia,Desviacion de Correlacion,anomalia,Ruido,fail,,,,,,,,,,,PHEXT,,,1.0,XHINV,high,B_type_mismatch
CD_4e7171b3dc01,CD,anomalia,Desviacion de Correlacion,anomalia,Ruido,fail,,,,,,,,,,,PHEXT,,,1.0,XHINV,high,B_type_mismatch
CD_96c8293db240,CD,anomalia,Desviacion de Correlacion,anomalia,Ruido,fail,,,,,,,,,,,PHEXT,,,1.0,XHINV,high,B_type_mismatch
CD_15d68edafdba,CD,anomalia,Desviacion de Correlacion,anomalia,Ruido,fail,,,,,,,,,,,PHEXT,,,1.0,XHINV,high,B_type_mismatch
CD_21262e5a8fae,CD,anomalia,Desviacion de Correlacion,anomalia,Ruido,fail,,,,,,,,,,,PHEXT,,,1.0,XHINV,high,B_type_mismatch
CD_547b284f6700,CD,anomalia,Desviacion de Correlacion,anomalia,Ruido,fail,,,,,,,,,,,PHEXT,,,1.0,XHINV,high,B_type_mismatch
CD_6ea21fbfbec7,CD,anomalia,Desviacion de Correlacion,anomalia,Ruido,fail,,,,,,,,,,,PHEXT,,,1.0,XHINV,high,B_type_mismatch
CD_2313e8f22d1a,CD,anomalia,Desviacion de Correlacion,anomalia,Ruido,fail,,,,,,,,,,,PHEXT,,,1.0,XHINV,high,B_type_mismatch
CD_9a610a5f2d57,CD,anomalia,Desviacion de Correlacion,anomalia,Ruido,fail,,,,,,,,,,,PHEXT,,,1.0,XHINV,high,B_type_mismatch
CD_3559f716fcfa,CD,anomalia,Desviacion de Correlacion,anomalia,Ruido,fail,,,,,,,,,,,PHEXT,,,1.0,XHINV,high,B_type_mismatch
CD_dd76e91227f7,CD,anomalia,Desviacion de Correlacion,anomalia,Ruido,fail,,,,,,,,,,,PHEXT,,,1.0,XHINV,high,B_type_mismatch
CD_0e49a876f9eb,CD,anomalia,Desviacion de Correlacion,anomalia,Ruido,fail,,,,,,,,,,,PHEXT,,,1.0,XHINV,high,B_type_mismatch
CD_2762fc734faf,CD,anomalia,Desviacion de Correlacion,anomalia,Ruido,fail,,,,,,,,,,,PHEXT,,,1.0,XHINV,high,B_type_mismatch
CD_71375169197d,CD,anomalia,Desviacion de Correlacion,anomalia,Ruido,fail,,,,,,,,,,,PHEXT,,,1.0,XHINV,high,B_type_mismatch
CD_16dd6a9d1636,CD,anomalia,Desviacion de Correlacion,anomalia,Ruido,fail,,,,,,,,,,,PHEXT,,,1.0,XHINV,high,B_type_mismatch
CD_15773df5db3f,CD,anomalia,Desviacion de Correlacion,anomalia,Ruido,fail,,,,,,,,,,,PHEXT,,,1.0,XHINV,high,B_type_mismatch
CD_8467c569ec71,CD,anomalia,Desviacion de Correlacion,anomalia,Ruido,fail,,,,,,,,,,,PHEXT,,,1.0,XHINV,high,B_type_mismatch
CD_933f442bcb55,CD,anomalia,Desviacion de Correlacion,anomalia,Ruido,fail,,,,,,,,,,,PHEXT,,,1.0,XHINV,high,B_type_mismatch
CD_7a6893f230f0,CD,anomalia,Desviacion de Correlacion,anomalia,Ruido,fail,,,,,,,,,,,PHEXT,,,1.0,XHINV,high,B_type_mismatch
CD_f1fd4e95d3b7,CD,anomalia,Desviacion de Correlacion,anomalia,Ruido,fail,,,,,,,,,,,PHEXT,,,1.0,XHINV,high,B_type_mismatch
CD_5a1074849593,CD,anomalia,Desviacion de Correlacion,anomalia,Ruido,fail,,,,,,,,,,,PHEXT,,,1.0,XHINV,high,B_type_mismatch
CD_fc96c8b2a2c5,CD,anomalia,Desviacion de Correlacion,anomalia,Ruido,fail,,,,,,,,,,,PHEXT,,,1.0,XHINV,high,B_type_mismatch
CD_b2f073cd1b85,CD,anomalia,Desviacion de Correlacion,anomalia,Ruido,fail,,,,,,,,,,,PHEXT,,,1.0,XHINV,high,B_type_mismatch
CD_38d4d8861bf5,CD,anomalia,Desviacion de Correlacion,anomalia,Ruido,fail,,,,,,,,,,,PHEXT,,,1.0,XHINV,high,B_type_mismatch
CD_dff36c92f3a3,CD,anomalia,Desviacion de Correlacion,anomalia,Ruido,fail,,,,,,,,,,,PHEXT,,,1.0,XHINV,high,B_type_mismatch
CD_95f44db611b6,CD,anomalia,Desviacion de Correlacion,anomalia,Ruido,fail,,,,,,,,,,,PHEXT,,,1.0,XHINV,high,B_type_mismatch
CD_e3249b44da46,CD,anomalia,Desviacion de Correlacion,anomalia,Ruido,fail,,,,,,,,,,,PHEXT,,,1.0,XHINV,high,B_type_mismatch
CD_6c151da414b3,CD,anomalia,Desviacion de Correlacion,normal,normal,fail,,,,,,,,,,,PHEXT,,,1.0,XHINV,high,A_binary_miss
CD_0bdd0c75f2fd,CD,anomalia,Desviacion de Correlacion,anomalia,Ruido,fail,,,,,,,,,,,PHEXT,,,1.0,XHINV,high,B_type_mismatch
CD_e3611f5da009,CD,anomalia,Desviacion de Correlacion,normal,normal,fail,,,,,,,,,,,PHEXT,,,1.0,XHINV,high,A_binary_miss
CD_14f73f0b2070,CD,anomalia,Desviacion de Correlacion,anomalia,Ruido,fail,,,,,,,,,,,PHEXT,,,1.0,XHINV,high,B_type_mismatch
