case_id,property,theta_json,expected_detection,expected_type,pred_deteccion,pred_tipo_anomalia,oracle_result,rq3_supported,pred_proba_anomalia,pred_deteccion_base,flag_dato_faltante,flag_caida_sistema,flag_fallo_parcial_sistema,flag_fuera_rango,nan_count,zero_count,oor_sensors,failure_mode
SS_ca52a4c42f4a,SS,"{""available_independent_windows"": 1640, ""duration"": 16, ""final_planned_checks"": 100, ""paper_sensor"": ""DHEXT"", ""requested_windows"": 100, ""sensor"": ""PHEXT""}",anomalia,Sensor Atascado,normal,normal,fail,True,0.7858345308722695,normal,False,False,False,False,0,1,,A_binary_miss
SS_5dd5000a386e,SS,"{""available_independent_windows"": 1640, ""duration"": 16, ""final_planned_checks"": 100, ""paper_sensor"": ""DHEXT"", ""requested_windows"": 100, ""sensor"": ""PHEXT""}",anomalia,Sensor Atascado,normal,normal,fail,True,0.5102779914035462,normal,False,False,False,False,0,0,,A_binary_miss
SS_9b4b2e5c203e,SS,"{""available_independent_windows"": 1640, ""duration"": 16, ""final_planned_checks"": 100, ""paper_sensor"": ""DHEXT"", ""requested_windows"": 100, ""sensor"": ""PHEXT""}",anomalia,Sensor Atascado,normal,normal,fail,True,0.5534152450749181,normal,False,False,False,False,0,0,,A_binary_miss
SS_cfabf5f5bdf6,SS,"{""available_independent_windows"": 1640, ""duration"": 16, ""final_planned_checks"": 100, ""paper_sensor"": ""DHEXT"", ""requested_windows"": 100, ""sensor"": ""PHEXT""}",anomalia,Sensor Atascado,normal,normal,fail,True,0.6267470269313677,normal,False,False,False,False,0,1,,A_binary_miss
SS_7a96db17e3f5,SS,"{""available_independent_windows"": 1640, ""duration"": 16, ""final_planned_checks"": 100, ""paper_sensor"": ""DHEXT"", ""requested_windows"": 100, ""sensor"": ""PHEXT""}",anomalia,Sensor Atascado,normal,normal,fail,True,0.420398851668729,normal,False,False,False,False,0,1,,A_binary_miss
SS_d2f1691d49ed,SS,"{""available_independent_windows"": 1640, ""duration"": 16, ""final_planned_checks"": 100, ""paper_sensor"": ""DHEXT"", ""requested_windows"": 100, ""sensor"": ""PHEXT""}",anomalia,Sensor Atascado,normal,normal,fail,True,0.5104331818259916,normal,False,False,False,False,0,1,,A_binary_miss
SS_44bc4ef3e08c,SS,"{""available_independent_windows"": 1640, ""duration"": 16, ""final_planned_checks"": 100, ""paper_sensor"": ""DHEXT"", ""requested_windows"": 100, ""sensor"": ""PHEXT""}",anomalia,Sensor Atascado,normal,normal,fail,True,0.6680047417359938,normal,False,False,False,False,0,0,,A_binary_miss
SS_2b80602b040a,SS,"{""available_independent_windows"": 1640, ""duration"": 16, ""final_planned_checks"": 100, ""paper_sensor"": ""DHEXT"", ""requested_windows"": 100, ""sensor"": ""PHEXT""}",anomalia,Sensor Atascado,normal,normal,fail,True,0.6447945491757415,normal,False,False,False,False,0,1,,A_binary_miss
SS_c44f0a96a9ce,SS,"{""available_independent_windows"": 1640, ""duration"": 16, ""final_planned_checks"": 100, ""paper_sensor"": ""DHEXT"", ""requested_windows"": 100, ""sensor"": ""PHEXT""}",anomalia,Sensor Atascado,normal,normal,fail,True,0.5267772762944586,normal,False,False,False,False,0,1,,A_binary_miss
SS_f52d853d14ae,SS,"{""available_independent_windows"": 1640, ""duration"": 16, ""final_planned_checks"": 100, ""paper_sensor"": ""DHEXT"", ""requested_windows"": 100, ""sensor"": ""PHEXT""}",anomalia,Sensor Atascado,normal,normal,fail,True,0.3640696859084921,normal,False,False,False,False,0,1,,A_binary_miss
SS_5c9a5fca4076,SS,"{""available_independent_windows"": 1640, ""duration"": 16, ""final_planned_checks"": 100, ""paper_sensor"": ""DHEXT"", ""requested_windows"": 100, ""sensor"": ""PHEXT""}",anomalia,Sensor Atascado,normal,normal,fail,True,0.7268751382223967,normal,False,False,False,False,0,1,,A_binary_miss
SS_09ebb3e40fff,SS,"{""available_independent_windows"": 1640, ""duration"": 16, ""final_planned_checks"": 100, ""paper_sensor"": ""DHEXT"", ""requested_windows"": 100, ""sensor"": ""PHEXT""}",anomalia,Sensor Atascado,normal,normal,fail,True,0.5603135571899891,normal,False,False,False,False,0,1,,A_binary_miss
SS_33e63620924b,SS,"{""available_independent_windows"": 1640, ""duration"": 16, ""final_planned_checks"": 100, ""paper_sensor"": ""DHEXT"", ""requested_windows"": 100, ""sensor"": ""PHEXT""}",anomalia,Sensor Atascado,normal,normal,fail,True,0.7236247590668045,normal,False,False,False,False,0,1,,A_binary_miss
SS_3a35e867d6f2,SS,"{""available_independent_windows"": 1640, ""duration"": 16, ""final_planned_checks"": 100, ""paper_sensor"": ""DHEXT"", ""requested_windows"": 100, ""sensor"": ""PHEXT""}",anomalia,Sensor Atascado,normal,normal,fail,True,0.4197832003032469,normal,False,False,False,False,0,0,,A_binary_miss
SS_831d9900fa00,SS,"{""available_independent_windows"": 1640, ""duration"": 16, ""final_planned_checks"": 100, ""paper_sensor"": ""DHEXT"", ""requested_windows"": 100, ""sensor"": ""PHEXT""}",anomalia,Sensor Atascado,normal,normal,fail,True,0.7556582099107934,normal,False,False,False,False,0,0,,A_binary_miss
SS_273ebbcde547,SS,"{""available_independent_windows"": 1640, ""duration"": 16, ""final_planned_checks"": 100, ""paper_sensor"": ""DHEXT"", ""requested_windows"": 100, ""sensor"": ""PHEXT""}",anomalia,Sensor Atascado,normal,normal,fail,True,0.6874356157064192,normal,False,False,False,False,0,1,,A_binary_miss
SS_f6addd094ac7,SS,"{""available_independent_windows"": 1640, ""duration"": 16, ""final_planned_checks"": 100, ""paper_sensor"": ""DHEXT"", ""requested_windows"": 100, ""sensor"": ""PHEXT""}",anomalia,Sensor Atascado,normal,normal,fail,True,0.7849642068323427,normal,False,False,False,False,0,1,,A_binary_miss
SS_10fba00c0d9e,SS,"{""available_independent_windows"": 1640, ""duration"": 16, ""final_planned_checks"": 100, ""paper_sensor"": ""DHEXT"", ""requested_windows"": 100, ""sensor"": ""PHEXT""}",anomalia,Sensor Atascado,normal,normal,fail,True,0.3607714791378862,normal,False,False,False,False,0,1,,A_binary_miss
SS_8b045bd66885,SS,"{""available_independent_windows"": 1640, ""duration"": 16, ""final_planned_checks"": 100, ""paper_sensor"": ""DHEXT"", ""requested_windows"": 100, ""sensor"": ""PHEXT""}",anomalia,Sensor Atascado,normal,normal,fail,True,0.4552029384324586,normal,False,False,False,False,0,1,,A_binary_miss
SS_b7f441ef2528,SS,"{""available_independent_windows"": 1640, ""duration"": 16, ""final_planned_checks"": 100, ""paper_sensor"": ""DHEXT"", ""requested_windows"": 100, ""sensor"": ""PHEXT""}",anomalia,Sensor Atascado,normal,normal,fail,True,0.641266991282495,normal,False,False,False,False,0,1,,A_binary_miss
SS_72a0109329ab,SS,"{""available_independent_windows"": 1640, ""duration"": 16, ""final_planned_checks"": 100, ""paper_sensor"": ""DHEXT"", ""requested_windows"": 100, ""sensor"": ""PHEXT""}",anomalia,Sensor Atascado,normal,normal,fail,True,0.7008205081405262,normal,False,False,False,False,0,0,,A_binary_miss
SS_238b41f8d35c,SS,"{""available_independent_windows"": 1640, ""duration"": 16, ""final_planned_checks"": 100, ""paper_sensor"": ""DHEXT"", ""requested_windows"": 100, ""sensor"": ""PHEXT""}",anomalia,Sensor Atascado,normal,normal,fail,True,0.4722321910255923,normal,False,False,False,False,0,1,,A_binary_miss
SS_b2feee3f9232,SS,"{""available_independent_windows"": 1640, ""duration"": 16, ""final_planned_checks"": 100, ""paper_sensor"": ""DHEXT"", ""requested_windows"": 100, ""sensor"": ""PHEXT""}",anomalia,Sensor Atascado,normal,normal,fail,True,0.6054901671593104,normal,False,False,False,False,0,1,,A_binary_miss
SS_fe8bf4ba08e0,SS,"{""available_independent_windows"": 802, ""duration"": 20, ""final_planned_checks"": 100, ""paper_sensor"": ""DHEXT"", ""requested_windows"": 100, ""sensor"": ""PHEXT""}",anomalia,Sensor Atascado,normal,normal,fail,True,0.6970601789650999,normal,False,False,False,False,0,1,,A_binary_miss
SS_4dcfafe951c0,SS,"{""available_independent_windows"": 802, ""duration"": 20, ""final_planned_checks"": 100, ""paper_sensor"": ""DHEXT"", ""requested_windows"": 100, ""sensor"": ""PHEXT""}",anomalia,Sensor Atascado,normal,normal,fail,True,0.7925556686905532,normal,False,False,False,False,0,1,,A_binary_miss
SS_549aeb619f95,SS,"{""available_independent_windows"": 802, ""duration"": 20, ""final_planned_checks"": 100, ""paper_sensor"": ""DHEXT"", ""requested_windows"": 100, ""sensor"": ""PHEXT""}",anomalia,Sensor Atascado,normal,normal,fail,True,0.4038440085223269,normal,False,False,False,False,0,1,,A_binary_miss
SS_220064fd766b,SS,"{""available_independent_windows"": 802, ""duration"": 20, ""final_planned_checks"": 100, ""paper_sensor"": ""DHEXT"", ""requested_windows"": 100, ""sensor"": ""PHEXT""}",anomalia,Sensor Atascado,normal,normal,fail,True,0.2093444160452308,normal,False,False,False,False,0,1,,A_binary_miss
SS_9472b90de6ee,SS,"{""available_independent_windows"": 802, ""duration"": 20, ""final_planned_checks"": 100, ""paper_sensor"": ""DHEXT"", ""requested_windows"": 100, ""sensor"": ""PHEXT""}",anomalia,Sensor Atascado,normal,normal,fail,True,0.496604972532037,normal,False,False,False,False,0,1,,A_binary_miss
SS_85b63e6e9083,SS,"{""available_independent_windows"": 802, ""duration"": 20, ""final_planned_checks"": 100, ""paper_sensor"": ""DHEXT"", ""requested_windows"": 100, ""sensor"": ""PHEXT""}",anomalia,Sensor Atascado,normal,normal,fail,True,0.3979013559202529,normal,False,False,False,False,0,1,,A_binary_miss
SS_91bb5df146f2,SS,"{""available_independent_windows"": 802, ""duration"": 20, ""final_planned_checks"": 100, ""paper_sensor"": ""DHEXT"", ""requested_windows"": 100, ""sensor"": ""PHEXT""}",anomalia,Sensor Atascado,normal,normal,fail,True,0.5253027268605733,normal,False,False,False,False,0,1,,A_binary_miss
SS_f88626d927f5,SS,"{""available_independent_windows"": 802, ""duration"": 20, ""final_planned_checks"": 100, ""paper_sensor"": ""DHEXT"", ""requested_windows"": 100, ""sensor"": ""PHEXT""}",anomalia,Sensor Atascado,normal,normal,fail,True,0.394685283353922,normal,False,False,False,False,0,1,,A_binary_miss
SS_05d74b8dbf4f,SS,"{""available_independent_windows"": 802, ""duration"": 20, ""final_planned_checks"": 100, ""paper_sensor"": ""DHEXT"", ""requested_windows"": 100, ""sensor"": ""PHEXT""}",anomalia,Sensor Atascado,normal,normal,fail,True,0.7243617802951909,normal,False,False,False,False,0,1,,A_binary_miss
SS_80e0cdef284a,SS,"{""available_independent_windows"": 802, ""duration"": 20, ""final_planned_checks"": 100, ""paper_sensor"": ""DHEXT"", ""requested_windows"": 100, ""sensor"": ""PHEXT""}",anomalia,Sensor Atascado,normal,normal,fail,True,0.4013462305721404,normal,False,False,False,False,0,1,,A_binary_miss
SS_23dae1531752,SS,"{""available_independent_windows"": 802, ""duration"": 20, ""final_planned_checks"": 100, ""paper_sensor"": ""DHEXT"", ""requested_windows"": 100, ""sensor"": ""PHEXT""}",anomalia,Sensor Atascado,normal,normal,fail,True,0.7067770990502277,normal,False,False,False,False,0,1,,A_binary_miss
SS_5c0c92fa76fc,SS,"{""available_independent_windows"": 802, ""duration"": 20, ""final_planned_checks"": 100, ""paper_sensor"": ""DHEXT"", ""requested_windows"": 100, ""sensor"": ""PHEXT""}",anomalia,Sensor Atascado,normal,normal,fail,True,0.6756706924466126,normal,False,False,False,False,0,1,,A_binary_miss
SS_f627375eccf9,SS,"{""available_independent_windows"": 802, ""duration"": 20, ""final_planned_checks"": 100, ""paper_sensor"": ""DHEXT"", ""requested_windows"": 100, ""sensor"": ""PHEXT""}",anomalia,Sensor Atascado,normal,normal,fail,True,0.6412841444235534,normal,False,False,False,False,0,1,,A_binary_miss
SS_25c598ba88e2,SS,"{""available_independent_windows"": 802, ""duration"": 20, ""final_planned_checks"": 100, ""paper_sensor"": ""DHEXT"", ""requested_windows"": 100, ""sensor"": ""PHEXT""}",anomalia,Sensor Atascado,normal,normal,fail,True,0.6667518920337241,normal,False,False,False,False,0,1,,A_binary_miss
SS_7132a2cbe902,SS,"{""available_independent_windows"": 802, ""duration"": 20, ""final_planned_checks"": 100, ""paper_sensor"": ""DHEXT"", ""requested_windows"": 100, ""sensor"": ""PHEXT""}",anomalia,Sensor Atascado,normal,normal,fail,True,0.5758866982681797,normal,False,False,False,False,0,1,,A_binary_miss
SS_2ec7e249333a,SS,"{""available_independent_windows"": 802, ""duration"": 20, ""final_planned_checks"": 100, ""paper_sensor"": ""DHEXT"", ""requested_windows"": 100, ""sensor"": ""PHEXT""}",anomalia,Sensor Atascado,normal,normal,fail,True,0.6862566961842793,normal,False,False,False,False,0,1,,A_binary_miss
SS_7914fefca464,SS,"{""available_independent_windows"": 802, ""duration"": 20, ""final_planned_checks"": 100, ""paper_sensor"": ""DHEXT"", ""requested_windows"": 100, ""sensor"": ""PHEXT""}",anomalia,Sensor Atascado,normal,normal,fail,True,0.2999046960754487,normal,False,False,False,False,0,1,,A_binary_miss
SS_8d3049dc04a6,SS,"{""available_independent_windows"": 802, ""duration"": 20, ""final_planned_checks"": 100, ""paper_sensor"": ""DHEXT"", ""requested_windows"": 100, ""sensor"": ""PHEXT""}",anomalia,Sensor Atascado,normal,normal,fail,True,0.6603658143973024,normal,False,False,False,False,0,1,,A_binary_miss
SS_6fa1a2e2683d,SS,"{""available_independent_windows"": 491, ""duration"": 23, ""final_planned_checks"": 100, ""paper_sensor"": ""DHEXT"", ""requested_windows"": 100, ""sensor"": ""PHEXT""}",anomalia,Sensor Atascado,normal,normal,fail,True,0.6790326744099858,normal,False,False,False,False,0,0,,A_binary_miss
SS_147b5093c9fb,SS,"{""available_independent_windows"": 491, ""duration"": 23, ""final_planned_checks"": 100, ""paper_sensor"": ""DHEXT"", ""requested_windows"": 100, ""sensor"": ""PHEXT""}",anomalia,Sensor Atascado,normal,normal,fail,True,0.6298340831095232,normal,False,False,False,False,0,0,,A_binary_miss
SS_016362592d31,SS,"{""available_independent_windows"": 491, ""duration"": 23, ""final_planned_checks"": 100, ""paper_sensor"": ""DHEXT"", ""requested_windows"": 100, ""sensor"": ""PHEXT""}",anomalia,Sensor Atascado,normal,normal,fail,True,0.3660301411180708,normal,False,False,False,False,0,1,,A_binary_miss
SS_be38ea49f6c7,SS,"{""available_independent_windows"": 491, ""duration"": 23, ""final_planned_checks"": 100, ""paper_sensor"": ""DHEXT"", ""requested_windows"": 100, ""sensor"": ""PHEXT""}",anomalia,Sensor Atascado,normal,normal,fail,True,0.7621015596570503,normal,False,False,False,False,0,0,,A_binary_miss
SS_81783c9f55f7,SS,"{""available_independent_windows"": 491, ""duration"": 23, ""final_planned_checks"": 100, ""paper_sensor"": ""DHEXT"", ""requested_windows"": 100, ""sensor"": ""PHEXT""}",anomalia,Sensor Atascado,normal,normal,fail,True,0.3500654719742525,normal,False,False,False,False,0,1,,A_binary_miss
SS_7b4012937060,SS,"{""available_independent_windows"": 491, ""duration"": 23, ""final_planned_checks"": 100, ""paper_sensor"": ""DHEXT"", ""requested_windows"": 100, ""sensor"": ""PHEXT""}",anomalia,Sensor Atascado,normal,normal,fail,True,0.5989281461925771,normal,False,False,False,False,0,0,,A_binary_miss
SS_62babcdeceeb,SS,"{""available_independent_windows"": 491, ""duration"": 23, ""final_planned_checks"": 100, ""paper_sensor"": ""DHEXT"", ""requested_windows"": 100, ""sensor"": ""PHEXT""}",anomalia,Sensor Atascado,normal,normal,fail,True,0.7216336774857304,normal,False,False,False,False,0,1,,A_binary_miss
SS_adc67cb5d4d3,SS,"{""available_independent_windows"": 491, ""duration"": 23, ""final_planned_checks"": 100, ""paper_sensor"": ""DHEXT"", ""requested_windows"": 100, ""sensor"": ""PHEXT""}",anomalia,Sensor Atascado,normal,normal,fail,True,0.5698132427806475,normal,False,False,False,False,0,1,,A_binary_miss
SS_dcc9b68385fb,SS,"{""available_independent_windows"": 491, ""duration"": 23, ""final_planned_checks"": 100, ""paper_sensor"": ""DHEXT"", ""requested_windows"": 100, ""sensor"": ""PHEXT""}",anomalia,Sensor Atascado,normal,normal,fail,True,0.7089242616110414,normal,False,False,False,False,0,1,,A_binary_miss
SS_2e226b71eefc,SS,"{""available_independent_windows"": 491, ""duration"": 23, ""final_planned_checks"": 100, ""paper_sensor"": ""DHEXT"", ""requested_windows"": 100, ""sensor"": ""PHEXT""}",anomalia,Sensor Atascado,normal,normal,fail,True,0.7365536672199372,normal,False,False,False,False,0,1,,A_binary_miss
SS_9b76e05e2726,SS,"{""available_independent_windows"": 491, ""duration"": 23, ""final_planned_checks"": 100, ""paper_sensor"": ""DHEXT"", ""requested_windows"": 100, ""sensor"": ""PHEXT""}",anomalia,Sensor Atascado,normal,normal,fail,True,0.3737750098887561,normal,False,False,False,False,0,1,,A_binary_miss
SS_7b2d510852eb,SS,"{""available_independent_windows"": 491, ""duration"": 23, ""final_planned_checks"": 100, ""paper_sensor"": ""DHEXT"", ""requested_windows"": 100, ""sensor"": ""PHEXT""}",anomalia,Sensor Atascado,normal,normal,fail,True,0.4028941868002818,normal,False,False,False,False,0,1,,A_binary_miss
SS_81292679703f,SS,"{""available_independent_windows"": 491, ""duration"": 23, ""final_planned_checks"": 100, ""paper_sensor"": ""DHEXT"", ""requested_windows"": 100, ""sensor"": ""PHEXT""}",anomalia,Sensor Atascado,normal,normal,fail,True,0.2972759785824693,normal,False,False,False,False,0,1,,A_binary_miss
SS_711cd30028e2,SS,"{""available_independent_windows"": 491, ""duration"": 23, ""final_planned_checks"": 100, ""paper_sensor"": ""DHEXT"", ""requested_windows"": 100, ""sensor"": ""PHEXT""}",anomalia,Sensor Atascado,normal,normal,fail,True,0.5792706018996917,normal,False,False,False,False,0,1,,A_binary_miss
SS_ced883d80d63,SS,"{""available_independent_windows"": 491, ""duration"": 23, ""final_planned_checks"": 100, ""paper_sensor"": ""DHEXT"", ""requested_windows"": 100, ""sensor"": ""PHEXT""}",anomalia,Sensor Atascado,normal,normal,fail,True,0.4674344633958238,normal,False,False,False,False,0,1,,A_binary_miss
SS_e4509300747b,SS,"{""available_independent_windows"": 491, ""duration"": 23, ""final_planned_checks"": 100, ""paper_sensor"": ""DHEXT"", ""requested_windows"": 100, ""sensor"": ""PHEXT""}",anomalia,Sensor Atascado,normal,normal,fail,True,0.7103762062524837,normal,False,False,False,False,0,1,,A_binary_miss
SS_571d2849cc28,SS,"{""available_independent_windows"": 491, ""duration"": 23, ""final_planned_checks"": 100, ""paper_sensor"": ""DHEXT"", ""requested_windows"": 100, ""sensor"": ""PHEXT""}",anomalia,Sensor Atascado,normal,normal,fail,True,0.6433546622577273,normal,False,False,False,False,0,1,,A_binary_miss
SS_f5bffbe0565a,SS,"{""available_independent_windows"": 491, ""duration"": 23, ""final_planned_checks"": 100, ""paper_sensor"": ""DHEXT"", ""requested_windows"": 100, ""sensor"": ""PHEXT""}",anomalia,Sensor Atascado,normal,normal,fail,True,0.6761858223200595,normal,False,False,False,False,0,1,,A_binary_miss
SS_d9b3ba3ce662,SS,"{""available_independent_windows"": 491, ""duration"": 23, ""final_planned_checks"": 100, ""paper_sensor"": ""DHEXT"", ""requested_windows"": 100, ""sensor"": ""PHEXT""}",anomalia,Sensor Atascado,normal,normal,fail,True,0.7374503214182324,normal,False,False,False,False,0,0,,A_binary_miss
SS_ee06ac33ed04,SS,"{""available_independent_windows"": 491, ""duration"": 23, ""final_planned_checks"": 100, ""paper_sensor"": ""DHEXT"", ""requested_windows"": 100, ""sensor"": ""PHEXT""}",anomalia,Sensor Atascado,normal,normal,fail,True,0.708284132633647,normal,False,False,False,False,0,1,,A_binary_miss
SS_5c51d32b0583,SS,"{""available_independent_windows"": 491, ""duration"": 23, ""final_planned_checks"": 100, ""paper_sensor"": ""DHEXT"", ""requested_windows"": 100, ""sensor"": ""PHEXT""}",anomalia,Sensor Atascado,normal,normal,fail,True,0.7954796981672342,normal,False,False,False,False,0,1,,A_binary_miss
SS_316909229ff5,SS,"{""available_independent_windows"": 491, ""duration"": 23, ""final_planned_checks"": 100, ""paper_sensor"": ""DHEXT"", ""requested_windows"": 100, ""sensor"": ""PHEXT""}",anomalia,Sensor Atascado,normal,normal,fail,True,0.4784341030957256,normal,False,False,False,False,0,0,,A_binary_miss
SS_42d7ddab1a4a,SS,"{""available_independent_windows"": 491, ""duration"": 23, ""final_planned_checks"": 100, ""paper_sensor"": ""DHEXT"", ""requested_windows"": 100, ""sensor"": ""PHEXT""}",anomalia,Sensor Atascado,normal,normal,fail,True,0.7274408797219394,normal,False,False,False,False,0,1,,A_binary_miss
SS_39a02527d4bf,SS,"{""available_independent_windows"": 272, ""duration"": 27, ""final_planned_checks"": 100, ""paper_sensor"": ""DHEXT"", ""requested_windows"": 100, ""sensor"": ""PHEXT""}",anomalia,Sensor Atascado,normal,normal,fail,True,0.34137813025071,normal,False,False,False,False,0,1,,A_binary_miss
SS_c789cb6e036d,SS,"{""available_independent_windows"": 272, ""duration"": 27, ""final_planned_checks"": 100, ""paper_sensor"": ""DHEXT"", ""requested_windows"": 100, ""sensor"": ""PHEXT""}",anomalia,Sensor Atascado,normal,normal,fail,True,0.6189892229233735,normal,False,False,False,False,0,1,,A_binary_miss
SS_45be738e9e46,SS,"{""available_independent_windows"": 272, ""duration"": 27, ""final_planned_checks"": 100, ""paper_sensor"": ""DHEXT"", ""requested_windows"": 100, ""sensor"": ""PHEXT""}",anomalia,Sensor Atascado,normal,normal,fail,True,0.4725948008283748,normal,False,False,False,False,0,1,,A_binary_miss
SS_23dc38cdae98,SS,"{""available_independent_windows"": 272, ""duration"": 27, ""final_planned_checks"": 100, ""paper_sensor"": ""DHEXT"", ""requested_windows"": 100, ""sensor"": ""PHEXT""}",anomalia,Sensor Atascado,normal,normal,fail,True,0.4302377602601018,normal,False,False,False,False,0,1,,A_binary_miss
SS_6c61aba3bc43,SS,"{""available_independent_windows"": 272, ""duration"": 27, ""final_planned_checks"": 100, ""paper_sensor"": ""DHEXT"", ""requested_windows"": 100, ""sensor"": ""PHEXT""}",anomalia,Sensor Atascado,normal,normal,fail,True,0.7968288296022354,normal,False,False,False,False,0,1,,A_binary_miss
SS_79db8e86b573,SS,"{""available_independent_windows"": 272, ""duration"": 27, ""final_planned_checks"": 100, ""paper_sensor"": ""DHEXT"", ""requested_windows"": 100, ""sensor"": ""PHEXT""}",anomalia,Sensor Atascado,normal,normal,fail,True,0.5168136682595212,normal,False,False,False,False,0,1,,A_binary_miss
SS_910f3e163f24,SS,"{""available_independent_windows"": 272, ""duration"": 27, ""final_planned_checks"": 100, ""paper_sensor"": ""DHEXT"", ""requested_windows"": 100, ""sensor"": ""PHEXT""}",anomalia,Sensor Atascado,normal,normal,fail,True,0.4928741968922686,normal,False,False,False,False,0,1,,A_binary_miss
SS_e9ae3f2cc48d,SS,"{""available_independent_windows"": 272, ""duration"": 27, ""final_planned_checks"": 100, ""paper_sensor"": ""DHEXT"", ""requested_windows"": 100, ""sensor"": ""PHEXT""}",anomalia,Sensor Atascado,normal,normal,fail,True,0.3990603492488154,normal,False,False,False,False,0,1,,A_binary_miss
SS_749574c1deb6,SS,"{""available_independent_windows"": 272, ""duration"": 27, ""final_planned_checks"": 100, ""paper_sensor"": ""DHEXT"", ""requested_windows"": 100, ""sensor"": ""PHEXT""}",anomalia,Sensor Atascado,normal,normal,fail,True,0.3699554608221987,normal,False,False,False,False,0,1,,A_binary_miss
SS_cc5d6dabb686,SS,"{""available_independent_windows"": 272, ""duration"": 27, ""final_planned_checks"": 100, ""paper_sensor"": ""DHEXT"", ""requested_windows"": 100, ""sensor"": ""PHEXT""}",anomalia,Sensor Atascado,normal,normal,fail,True,0.7734621939848536,normal,False,False,False,False,0,1,,A_binary_miss
SS_21fb1640d0e4,SS,"{""available_independent_windows"": 272, ""duration"": 27, ""final_planned_checks"": 100, ""paper_sensor"": ""DHEXT"", ""requested_windows"": 100, ""sensor"": ""PHEXT""}",anomalia,Sensor Atascado,normal,normal,fail,True,0.6672964954588777,normal,False,False,False,False,0,1,,A_binary_miss
SS_4302ff019f60,SS,"{""available_independent_windows"": 272, ""duration"": 27, ""final_planned_checks"": 100, ""paper_sensor"": ""DHEXT"", ""requested_windows"": 100, ""sensor"": ""PHEXT""}",anomalia,Sensor Atascado,normal,normal,fail,True,0.5099758884759342,normal,False,False,False,False,0,1,,A_binary_miss
SS_81ce8dd60943,SS,"{""available_independent_windows"": 272, ""duration"": 27, ""final_planned_checks"": 100, ""paper_sensor"": ""DHEXT"", ""requested_windows"": 100, ""sensor"": ""PHEXT""}",anomalia,Sensor Atascado,normal,normal,fail,True,0.7662503407158965,normal,False,False,False,False,0,1,,A_binary_miss
SS_7715b27b2d0d,SS,"{""available_independent_windows"": 272, ""duration"": 27, ""final_planned_checks"": 100, ""paper_sensor"": ""DHEXT"", ""requested_windows"": 100, ""sensor"": ""PHEXT""}",anomalia,Sensor Atascado,normal,normal,fail,True,0.7395625827088791,normal,False,False,False,False,0,0,,A_binary_miss
SS_40a836bd4303,SS,"{""available_independent_windows"": 272, ""duration"": 27, ""final_planned_checks"": 100, ""paper_sensor"": ""DHEXT"", ""requested_windows"": 100, ""sensor"": ""PHEXT""}",anomalia,Sensor Atascado,normal,normal,fail,True,0.5924510656316772,normal,False,False,False,False,0,0,,A_binary_miss
SS_2860e1340dae,SS,"{""available_independent_windows"": 272, ""duration"": 27, ""final_planned_checks"": 100, ""paper_sensor"": ""DHEXT"", ""requested_windows"": 100, ""sensor"": ""PHEXT""}",anomalia,Sensor Atascado,normal,normal,fail,True,0.7327262961332518,normal,False,False,False,False,0,1,,A_binary_miss
SS_8e6858620816,SS,"{""available_independent_windows"": 272, ""duration"": 27, ""final_planned_checks"": 100, ""paper_sensor"": ""DHEXT"", ""requested_windows"": 100, ""sensor"": ""PHEXT""}",anomalia,Sensor Atascado,normal,normal,fail,True,0.6921474756534903,normal,False,False,False,False,0,1,,A_binary_miss
SS_21c47fc7465f,SS,"{""available_independent_windows"": 272, ""duration"": 27, ""final_planned_checks"": 100, ""paper_sensor"": ""DHEXT"", ""requested_windows"": 100, ""sensor"": ""PHEXT""}",anomalia,Sensor Atascado,normal,normal,fail,True,0.5335114778376178,normal,False,False,False,False,0,1,,A_binary_miss
SS_c3c306f13831,SS,"{""available_independent_windows"": 272, ""duration"": 27, ""final_planned_checks"": 100, ""paper_sensor"": ""DHEXT"", ""requested_windows"": 100, ""sensor"": ""PHEXT""}",anomalia,Sensor Atascado,normal,normal,fail,True,0.6334482202994128,normal,False,False,False,False,0,1,,A_binary_miss
SS_157b2becd997,SS,"{""available_independent_windows"": 272, ""duration"": 27, ""final_planned_checks"": 100, ""paper_sensor"": ""DHEXT"", ""requested_windows"": 100, ""sensor"": ""PHEXT""}",anomalia,Sensor Atascado,normal,normal,fail,True,0.759086862377363,normal,False,False,False,False,0,1,,A_binary_miss
SS_be7e56f33b43,SS,"{""available_independent_windows"": 272, ""duration"": 27, ""final_planned_checks"": 100, ""paper_sensor"": ""DHEXT"", ""requested_windows"": 100, ""sensor"": ""PHEXT""}",anomalia,Sensor Atascado,normal,normal,fail,True,0.377238406749363,normal,False,False,False,False,0,1,,A_binary_miss
SS_009002019a8b,SS,"{""available_independent_windows"": 272, ""duration"": 27, ""final_planned_checks"": 100, ""paper_sensor"": ""DHEXT"", ""requested_windows"": 100, ""sensor"": ""PHEXT""}",anomalia,Sensor Atascado,normal,normal,fail,True,0.4449184515125403,normal,False,False,False,False,0,1,,A_binary_miss
SS_d334e1af4aca,SS,"{""available_independent_windows"": 272, ""duration"": 27, ""final_planned_checks"": 100, ""paper_sensor"": ""DHEXT"", ""requested_windows"": 100, ""sensor"": ""PHEXT""}",anomalia,Sensor Atascado,normal,normal,fail,True,0.7131943045339142,normal,False,False,False,False,0,1,,A_binary_miss
SS_4aabfe3b970f,SS,"{""available_independent_windows"": 272, ""duration"": 27, ""final_planned_checks"": 100, ""paper_sensor"": ""DHEXT"", ""requested_windows"": 100, ""sensor"": ""PHEXT""}",anomalia,Sensor Atascado,normal,normal,fail,True,0.7937818885722454,normal,False,False,False,False,0,1,,A_binary_miss
SS_0a164fa0f395,SS,"{""available_independent_windows"": 159, ""duration"": 30, ""final_planned_checks"": 100, ""paper_sensor"": ""DHEXT"", ""requested_windows"": 100, ""sensor"": ""PHEXT""}",anomalia,Sensor Atascado,normal,normal,fail,True,0.3528310297635942,normal,False,False,False,False,0,1,,A_binary_miss
SS_817dd241c19a,SS,"{""available_independent_windows"": 159, ""duration"": 30, ""final_planned_checks"": 100, ""paper_sensor"": ""DHEXT"", ""requested_windows"": 100, ""sensor"": ""PHEXT""}",anomalia,Sensor Atascado,normal,normal,fail,True,0.777575482761972,normal,False,False,False,False,0,1,,A_binary_miss
SS_82a56f90cd5a,SS,"{""available_independent_windows"": 159, ""duration"": 30, ""final_planned_checks"": 100, ""paper_sensor"": ""DHEXT"", ""requested_windows"": 100, ""sensor"": ""PHEXT""}",anomalia,Sensor Atascado,normal,normal,fail,True,0.5693075075470166,normal,False,False,False,False,0,1,,A_binary_miss
SS_b7a1b891c7b8,SS,"{""available_independent_windows"": 159, ""duration"": 30, ""final_planned_checks"": 100, ""paper_sensor"": ""DHEXT"", ""requested_windows"": 100, ""sensor"": ""PHEXT""}",anomalia,Sensor Atascado,normal,normal,fail,True,0.7706841203667512,normal,False,False,False,False,0,1,,A_binary_miss
SS_d5bd5f2b66fb,SS,"{""available_independent_windows"": 159, ""duration"": 30, ""final_planned_checks"": 100, ""paper_sensor"": ""DHEXT"", ""requested_windows"": 100, ""sensor"": ""PHEXT""}",anomalia,Sensor Atascado,normal,normal,fail,True,0.7889234438661014,normal,False,False,False,False,0,1,,A_binary_miss
SS_3e6cd8248499,SS,"{""available_independent_windows"": 159, ""duration"": 30, ""final_planned_checks"": 100, ""paper_sensor"": ""DHEXT"", ""requested_windows"": 100, ""sensor"": ""PHEXT""}",anomalia,Sensor Atascado,normal,normal,fail,True,0.600123980796609,normal,False,False,False,False,0,0,,A_binary_miss
SS_6546946641a0,SS,"{""available_independent_windows"": 159, ""duration"": 30, ""final_planned_checks"": 100, ""paper_sensor"": ""DHEXT"", ""requested_windows"": 100, ""sensor"": ""PHEXT""}",anomalia,Sensor Atascado,normal,normal,fail,True,0.5881891015067756,normal,False,False,False,False,0,1,,A_binary_miss
SS_6881bf1293fc,SS,"{""available_independent_windows"": 159, ""duration"": 30, ""final_planned_checks"": 100, ""paper_sensor"": ""DHEXT"", ""requested_windows"": 100, ""sensor"": ""PHEXT""}",anomalia,Sensor Atascado,normal,normal,fail,True,0.6947897214234335,normal,False,False,False,False,0,1,,A_binary_miss
SS_886491e1b7ed,SS,"{""available_independent_windows"": 159, ""duration"": 30, ""final_planned_checks"": 100, ""paper_sensor"": ""DHEXT"", ""requested_windows"": 100, ""sensor"": ""PHEXT""}",anomalia,Sensor Atascado,normal,normal,fail,True,0.384826697671181,normal,False,False,False,False,0,1,,A_binary_miss
SS_42fb3e75f991,SS,"{""available_independent_windows"": 159, ""duration"": 30, ""final_planned_checks"": 100, ""paper_sensor"": ""DHEXT"", ""requested_windows"": 100, ""sensor"": ""PHEXT""}",anomalia,Sensor Atascado,normal,normal,fail,True,0.7984944525538759,normal,False,False,False,False,0,1,,A_binary_miss
SS_58852226136b,SS,"{""available_independent_windows"": 159, ""duration"": 30, ""final_planned_checks"": 100, ""paper_sensor"": ""DHEXT"", ""requested_windows"": 100, ""sensor"": ""PHEXT""}",anomalia,Sensor Atascado,normal,normal,fail,True,0.6564346932032092,normal,False,False,False,False,0,1,,A_binary_miss
SS_75bd6d6dc2e4,SS,"{""available_independent_windows"": 159, ""duration"": 30, ""final_planned_checks"": 100, ""paper_sensor"": ""DHEXT"", ""requested_windows"": 100, ""sensor"": ""PHEXT""}",anomalia,Sensor Atascado,normal,normal,fail,True,0.7415223969937632,normal,False,False,False,False,0,1,,A_binary_miss
SS_9f9d7230c376,SS,"{""available_independent_windows"": 159, ""duration"": 30, ""final_planned_checks"": 100, ""paper_sensor"": ""DHEXT"", ""requested_windows"": 100, ""sensor"": ""PHEXT""}",anomalia,Sensor Atascado,normal,normal,fail,True,0.6712973737351897,normal,False,False,False,False,0,1,,A_binary_miss
SS_aebc53dea1d7,SS,"{""available_independent_windows"": 159, ""duration"": 30, ""final_planned_checks"": 100, ""paper_sensor"": ""DHEXT"", ""requested_windows"": 100, ""sensor"": ""PHEXT""}",anomalia,Sensor Atascado,normal,normal,fail,True,0.7410189772547457,normal,False,False,False,False,0,1,,A_binary_miss
SS_794519ce23c9,SS,"{""available_independent_windows"": 159, ""duration"": 30, ""final_planned_checks"": 100, ""paper_sensor"": ""DHEXT"", ""requested_windows"": 100, ""sensor"": ""PHEXT""}",anomalia,Sensor Atascado,normal,normal,fail,True,0.410973365766316,normal,False,False,False,False,0,0,,A_binary_miss
SS_f0376cec7655,SS,"{""available_independent_windows"": 159, ""duration"": 30, ""final_planned_checks"": 100, ""paper_sensor"": ""DHEXT"", ""requested_windows"": 100, ""sensor"": ""PHEXT""}",anomalia,Sensor Atascado,normal,normal,fail,True,0.6843244276038549,normal,False,False,False,False,0,0,,A_binary_miss
SS_1f355a028fd2,SS,"{""available_independent_windows"": 159, ""duration"": 30, ""final_planned_checks"": 100, ""paper_sensor"": ""DHEXT"", ""requested_windows"": 100, ""sensor"": ""PHEXT""}",anomalia,Sensor Atascado,normal,normal,fail,True,0.698824494114731,normal,False,False,False,False,0,1,,A_binary_miss
SS_9e81ad7f6793,SS,"{""available_independent_windows"": 159, ""duration"": 30, ""final_planned_checks"": 100, ""paper_sensor"": ""DHEXT"", ""requested_windows"": 100, ""sensor"": ""PHEXT""}",anomalia,Sensor Atascado,normal,normal,fail,True,0.5370920309842419,normal,False,False,False,False,0,1,,A_binary_miss
SS_ab17987aa7de,SS,"{""available_independent_windows"": 159, ""duration"": 30, ""final_planned_checks"": 100, ""paper_sensor"": ""DHEXT"", ""requested_windows"": 100, ""sensor"": ""PHEXT""}",anomalia,Sensor Atascado,normal,normal,fail,True,0.7646042187426927,normal,False,False,False,False,0,1,,A_binary_miss
SS_05eeee378e20,SS,"{""available_independent_windows"": 159, ""duration"": 30, ""final_planned_checks"": 100, ""paper_sensor"": ""DHEXT"", ""requested_windows"": 100, ""sensor"": ""PHEXT""}",anomalia,Sensor Atascado,normal,normal,fail,True,0.6918836719943563,normal,False,False,False,False,0,0,,A_binary_miss
SS_0f9750a1a383,SS,"{""available_independent_windows"": 159, ""duration"": 30, ""final_planned_checks"": 100, ""paper_sensor"": ""DHEXT"", ""requested_windows"": 100, ""sensor"": ""PHEXT""}",anomalia,Sensor Atascado,normal,normal,fail,True,0.3476488235405446,normal,False,False,False,False,0,1,,A_binary_miss
SS_7aa892d858d4,SS,"{""available_independent_windows"": 159, ""duration"": 30, ""final_planned_checks"": 100, ""paper_sensor"": ""DHEXT"", ""requested_windows"": 100, ""sensor"": ""PHEXT""}",anomalia,Sensor Atascado,normal,normal,fail,True,0.4700937213012765,normal,False,False,False,False,0,1,,A_binary_miss
SS_25e575be6cc4,SS,"{""available_independent_windows"": 31, ""duration"": 40, ""final_planned_checks"": 31, ""paper_sensor"": ""DTEXT"", ""requested_windows"": 100, ""sensor"": ""PTEXT""}",anomalia,Sensor Atascado,normal,normal,fail,True,0.4870618446827203,normal,False,False,False,False,0,0,,A_binary_miss
SS_0f68363a1602,SS,"{""available_independent_windows"": 31, ""duration"": 40, ""final_planned_checks"": 31, ""paper_sensor"": ""DTEXT"", ""requested_windows"": 100, ""sensor"": ""PTEXT""}",anomalia,Sensor Atascado,normal,normal,fail,True,0.0006802063272982,normal,False,False,False,False,0,1,,A_binary_miss
SS_0dfb0f6d5f61,SS,"{""available_independent_windows"": 31, ""duration"": 40, ""final_planned_checks"": 31, ""paper_sensor"": ""DTEXT"", ""requested_windows"": 100, ""sensor"": ""PTEXT""}",anomalia,Sensor Atascado,normal,normal,fail,True,0.0013091486001739,normal,False,False,False,False,0,1,,A_binary_miss
SS_fbde3c7b9ae3,SS,"{""available_independent_windows"": 31, ""duration"": 40, ""final_planned_checks"": 31, ""paper_sensor"": ""DTEXT"", ""requested_windows"": 100, ""sensor"": ""PTEXT""}",anomalia,Sensor Atascado,normal,normal,fail,True,0.0017699616768413,normal,False,False,False,False,0,1,,A_binary_miss
SS_7dc065179d1f,SS,"{""available_independent_windows"": 31, ""duration"": 40, ""final_planned_checks"": 31, ""paper_sensor"": ""DTEXT"", ""requested_windows"": 100, ""sensor"": ""PTEXT""}",anomalia,Sensor Atascado,normal,normal,fail,True,0.499248250114067,normal,False,False,False,False,0,0,,A_binary_miss
SS_16e03804c108,SS,"{""available_independent_windows"": 31, ""duration"": 40, ""final_planned_checks"": 31, ""paper_sensor"": ""DTEXT"", ""requested_windows"": 100, ""sensor"": ""PTEXT""}",anomalia,Sensor Atascado,normal,normal,fail,True,0.0007258268857506,normal,False,False,False,False,0,1,,A_binary_miss
SS_317d68d7e31a,SS,"{""available_independent_windows"": 31, ""duration"": 40, ""final_planned_checks"": 31, ""paper_sensor"": ""DTEXT"", ""requested_windows"": 100, ""sensor"": ""PTEXT""}",anomalia,Sensor Atascado,normal,normal,fail,True,0.4660993641278074,normal,False,False,False,False,0,0,,A_binary_miss
SS_e76642e2b3bb,SS,"{""available_independent_windows"": 31, ""duration"": 40, ""final_planned_checks"": 31, ""paper_sensor"": ""DTEXT"", ""requested_windows"": 100, ""sensor"": ""PTEXT""}",anomalia,Sensor Atascado,normal,normal,fail,True,0.3762302752246425,normal,False,False,False,False,0,0,,A_binary_miss
SS_1a24848cc171,SS,"{""available_independent_windows"": 31, ""duration"": 40, ""final_planned_checks"": 31, ""paper_sensor"": ""DTEXT"", ""requested_windows"": 100, ""sensor"": ""PTEXT""}",anomalia,Sensor Atascado,normal,normal,fail,True,0.6692518452549588,normal,False,False,False,False,0,0,,A_binary_miss
SS_7b83abb46585,SS,"{""available_independent_windows"": 31, ""duration"": 40, ""final_planned_checks"": 31, ""paper_sensor"": ""DTEXT"", ""requested_windows"": 100, ""sensor"": ""PTEXT""}",anomalia,Sensor Atascado,normal,normal,fail,True,0.0013857851466714,normal,False,False,False,False,0,1,,A_binary_miss
SS_99158f93a60b,SS,"{""available_independent_windows"": 31, ""duration"": 40, ""final_planned_checks"": 31, ""paper_sensor"": ""DTEXT"", ""requested_windows"": 100, ""sensor"": ""PTEXT""}",anomalia,Sensor Atascado,normal,normal,fail,True,0.0006753910957317,normal,False,False,False,False,0,1,,A_binary_miss
SS_0611a4bc5cbd,SS,"{""available_independent_windows"": 31, ""duration"": 40, ""final_planned_checks"": 31, ""paper_sensor"": ""DTEXT"", ""requested_windows"": 100, ""sensor"": ""PTEXT""}",anomalia,Sensor Atascado,normal,normal,fail,True,0.719957696765501,normal,False,False,False,False,0,0,,A_binary_miss
SS_5de3ccddb983,SS,"{""available_independent_windows"": 31, ""duration"": 40, ""final_planned_checks"": 31, ""paper_sensor"": ""DTEXT"", ""requested_windows"": 100, ""sensor"": ""PTEXT""}",anomalia,Sensor Atascado,normal,normal,fail,True,0.306700803820948,normal,False,False,False,False,0,0,,A_binary_miss
SS_d2a86ea4b0c4,SS,"{""available_independent_windows"": 31, ""duration"": 40, ""final_planned_checks"": 31, ""paper_sensor"": ""DTEXT"", ""requested_windows"": 100, ""sensor"": ""PTEXT""}",anomalia,Sensor Atascado,normal,normal,fail,True,0.4610253189147885,normal,False,False,False,False,0,0,,A_binary_miss
SS_30727274ab93,SS,"{""available_independent_windows"": 31, ""duration"": 40, ""final_planned_checks"": 31, ""paper_sensor"": ""DTEXT"", ""requested_windows"": 100, ""sensor"": ""PTEXT""}",anomalia,Sensor Atascado,normal,normal,fail,True,0.000985365973084,normal,False,False,False,False,0,1,,A_binary_miss
SS_58d00fe7b086,SS,"{""available_independent_windows"": 31, ""duration"": 40, ""final_planned_checks"": 31, ""paper_sensor"": ""DTEXT"", ""requested_windows"": 100, ""sensor"": ""PTEXT""}",anomalia,Sensor Atascado,normal,normal,fail,True,0.001613184653188,normal,False,False,False,False,0,0,,A_binary_miss
SS_990bd9fd576d,SS,"{""available_independent_windows"": 31, ""duration"": 40, ""final_planned_checks"": 31, ""paper_sensor"": ""DTEXT"", ""requested_windows"": 100, ""sensor"": ""PTEXT""}",anomalia,Sensor Atascado,normal,normal,fail,True,0.0016055343725243,normal,False,False,False,False,0,1,,A_binary_miss
SS_6ddb746f2781,SS,"{""available_independent_windows"": 31, ""duration"": 40, ""final_planned_checks"": 31, ""paper_sensor"": ""DTEXT"", ""requested_windows"": 100, ""sensor"": ""PTEXT""}",anomalia,Sensor Atascado,normal,normal,fail,True,0.0007756886437513,normal,False,False,False,False,0,1,,A_binary_miss
SS_bb82c757fa69,SS,"{""available_independent_windows"": 31, ""duration"": 40, ""final_planned_checks"": 31, ""paper_sensor"": ""DTEXT"", ""requested_windows"": 100, ""sensor"": ""PTEXT""}",anomalia,Sensor Atascado,normal,normal,fail,True,0.0006174726221328,normal,False,False,False,False,0,1,,A_binary_miss
SS_9d616bcba716,SS,"{""available_independent_windows"": 31, ""duration"": 40, ""final_planned_checks"": 31, ""paper_sensor"": ""DTEXT"", ""requested_windows"": 100, ""sensor"": ""PTEXT""}",anomalia,Sensor Atascado,normal,normal,fail,True,0.4989121976512858,normal,False,False,False,False,0,0,,A_binary_miss
SS_615a33aaf2e4,SS,"{""available_independent_windows"": 9, ""duration"": 45, ""final_planned_checks"": 9, ""paper_sensor"": ""DTEXT"", ""requested_windows"": 100, ""sensor"": ""PTEXT""}",anomalia,Sensor Atascado,normal,normal,fail,False,0.0010374794609524,normal,False,False,False,False,0,1,,A_binary_miss
SS_8183fde2c56e,SS,"{""available_independent_windows"": 9, ""duration"": 45, ""final_planned_checks"": 9, ""paper_sensor"": ""DTEXT"", ""requested_windows"": 100, ""sensor"": ""PTEXT""}",anomalia,Sensor Atascado,normal,normal,fail,False,0.6091740289361258,normal,False,False,False,False,0,0,,A_binary_miss
SS_920a5159b60d,SS,"{""available_independent_windows"": 9, ""duration"": 45, ""final_planned_checks"": 9, ""paper_sensor"": ""DTEXT"", ""requested_windows"": 100, ""sensor"": ""PTEXT""}",anomalia,Sensor Atascado,normal,normal,fail,False,0.016479194431433,normal,False,False,False,False,0,1,,A_binary_miss
SS_d49439198e98,SS,"{""available_independent_windows"": 9, ""duration"": 45, ""final_planned_checks"": 9, ""paper_sensor"": ""DTEXT"", ""requested_windows"": 100, ""sensor"": ""PTEXT""}",anomalia,Sensor Atascado,normal,normal,fail,False,0.3472981476094126,normal,False,False,False,False,0,0,,A_binary_miss
SS_bc688eb537c8,SS,"{""available_independent_windows"": 9, ""duration"": 45, ""final_planned_checks"": 9, ""paper_sensor"": ""DTEXT"", ""requested_windows"": 100, ""sensor"": ""PTEXT""}",anomalia,Sensor Atascado,normal,normal,fail,False,0.0010561642395485,normal,False,False,False,False,0,1,,A_binary_miss
SS_db4d39a027b8,SS,"{""available_independent_windows"": 9, ""duration"": 45, ""final_planned_checks"": 9, ""paper_sensor"": ""DTEXT"", ""requested_windows"": 100, ""sensor"": ""PTEXT""}",anomalia,Sensor Atascado,normal,normal,fail,False,0.0005620296476062,normal,False,False,False,False,0,1,,A_binary_miss
SS_04404d57ba40,SS,"{""available_independent_windows"": 9, ""duration"": 45, ""final_planned_checks"": 9, ""paper_sensor"": ""DTEXT"", ""requested_windows"": 100, ""sensor"": ""PTEXT""}",anomalia,Sensor Atascado,normal,normal,fail,False,0.0017501868480564,normal,False,False,False,False,0,0,,A_binary_miss
SS_b063386da05c,SS,"{""available_independent_windows"": 6, ""duration"": 50, ""final_planned_checks"": 6, ""paper_sensor"": ""DTEXT"", ""requested_windows"": 100, ""sensor"": ""PTEXT""}",anomalia,Sensor Atascado,normal,normal,fail,False,0.0013555805402157,normal,False,False,False,False,0,1,,A_binary_miss
SS_fcaf7cba2ec1,SS,"{""available_independent_windows"": 6, ""duration"": 50, ""final_planned_checks"": 6, ""paper_sensor"": ""DTEXT"", ""requested_windows"": 100, ""sensor"": ""PTEXT""}",anomalia,Sensor Atascado,normal,normal,fail,False,0.0045741926984668,normal,False,False,False,False,0,0,,A_binary_miss
SS_61a04f80c8cb,SS,"{""available_independent_windows"": 6, ""duration"": 50, ""final_planned_checks"": 6, ""paper_sensor"": ""DTEXT"", ""requested_windows"": 100, ""sensor"": ""PTEXT""}",anomalia,Sensor Atascado,normal,normal,fail,False,0.4470928361955133,normal,False,False,False,False,0,0,,A_binary_miss
SS_d16747f3aaaa,SS,"{""available_independent_windows"": 6, ""duration"": 50, ""final_planned_checks"": 6, ""paper_sensor"": ""DTEXT"", ""requested_windows"": 100, ""sensor"": ""PTEXT""}",anomalia,Sensor Atascado,normal,normal,fail,False,0.4605606109422878,normal,False,False,False,False,0,0,,A_binary_miss
SS_f81f562bc972,SS,"{""available_independent_windows"": 2, ""duration"": 55, ""final_planned_checks"": 2, ""paper_sensor"": ""DTEXT"", ""requested_windows"": 100, ""sensor"": ""PTEXT""}",anomalia,Sensor Atascado,normal,normal,fail,False,0.701639631421804,normal,False,False,False,False,0,0,,A_binary_miss
SS_2d15cd0bf31b,SS,"{""available_independent_windows"": 1, ""duration"": 60, ""final_planned_checks"": 1, ""paper_sensor"": ""DTEXT"", ""requested_windows"": 100, ""sensor"": ""PTEXT""}",anomalia,Sensor Atascado,normal,normal,fail,False,0.7141505406457074,normal,False,False,False,False,0,0,,A_binary_miss
SS_b763355867e7,SS,"{""available_independent_windows"": 802, ""duration"": 20, ""final_planned_checks"": 100, ""paper_sensor"": ""DVEXT"", ""requested_windows"": 100, ""sensor"": ""PVV""}",anomalia,Sensor Atascado,normal,normal,fail,True,0.105563740102017,normal,False,False,False,False,0,1,,A_binary_miss
SS_b454da438964,SS,"{""available_independent_windows"": 802, ""duration"": 20, ""final_planned_checks"": 100, ""paper_sensor"": ""DVEXT"", ""requested_windows"": 100, ""sensor"": ""PVV""}",anomalia,Sensor Atascado,normal,normal,fail,True,0.7221951492289453,normal,False,False,False,False,0,1,,A_binary_miss
SS_975fc7ff2079,SS,"{""available_independent_windows"": 802, ""duration"": 20, ""final_planned_checks"": 100, ""paper_sensor"": ""DVEXT"", ""requested_windows"": 100, ""sensor"": ""PVV""}",anomalia,Sensor Atascado,normal,normal,fail,True,0.2646250044763278,normal,False,False,False,False,0,0,,A_binary_miss
SS_b8f9c32abc80,SS,"{""available_independent_windows"": 802, ""duration"": 20, ""final_planned_checks"": 100, ""paper_sensor"": ""DVEXT"", ""requested_windows"": 100, ""sensor"": ""PVV""}",anomalia,Sensor Atascado,normal,normal,fail,True,0.435365282648563,normal,False,False,False,False,0,0,,A_binary_miss
SS_94001ff53be0,SS,"{""available_independent_windows"": 802, ""duration"": 20, ""final_planned_checks"": 100, ""paper_sensor"": ""DVEXT"", ""requested_windows"": 100, ""sensor"": ""PVV""}",anomalia,Sensor Atascado,normal,normal,fail,True,0.2181483437583984,normal,False,False,False,False,0,1,,A_binary_miss
SS_547c1137e4d4,SS,"{""available_independent_windows"": 802, ""duration"": 20, ""final_planned_checks"": 100, ""paper_sensor"": ""DVEXT"", ""requested_windows"": 100, ""sensor"": ""PVV""}",anomalia,Sensor Atascado,normal,normal,fail,True,0.5520338029247362,normal,False,False,False,False,0,0,,A_binary_miss
SS_bdf6756e27c6,SS,"{""available_independent_windows"": 802, ""duration"": 20, ""final_planned_checks"": 100, ""paper_sensor"": ""DVEXT"", ""requested_windows"": 100, ""sensor"": ""PVV""}",anomalia,Sensor Atascado,normal,normal,fail,True,0.3630027526370775,normal,False,False,False,False,0,0,,A_binary_miss
SS_c6ed36881ee9,SS,"{""available_independent_windows"": 802, ""duration"": 20, ""final_planned_checks"": 100, ""paper_sensor"": ""DVEXT"", ""requested_windows"": 100, ""sensor"": ""PVV""}",anomalia,Sensor Atascado,normal,normal,fail,True,0.6824280620526588,normal,False,False,False,False,0,0,,A_binary_miss
SS_800c35e2e370,SS,"{""available_independent_windows"": 802, ""duration"": 20, ""final_planned_checks"": 100, ""paper_sensor"": ""DVEXT"", ""requested_windows"": 100, ""sensor"": ""PVV""}",anomalia,Sensor Atascado,normal,normal,fail,True,0.2763984774086906,normal,False,False,False,False,0,1,,A_binary_miss
SS_78ee3225a004,SS,"{""available_independent_windows"": 802, ""duration"": 20, ""final_planned_checks"": 100, ""paper_sensor"": ""DVEXT"", ""requested_windows"": 100, ""sensor"": ""PVV""}",anomalia,Sensor Atascado,normal,normal,fail,True,0.6836563930436527,normal,False,False,False,False,0,1,,A_binary_miss
SS_43932ced9bc5,SS,"{""available_independent_windows"": 802, ""duration"": 20, ""final_planned_checks"": 100, ""paper_sensor"": ""DVEXT"", ""requested_windows"": 100, ""sensor"": ""PVV""}",anomalia,Sensor Atascado,normal,normal,fail,True,0.7666302904733674,normal,False,False,False,False,0,0,,A_binary_miss
SS_8df5344fbe38,SS,"{""available_independent_windows"": 802, ""duration"": 20, ""final_planned_checks"": 100, ""paper_sensor"": ""DVEXT"", ""requested_windows"": 100, ""sensor"": ""PVV""}",anomalia,Sensor Atascado,normal,normal,fail,True,0.3234279911158741,normal,False,False,False,False,0,1,,A_binary_miss
SS_23a2cb5efc9a,SS,"{""available_independent_windows"": 802, ""duration"": 20, ""final_planned_checks"": 100, ""paper_sensor"": ""DVEXT"", ""requested_windows"": 100, ""sensor"": ""PVV""}",anomalia,Sensor Atascado,normal,normal,fail,True,0.6014959001219903,normal,False,False,False,False,0,0,,A_binary_miss
SS_9f3ef79a4229,SS,"{""available_independent_windows"": 802, ""duration"": 20, ""final_planned_checks"": 100, ""paper_sensor"": ""DVEXT"", ""requested_windows"": 100, ""sensor"": ""PVV""}",anomalia,Sensor Atascado,normal,normal,fail,True,0.7710796665707815,normal,False,False,False,False,0,0,,A_binary_miss
SS_2661eb11a7a4,SS,"{""available_independent_windows"": 802, ""duration"": 20, ""final_planned_checks"": 100, ""paper_sensor"": ""DVEXT"", ""requested_windows"": 100, ""sensor"": ""PVV""}",anomalia,Sensor Atascado,normal,normal,fail,True,0.3766918909312989,normal,False,False,False,False,0,1,,A_binary_miss
SS_221bcbc4a43d,SS,"{""available_independent_windows"": 802, ""duration"": 20, ""final_planned_checks"": 100, ""paper_sensor"": ""DVEXT"", ""requested_windows"": 100, ""sensor"": ""PVV""}",anomalia,Sensor Atascado,normal,normal,fail,True,0.1596742127597316,normal,False,False,False,False,0,1,,A_binary_miss
SS_a1b910ab896a,SS,"{""available_independent_windows"": 802, ""duration"": 20, ""final_planned_checks"": 100, ""paper_sensor"": ""DVEXT"", ""requested_windows"": 100, ""sensor"": ""PVV""}",anomalia,Sensor Atascado,normal,normal,fail,True,0.3304667334970245,normal,False,False,False,False,0,0,,A_binary_miss
SS_fce69632b165,SS,"{""available_independent_windows"": 802, ""duration"": 20, ""final_planned_checks"": 100, ""paper_sensor"": ""DVEXT"", ""requested_windows"": 100, ""sensor"": ""PVV""}",anomalia,Sensor Atascado,normal,normal,fail,True,0.4783959198465411,normal,False,False,False,False,0,0,,A_binary_miss
SS_1d68e2a31b1a,SS,"{""available_independent_windows"": 802, ""duration"": 20, ""final_planned_checks"": 100, ""paper_sensor"": ""DVEXT"", ""requested_windows"": 100, ""sensor"": ""PVV""}",anomalia,Sensor Atascado,normal,normal,fail,True,0.6894395404815293,normal,False,False,False,False,0,0,,A_binary_miss
SS_7f4190377a8b,SS,"{""available_independent_windows"": 802, ""duration"": 20, ""final_planned_checks"": 100, ""paper_sensor"": ""DVEXT"", ""requested_windows"": 100, ""sensor"": ""PVV""}",anomalia,Sensor Atascado,normal,normal,fail,True,0.2425699952467906,normal,False,False,False,False,0,1,,A_binary_miss
SS_6e40264fcafc,SS,"{""available_independent_windows"": 802, ""duration"": 20, ""final_planned_checks"": 100, ""paper_sensor"": ""DVEXT"", ""requested_windows"": 100, ""sensor"": ""PVV""}",anomalia,Sensor Atascado,normal,normal,fail,True,0.3374613396585914,normal,False,False,False,False,0,1,,A_binary_miss
SS_8142ca65d23b,SS,"{""available_independent_windows"": 802, ""duration"": 20, ""final_planned_checks"": 100, ""paper_sensor"": ""DVEXT"", ""requested_windows"": 100, ""sensor"": ""PVV""}",anomalia,Sensor Atascado,normal,normal,fail,True,0.2615273410641394,normal,False,False,False,False,0,1,,A_binary_miss
SS_7770b0cb98fd,SS,"{""available_independent_windows"": 802, ""duration"": 20, ""final_planned_checks"": 100, ""paper_sensor"": ""DVEXT"", ""requested_windows"": 100, ""sensor"": ""PVV""}",anomalia,Sensor Atascado,normal,normal,fail,True,0.3432684777816245,normal,False,False,False,False,0,1,,A_binary_miss
SS_6595409a9880,SS,"{""available_independent_windows"": 802, ""duration"": 20, ""final_planned_checks"": 100, ""paper_sensor"": ""DVEXT"", ""requested_windows"": 100, ""sensor"": ""PVV""}",anomalia,Sensor Atascado,normal,normal,fail,True,0.7933978259300892,normal,False,False,False,False,0,0,,A_binary_miss
SS_02222b5c843d,SS,"{""available_independent_windows"": 802, ""duration"": 20, ""final_planned_checks"": 100, ""paper_sensor"": ""DVEXT"", ""requested_windows"": 100, ""sensor"": ""PVV""}",anomalia,Sensor Atascado,normal,normal,fail,True,0.6367633252183251,normal,False,False,False,False,0,1,,A_binary_miss
SS_ecaf8ea89231,SS,"{""available_independent_windows"": 802, ""duration"": 20, ""final_planned_checks"": 100, ""paper_sensor"": ""DVEXT"", ""requested_windows"": 100, ""sensor"": ""PVV""}",anomalia,Sensor Atascado,normal,normal,fail,True,0.7980790792587704,normal,False,False,False,False,0,1,,A_binary_miss
SS_a36ee87dddec,SS,"{""available_independent_windows"": 802, ""duration"": 20, ""final_planned_checks"": 100, ""paper_sensor"": ""DVEXT"", ""requested_windows"": 100, ""sensor"": ""PVV""}",anomalia,Sensor Atascado,normal,normal,fail,True,0.5034229231340187,normal,False,False,False,False,0,1,,A_binary_miss
SS_518a8b7b09e8,SS,"{""available_independent_windows"": 802, ""duration"": 20, ""final_planned_checks"": 100, ""paper_sensor"": ""DVEXT"", ""requested_windows"": 100, ""sensor"": ""PVV""}",anomalia,Sensor Atascado,normal,normal,fail,True,0.3606464914636441,normal,False,False,False,False,0,0,,A_binary_miss
SS_3a55c33e837b,SS,"{""available_independent_windows"": 802, ""duration"": 20, ""final_planned_checks"": 100, ""paper_sensor"": ""DVEXT"", ""requested_windows"": 100, ""sensor"": ""PVV""}",anomalia,Sensor Atascado,normal,normal,fail,True,0.6832034643168601,normal,False,False,False,False,0,0,,A_binary_miss
SS_513ddbbbc032,SS,"{""available_independent_windows"": 802, ""duration"": 20, ""final_planned_checks"": 100, ""paper_sensor"": ""DVEXT"", ""requested_windows"": 100, ""sensor"": ""PVV""}",anomalia,Sensor Atascado,normal,normal,fail,True,0.1513583602191686,normal,False,False,False,False,0,1,,A_binary_miss
SS_3bb166e049bd,SS,"{""available_independent_windows"": 802, ""duration"": 20, ""final_planned_checks"": 100, ""paper_sensor"": ""DVEXT"", ""requested_windows"": 100, ""sensor"": ""PVV""}",anomalia,Sensor Atascado,normal,normal,fail,True,0.7655834677982489,normal,False,False,False,False,0,1,,A_binary_miss
SS_c43395a1db51,SS,"{""available_independent_windows"": 802, ""duration"": 20, ""final_planned_checks"": 100, ""paper_sensor"": ""DVEXT"", ""requested_windows"": 100, ""sensor"": ""PVV""}",anomalia,Sensor Atascado,normal,normal,fail,True,0.7135740325770614,normal,False,False,False,False,0,0,,A_binary_miss
SS_4aa93694e81b,SS,"{""available_independent_windows"": 802, ""duration"": 20, ""final_planned_checks"": 100, ""paper_sensor"": ""DVEXT"", ""requested_windows"": 100, ""sensor"": ""PVV""}",anomalia,Sensor Atascado,normal,normal,fail,True,0.3920369795309434,normal,False,False,False,False,0,0,,A_binary_miss
SS_555d6c5fed55,SS,"{""available_independent_windows"": 802, ""duration"": 20, ""final_planned_checks"": 100, ""paper_sensor"": ""DVEXT"", ""requested_windows"": 100, ""sensor"": ""PVV""}",anomalia,Sensor Atascado,normal,normal,fail,True,0.2013085815981716,normal,False,False,False,False,0,1,,A_binary_miss
SS_fb19a0c7abfa,SS,"{""available_independent_windows"": 802, ""duration"": 20, ""final_planned_checks"": 100, ""paper_sensor"": ""DVEXT"", ""requested_windows"": 100, ""sensor"": ""PVV""}",anomalia,Sensor Atascado,normal,normal,fail,True,0.2381599826875622,normal,False,False,False,False,0,0,,A_binary_miss
SS_be5091b0e1ca,SS,"{""available_independent_windows"": 802, ""duration"": 20, ""final_planned_checks"": 100, ""paper_sensor"": ""DVEXT"", ""requested_windows"": 100, ""sensor"": ""PVV""}",anomalia,Sensor Atascado,normal,normal,fail,True,0.1413763566537385,normal,False,False,False,False,0,1,,A_binary_miss
SS_5bc756a1cc87,SS,"{""available_independent_windows"": 802, ""duration"": 20, ""final_planned_checks"": 100, ""paper_sensor"": ""DVEXT"", ""requested_windows"": 100, ""sensor"": ""PVV""}",anomalia,Sensor Atascado,normal,normal,fail,True,0.6767738901496538,normal,False,False,False,False,0,0,,A_binary_miss
SS_a8429200fca3,SS,"{""available_independent_windows"": 802, ""duration"": 20, ""final_planned_checks"": 100, ""paper_sensor"": ""DVEXT"", ""requested_windows"": 100, ""sensor"": ""PVV""}",anomalia,Sensor Atascado,normal,normal,fail,True,0.5673817127139801,normal,False,False,False,False,0,0,,A_binary_miss
SS_1b3e07628bf6,SS,"{""available_independent_windows"": 159, ""duration"": 30, ""final_planned_checks"": 100, ""paper_sensor"": ""DVEXT"", ""requested_windows"": 100, ""sensor"": ""PVV""}",anomalia,Sensor Atascado,normal,normal,fail,True,0.2657043117261332,normal,False,False,False,False,0,1,,A_binary_miss
SS_e83c13dfeb76,SS,"{""available_independent_windows"": 159, ""duration"": 30, ""final_planned_checks"": 100, ""paper_sensor"": ""DVEXT"", ""requested_windows"": 100, ""sensor"": ""PVV""}",anomalia,Sensor Atascado,normal,normal,fail,True,0.1780662180967327,normal,False,False,False,False,0,1,,A_binary_miss
SS_e778548ac9f8,SS,"{""available_independent_windows"": 159, ""duration"": 30, ""final_planned_checks"": 100, ""paper_sensor"": ""DVEXT"", ""requested_windows"": 100, ""sensor"": ""PVV""}",anomalia,Sensor Atascado,normal,normal,fail,True,0.631186311755735,normal,False,False,False,False,0,1,,A_binary_miss
SS_5473d7156e96,SS,"{""available_independent_windows"": 159, ""duration"": 30, ""final_planned_checks"": 100, ""paper_sensor"": ""DVEXT"", ""requested_windows"": 100, ""sensor"": ""PVV""}",anomalia,Sensor Atascado,normal,normal,fail,True,0.2684874231267872,normal,False,False,False,False,0,1,,A_binary_miss
SS_1d26662ff39b,SS,"{""available_independent_windows"": 159, ""duration"": 30, ""final_planned_checks"": 100, ""paper_sensor"": ""DVEXT"", ""requested_windows"": 100, ""sensor"": ""PVV""}",anomalia,Sensor Atascado,normal,normal,fail,True,0.3678169390754652,normal,False,False,False,False,0,1,,A_binary_miss
SS_e6e04c1d729d,SS,"{""available_independent_windows"": 159, ""duration"": 30, ""final_planned_checks"": 100, ""paper_sensor"": ""DVEXT"", ""requested_windows"": 100, ""sensor"": ""PVV""}",anomalia,Sensor Atascado,normal,normal,fail,True,0.5026720709204333,normal,False,False,False,False,0,0,,A_binary_miss
SS_208bc73c4300,SS,"{""available_independent_windows"": 159, ""duration"": 30, ""final_planned_checks"": 100, ""paper_sensor"": ""DVEXT"", ""requested_windows"": 100, ""sensor"": ""PVV""}",anomalia,Sensor Atascado,normal,normal,fail,True,0.7888491291572712,normal,False,False,False,False,0,0,,A_binary_miss
SS_48dc909aa52b,SS,"{""available_independent_windows"": 159, ""duration"": 30, ""final_planned_checks"": 100, ""paper_sensor"": ""DVEXT"", ""requested_windows"": 100, ""sensor"": ""PVV""}",anomalia,Sensor Atascado,normal,normal,fail,True,0.7712891711036028,normal,False,False,False,False,0,0,,A_binary_miss
SS_3a867d00e653,SS,"{""available_independent_windows"": 159, ""duration"": 30, ""final_planned_checks"": 100, ""paper_sensor"": ""DVEXT"", ""requested_windows"": 100, ""sensor"": ""PVV""}",anomalia,Sensor Atascado,normal,normal,fail,True,0.4936479058685629,normal,False,False,False,False,0,0,,A_binary_miss
SS_530fb39e8e03,SS,"{""available_independent_windows"": 159, ""duration"": 30, ""final_planned_checks"": 100, ""paper_sensor"": ""DVEXT"", ""requested_windows"": 100, ""sensor"": ""PVV""}",anomalia,Sensor Atascado,normal,normal,fail,True,0.3508131135049658,normal,False,False,False,False,0,1,,A_binary_miss
SS_0c4b35253036,SS,"{""available_independent_windows"": 159, ""duration"": 30, ""final_planned_checks"": 100, ""paper_sensor"": ""DVEXT"", ""requested_windows"": 100, ""sensor"": ""PVV""}",anomalia,Sensor Atascado,normal,normal,fail,True,0.728277742783177,normal,False,False,False,False,0,0,,A_binary_miss
SS_1b750aac1c3b,SS,"{""available_independent_windows"": 159, ""duration"": 30, ""final_planned_checks"": 100, ""paper_sensor"": ""DVEXT"", ""requested_windows"": 100, ""sensor"": ""PVV""}",anomalia,Sensor Atascado,normal,normal,fail,True,0.2768363333264918,normal,False,False,False,False,0,1,,A_binary_miss
SS_f995761a9d49,SS,"{""available_independent_windows"": 159, ""duration"": 30, ""final_planned_checks"": 100, ""paper_sensor"": ""DVEXT"", ""requested_windows"": 100, ""sensor"": ""PVV""}",anomalia,Sensor Atascado,normal,normal,fail,True,0.6975867108401934,normal,False,False,False,False,0,0,,A_binary_miss
SS_1ff69e5e1a14,SS,"{""available_independent_windows"": 159, ""duration"": 30, ""final_planned_checks"": 100, ""paper_sensor"": ""DVEXT"", ""requested_windows"": 100, ""sensor"": ""PVV""}",anomalia,Sensor Atascado,normal,normal,fail,True,0.1393056389822495,normal,False,False,False,False,0,1,,A_binary_miss
SS_69b7679924cd,SS,"{""available_independent_windows"": 159, ""duration"": 30, ""final_planned_checks"": 100, ""paper_sensor"": ""DVEXT"", ""requested_windows"": 100, ""sensor"": ""PVV""}",anomalia,Sensor Atascado,normal,normal,fail,True,0.4340458039115771,normal,False,False,False,False,0,0,,A_binary_miss
SS_d30e5c4758f0,SS,"{""available_independent_windows"": 159, ""duration"": 30, ""final_planned_checks"": 100, ""paper_sensor"": ""DVEXT"", ""requested_windows"": 100, ""sensor"": ""PVV""}",anomalia,Sensor Atascado,normal,normal,fail,True,0.1569137343781832,normal,False,False,False,False,0,1,,A_binary_miss
SS_ee9824d1c4b4,SS,"{""available_independent_windows"": 159, ""duration"": 30, ""final_planned_checks"": 100, ""paper_sensor"": ""DVEXT"", ""requested_windows"": 100, ""sensor"": ""PVV""}",anomalia,Sensor Atascado,normal,normal,fail,True,0.4999045843351968,normal,False,False,False,False,0,0,,A_binary_miss
SS_75e39eb26fef,SS,"{""available_independent_windows"": 159, ""duration"": 30, ""final_planned_checks"": 100, ""paper_sensor"": ""DVEXT"", ""requested_windows"": 100, ""sensor"": ""PVV""}",anomalia,Sensor Atascado,normal,normal,fail,True,0.3693088682462299,normal,False,False,False,False,0,1,,A_binary_miss
SS_48aa88ae7ffd,SS,"{""available_independent_windows"": 159, ""duration"": 30, ""final_planned_checks"": 100, ""paper_sensor"": ""DVEXT"", ""requested_windows"": 100, ""sensor"": ""PVV""}",anomalia,Sensor Atascado,normal,normal,fail,True,0.1306171595594703,normal,False,False,False,False,0,1,,A_binary_miss
SS_72c9073fa5d5,SS,"{""available_independent_windows"": 159, ""duration"": 30, ""final_planned_checks"": 100, ""paper_sensor"": ""DVEXT"", ""requested_windows"": 100, ""sensor"": ""PVV""}",anomalia,Sensor Atascado,normal,normal,fail,True,0.2200185038297757,normal,False,False,False,False,0,1,,A_binary_miss
SS_d7644b4a8076,SS,"{""available_independent_windows"": 159, ""duration"": 30, ""final_planned_checks"": 100, ""paper_sensor"": ""DVEXT"", ""requested_windows"": 100, ""sensor"": ""PVV""}",anomalia,Sensor Atascado,normal,normal,fail,True,0.6796655335754459,normal,False,False,False,False,0,1,,A_binary_miss
SS_fbcb1437535d,SS,"{""available_independent_windows"": 159, ""duration"": 30, ""final_planned_checks"": 100, ""paper_sensor"": ""DVEXT"", ""requested_windows"": 100, ""sensor"": ""PVV""}",anomalia,Sensor Atascado,normal,normal,fail,True,0.6496358742995297,normal,False,False,False,False,0,1,,A_binary_miss
SS_1eb182c2e9a7,SS,"{""available_independent_windows"": 159, ""duration"": 30, ""final_planned_checks"": 100, ""paper_sensor"": ""DVEXT"", ""requested_windows"": 100, ""sensor"": ""PVV""}",anomalia,Sensor Atascado,normal,normal,fail,True,0.078606882811741,normal,False,False,False,False,0,1,,A_binary_miss
SS_1563ed36710a,SS,"{""available_independent_windows"": 159, ""duration"": 30, ""final_planned_checks"": 100, ""paper_sensor"": ""DVEXT"", ""requested_windows"": 100, ""sensor"": ""PVV""}",anomalia,Sensor Atascado,normal,normal,fail,True,0.2789541226994083,normal,False,False,False,False,0,1,,A_binary_miss
SS_068ba32ff6b6,SS,"{""available_independent_windows"": 159, ""duration"": 30, ""final_planned_checks"": 100, ""paper_sensor"": ""DVEXT"", ""requested_windows"": 100, ""sensor"": ""PVV""}",anomalia,Sensor Atascado,normal,normal,fail,True,0.5602791491548051,normal,False,False,False,False,0,1,,A_binary_miss
SS_51916a48e332,SS,"{""available_independent_windows"": 159, ""duration"": 30, ""final_planned_checks"": 100, ""paper_sensor"": ""DVEXT"", ""requested_windows"": 100, ""sensor"": ""PVV""}",anomalia,Sensor Atascado,normal,normal,fail,True,0.393081051485365,normal,False,False,False,False,0,1,,A_binary_miss
SS_23160900ab28,SS,"{""available_independent_windows"": 159, ""duration"": 30, ""final_planned_checks"": 100, ""paper_sensor"": ""DVEXT"", ""requested_windows"": 100, ""sensor"": ""PVV""}",anomalia,Sensor Atascado,normal,normal,fail,True,0.7855525828708335,normal,False,False,False,False,0,0,,A_binary_miss
SS_01e77f372b12,SS,"{""available_independent_windows"": 159, ""duration"": 30, ""final_planned_checks"": 100, ""paper_sensor"": ""DVEXT"", ""requested_windows"": 100, ""sensor"": ""PVV""}",anomalia,Sensor Atascado,normal,normal,fail,True,0.7403281426580031,normal,False,False,False,False,0,0,,A_binary_miss
SS_b78e3b2c5b7b,SS,"{""available_independent_windows"": 159, ""duration"": 30, ""final_planned_checks"": 100, ""paper_sensor"": ""DVEXT"", ""requested_windows"": 100, ""sensor"": ""PVV""}",anomalia,Sensor Atascado,normal,normal,fail,True,0.6684616953746695,normal,False,False,False,False,0,1,,A_binary_miss
SS_00ea2869975c,SS,"{""available_independent_windows"": 159, ""duration"": 30, ""final_planned_checks"": 100, ""paper_sensor"": ""DVEXT"", ""requested_windows"": 100, ""sensor"": ""PVV""}",anomalia,Sensor Atascado,normal,normal,fail,True,0.7880329849404036,normal,False,False,False,False,0,1,,A_binary_miss
SS_13e1f6baa497,SS,"{""available_independent_windows"": 159, ""duration"": 30, ""final_planned_checks"": 100, ""paper_sensor"": ""DVEXT"", ""requested_windows"": 100, ""sensor"": ""PVV""}",anomalia,Sensor Atascado,normal,normal,fail,True,0.4974306258569598,normal,False,False,False,False,0,0,,A_binary_miss
SS_23934e706f61,SS,"{""available_independent_windows"": 159, ""duration"": 30, ""final_planned_checks"": 100, ""paper_sensor"": ""DVEXT"", ""requested_windows"": 100, ""sensor"": ""PVV""}",anomalia,Sensor Atascado,normal,normal,fail,True,0.7136693975870937,normal,False,False,False,False,0,1,,A_binary_miss
SS_dab8a6916474,SS,"{""available_independent_windows"": 159, ""duration"": 30, ""final_planned_checks"": 100, ""paper_sensor"": ""DVEXT"", ""requested_windows"": 100, ""sensor"": ""PVV""}",anomalia,Sensor Atascado,normal,normal,fail,True,0.7026724245735473,normal,False,False,False,False,0,0,,A_binary_miss
SS_7e8f69a516d7,SS,"{""available_independent_windows"": 159, ""duration"": 30, ""final_planned_checks"": 100, ""paper_sensor"": ""DVEXT"", ""requested_windows"": 100, ""sensor"": ""PVV""}",anomalia,Sensor Atascado,normal,normal,fail,True,0.6020081161060552,normal,False,False,False,False,0,0,,A_binary_miss
SS_44f437068fc1,SS,"{""available_independent_windows"": 159, ""duration"": 30, ""final_planned_checks"": 100, ""paper_sensor"": ""DVEXT"", ""requested_windows"": 100, ""sensor"": ""PVV""}",anomalia,Sensor Atascado,normal,normal,fail,True,0.4760697193282409,normal,False,False,False,False,0,0,,A_binary_miss
SS_e6f68ee28ef0,SS,"{""available_independent_windows"": 159, ""duration"": 30, ""final_planned_checks"": 100, ""paper_sensor"": ""DVEXT"", ""requested_windows"": 100, ""sensor"": ""PVV""}",anomalia,Sensor Atascado,normal,normal,fail,True,0.3898572801774671,normal,False,False,False,False,0,0,,A_binary_miss
SS_b18520d57083,SS,"{""available_independent_windows"": 159, ""duration"": 30, ""final_planned_checks"": 100, ""paper_sensor"": ""DVEXT"", ""requested_windows"": 100, ""sensor"": ""PVV""}",anomalia,Sensor Atascado,normal,normal,fail,True,0.2060245867621817,normal,False,False,False,False,0,1,,A_binary_miss
SS_072d375c47b3,SS,"{""available_independent_windows"": 159, ""duration"": 30, ""final_planned_checks"": 100, ""paper_sensor"": ""DVEXT"", ""requested_windows"": 100, ""sensor"": ""PVV""}",anomalia,Sensor Atascado,normal,normal,fail,True,0.7118920210885038,normal,False,False,False,False,0,1,,A_binary_miss
SS_0a77d2bda722,SS,"{""available_independent_windows"": 159, ""duration"": 30, ""final_planned_checks"": 100, ""paper_sensor"": ""DVEXT"", ""requested_windows"": 100, ""sensor"": ""PVV""}",anomalia,Sensor Atascado,normal,normal,fail,True,0.6559121744264801,normal,False,False,False,False,0,0,,A_binary_miss
SS_530f928e02f2,SS,"{""available_independent_windows"": 159, ""duration"": 30, ""final_planned_checks"": 100, ""paper_sensor"": ""DVEXT"", ""requested_windows"": 100, ""sensor"": ""PVV""}",anomalia,Sensor Atascado,normal,normal,fail,True,0.3043908589094355,normal,False,False,False,False,0,0,,A_binary_miss
SS_ceae3e750c99,SS,"{""available_independent_windows"": 159, ""duration"": 30, ""final_planned_checks"": 100, ""paper_sensor"": ""DVEXT"", ""requested_windows"": 100, ""sensor"": ""PVV""}",anomalia,Sensor Atascado,normal,normal,fail,True,0.416015596196473,normal,False,False,False,False,0,1,,A_binary_miss
SS_1ae50ed8c77e,SS,"{""available_independent_windows"": 159, ""duration"": 30, ""final_planned_checks"": 100, ""paper_sensor"": ""DVEXT"", ""requested_windows"": 100, ""sensor"": ""PVV""}",anomalia,Sensor Atascado,normal,normal,fail,True,0.5851273262955913,normal,False,False,False,False,0,1,,A_binary_miss
SS_0c878633691f,SS,"{""available_independent_windows"": 159, ""duration"": 30, ""final_planned_checks"": 100, ""paper_sensor"": ""DVEXT"", ""requested_windows"": 100, ""sensor"": ""PVV""}",anomalia,Sensor Atascado,normal,normal,fail,True,0.2563198073540694,normal,False,False,False,False,0,0,,A_binary_miss
SS_3b680eb346ac,SS,"{""available_independent_windows"": 159, ""duration"": 30, ""final_planned_checks"": 100, ""paper_sensor"": ""DVEXT"", ""requested_windows"": 100, ""sensor"": ""PVV""}",anomalia,Sensor Atascado,normal,normal,fail,True,0.0872976970822807,normal,False,False,False,False,0,1,,A_binary_miss
SS_e76fc60d0c22,SS,"{""available_independent_windows"": 159, ""duration"": 30, ""final_planned_checks"": 100, ""paper_sensor"": ""DVEXT"", ""requested_windows"": 100, ""sensor"": ""PVV""}",anomalia,Sensor Atascado,normal,normal,fail,True,0.2553870926170926,normal,False,False,False,False,0,1,,A_binary_miss
SS_df7b5d7cdb42,SS,"{""available_independent_windows"": 159, ""duration"": 30, ""final_planned_checks"": 100, ""paper_sensor"": ""DVEXT"", ""requested_windows"": 100, ""sensor"": ""PVV""}",anomalia,Sensor Atascado,normal,normal,fail,True,0.161753617227419,normal,False,False,False,False,0,1,,A_binary_miss
SS_4426c6837c2c,SS,"{""available_independent_windows"": 31, ""duration"": 40, ""final_planned_checks"": 31, ""paper_sensor"": ""DVEXT"", ""requested_windows"": 100, ""sensor"": ""PVV""}",anomalia,Sensor Atascado,normal,normal,fail,True,0.1347010444138896,normal,False,False,False,False,0,1,,A_binary_miss
SS_1e80b703d5d2,SS,"{""available_independent_windows"": 31, ""duration"": 40, ""final_planned_checks"": 31, ""paper_sensor"": ""DVEXT"", ""requested_windows"": 100, ""sensor"": ""PVV""}",anomalia,Sensor Atascado,normal,normal,fail,True,0.5529633877138311,normal,False,False,False,False,0,0,,A_binary_miss
SS_6520382dd11a,SS,"{""available_independent_windows"": 31, ""duration"": 40, ""final_planned_checks"": 31, ""paper_sensor"": ""DVEXT"", ""requested_windows"": 100, ""sensor"": ""PVV""}",anomalia,Sensor Atascado,normal,normal,fail,True,0.2362565606543338,normal,False,False,False,False,0,1,,A_binary_miss
SS_15ab550c98b5,SS,"{""available_independent_windows"": 31, ""duration"": 40, ""final_planned_checks"": 31, ""paper_sensor"": ""DVEXT"", ""requested_windows"": 100, ""sensor"": ""PVV""}",anomalia,Sensor Atascado,normal,normal,fail,True,0.5176389734349695,normal,False,False,False,False,0,0,,A_binary_miss
SS_4ef565a3d0c2,SS,"{""available_independent_windows"": 31, ""duration"": 40, ""final_planned_checks"": 31, ""paper_sensor"": ""DVEXT"", ""requested_windows"": 100, ""sensor"": ""PVV""}",anomalia,Sensor Atascado,normal,normal,fail,True,0.7838769437928048,normal,False,False,False,False,0,0,,A_binary_miss
SS_fb07c19a2e60,SS,"{""available_independent_windows"": 31, ""duration"": 40, ""final_planned_checks"": 31, ""paper_sensor"": ""DVEXT"", ""requested_windows"": 100, ""sensor"": ""PVV""}",anomalia,Sensor Atascado,normal,normal,fail,True,0.3541019993032454,normal,False,False,False,False,0,0,,A_binary_miss
SS_f88da4394f3b,SS,"{""available_independent_windows"": 31, ""duration"": 40, ""final_planned_checks"": 31, ""paper_sensor"": ""DVEXT"", ""requested_windows"": 100, ""sensor"": ""PVV""}",anomalia,Sensor Atascado,normal,normal,fail,True,0.251608115125377,normal,False,False,False,False,0,1,,A_binary_miss
SS_31a2791daf01,SS,"{""available_independent_windows"": 31, ""duration"": 40, ""final_planned_checks"": 31, ""paper_sensor"": ""DVEXT"", ""requested_windows"": 100, ""sensor"": ""PVV""}",anomalia,Sensor Atascado,normal,normal,fail,True,0.7914306689721808,normal,False,False,False,False,0,0,,A_binary_miss
SS_1e10d2850d81,SS,"{""available_independent_windows"": 31, ""duration"": 40, ""final_planned_checks"": 31, ""paper_sensor"": ""DVEXT"", ""requested_windows"": 100, ""sensor"": ""PVV""}",anomalia,Sensor Atascado,normal,normal,fail,True,0.1116893685546555,normal,False,False,False,False,0,1,,A_binary_miss
SS_6f63e5a8cc2d,SS,"{""available_independent_windows"": 31, ""duration"": 40, ""final_planned_checks"": 31, ""paper_sensor"": ""DVEXT"", ""requested_windows"": 100, ""sensor"": ""PVV""}",anomalia,Sensor Atascado,normal,normal,fail,True,0.61157841127208,normal,False,False,False,False,0,1,,A_binary_miss
SS_54fbc44b2a57,SS,"{""available_independent_windows"": 31, ""duration"": 40, ""final_planned_checks"": 31, ""paper_sensor"": ""DVEXT"", ""requested_windows"": 100, ""sensor"": ""PVV""}",anomalia,Sensor Atascado,normal,normal,fail,True,0.520523301690855,normal,False,False,False,False,0,0,,A_binary_miss
SS_f66d70d69005,SS,"{""available_independent_windows"": 31, ""duration"": 40, ""final_planned_checks"": 31, ""paper_sensor"": ""DVEXT"", ""requested_windows"": 100, ""sensor"": ""PVV""}",anomalia,Sensor Atascado,normal,normal,fail,True,0.2784004400220998,normal,False,False,False,False,0,0,,A_binary_miss
SS_568675aeadb1,SS,"{""available_independent_windows"": 31, ""duration"": 40, ""final_planned_checks"": 31, ""paper_sensor"": ""DVEXT"", ""requested_windows"": 100, ""sensor"": ""PVV""}",anomalia,Sensor Atascado,normal,normal,fail,True,0.2558816141709086,normal,False,False,False,False,0,1,,A_binary_miss
SS_2b13c675288d,SS,"{""available_independent_windows"": 31, ""duration"": 40, ""final_planned_checks"": 31, ""paper_sensor"": ""DVEXT"", ""requested_windows"": 100, ""sensor"": ""PVV""}",anomalia,Sensor Atascado,normal,normal,fail,True,0.3280010117942401,normal,False,False,False,False,0,1,,A_binary_miss
SS_d2b5ad873081,SS,"{""available_independent_windows"": 6, ""duration"": 50, ""final_planned_checks"": 6, ""paper_sensor"": ""DVEXT"", ""requested_windows"": 100, ""sensor"": ""PVV""}",anomalia,Sensor Atascado,normal,normal,fail,False,0.1311442310665275,normal,False,False,False,False,0,0,,A_binary_miss
SS_60dd7237e9f6,SS,"{""available_independent_windows"": 6, ""duration"": 50, ""final_planned_checks"": 6, ""paper_sensor"": ""DVEXT"", ""requested_windows"": 100, ""sensor"": ""PVV""}",anomalia,Sensor Atascado,normal,normal,fail,False,0.3492583059650288,normal,False,False,False,False,0,1,,A_binary_miss
SS_097dc8381f60,SS,"{""available_independent_windows"": 380, ""duration"": 20, ""final_planned_checks"": 100, ""paper_sensor"": ""XGRINT"", ""requested_windows"": 100, ""sensor"": ""PRGINT""}",anomalia,Sensor Atascado,normal,normal,fail,True,0.0073552018067053,normal,False,False,False,False,0,0,,A_binary_miss
SS_26fa1a99954a,SS,"{""available_independent_windows"": 380, ""duration"": 20, ""final_planned_checks"": 100, ""paper_sensor"": ""XGRINT"", ""requested_windows"": 100, ""sensor"": ""PRGINT""}",anomalia,Sensor Atascado,normal,normal,fail,True,0.0015891235750217,normal,False,False,False,False,0,0,,A_binary_miss
SS_0858efc58b47,SS,"{""available_independent_windows"": 380, ""duration"": 20, ""final_planned_checks"": 100, ""paper_sensor"": ""XGRINT"", ""requested_windows"": 100, ""sensor"": ""PRGINT""}",anomalia,Sensor Atascado,anomalia,Ruido,fail,True,0.99110098006782,anomalia,False,False,False,False,0,0,,B_type_mismatch
SS_f458dba72df1,SS,"{""available_independent_windows"": 380, ""duration"": 20, ""final_planned_checks"": 100, ""paper_sensor"": ""XGRINT"", ""requested_windows"": 100, ""sensor"": ""PRGINT""}",anomalia,Sensor Atascado,normal,normal,fail,True,0.0263673621018403,normal,False,False,False,False,0,0,,A_binary_miss
SS_d3f2feada5e9,SS,"{""available_independent_windows"": 380, ""duration"": 20, ""final_planned_checks"": 100, ""paper_sensor"": ""XGRINT"", ""requested_windows"": 100, ""sensor"": ""PRGINT""}",anomalia,Sensor Atascado,normal,normal,fail,True,0.0033235243684591,normal,False,False,False,False,0,0,,A_binary_miss
SS_ac625726fd10,SS,"{""available_independent_windows"": 380, ""duration"": 20, ""final_planned_checks"": 100, ""paper_sensor"": ""XGRINT"", ""requested_windows"": 100, ""sensor"": ""PRGINT""}",anomalia,Sensor Atascado,normal,normal,fail,True,0.0074244818113406,normal,False,False,False,False,0,0,,A_binary_miss
SS_ab25abaa8606,SS,"{""available_independent_windows"": 380, ""duration"": 20, ""final_planned_checks"": 100, ""paper_sensor"": ""XGRINT"", ""requested_windows"": 100, ""sensor"": ""PRGINT""}",anomalia,Sensor Atascado,normal,normal,fail,True,0.001486007692953,normal,False,False,False,False,0,0,,A_binary_miss
SS_a68d2f8353bd,SS,"{""available_independent_windows"": 380, ""duration"": 20, ""final_planned_checks"": 100, ""paper_sensor"": ""XGRINT"", ""requested_windows"": 100, ""sensor"": ""PRGINT""}",anomalia,Sensor Atascado,normal,normal,fail,True,0.0016684814330789,normal,False,False,False,False,0,0,,A_binary_miss
SS_0f9a63b7e8c2,SS,"{""available_independent_windows"": 380, ""duration"": 20, ""final_planned_checks"": 100, ""paper_sensor"": ""XGRINT"", ""requested_windows"": 100, ""sensor"": ""PRGINT""}",anomalia,Sensor Atascado,normal,normal,fail,True,0.0017841129713567,normal,False,False,False,False,0,0,,A_binary_miss
SS_984973a0cf8d,SS,"{""available_independent_windows"": 380, ""duration"": 20, ""final_planned_checks"": 100, ""paper_sensor"": ""XGRINT"", ""requested_windows"": 100, ""sensor"": ""PRGINT""}",anomalia,Sensor Atascado,normal,normal,fail,True,0.003108474140544,normal,False,False,False,False,0,0,,A_binary_miss
SS_f5b9b20b4a9f,SS,"{""available_independent_windows"": 380, ""duration"": 20, ""final_planned_checks"": 100, ""paper_sensor"": ""XGRINT"", ""requested_windows"": 100, ""sensor"": ""PRGINT""}",anomalia,Sensor Atascado,normal,normal,fail,True,0.0023066752825461,normal,False,False,False,False,0,0,,A_binary_miss
SS_76379529677d,SS,"{""available_independent_windows"": 380, ""duration"": 20, ""final_planned_checks"": 100, ""paper_sensor"": ""XGRINT"", ""requested_windows"": 100, ""sensor"": ""PRGINT""}",anomalia,Sensor Atascado,normal,normal,fail,True,0.0008037367563757,normal,False,False,False,False,0,0,,A_binary_miss
SS_afbbdff25379,SS,"{""available_independent_windows"": 380, ""duration"": 20, ""final_planned_checks"": 100, ""paper_sensor"": ""XGRINT"", ""requested_windows"": 100, ""sensor"": ""PRGINT""}",anomalia,Sensor Atascado,normal,normal,fail,True,0.0013512216879386,normal,False,False,False,False,0,0,,A_binary_miss
SS_a13891538ab6,SS,"{""available_independent_windows"": 380, ""duration"": 20, ""final_planned_checks"": 100, ""paper_sensor"": ""XGRINT"", ""requested_windows"": 100, ""sensor"": ""PRGINT""}",anomalia,Sensor Atascado,normal,normal,fail,True,0.0117485535458068,normal,False,False,False,False,0,0,,A_binary_miss
SS_911d841c12be,SS,"{""available_independent_windows"": 380, ""duration"": 20, ""final_planned_checks"": 100, ""paper_sensor"": ""XGRINT"", ""requested_windows"": 100, ""sensor"": ""PRGINT""}",anomalia,Sensor Atascado,normal,normal,fail,True,0.0012620581065409,normal,False,False,False,False,0,0,,A_binary_miss
SS_04ac159ac94a,SS,"{""available_independent_windows"": 380, ""duration"": 20, ""final_planned_checks"": 100, ""paper_sensor"": ""XGRINT"", ""requested_windows"": 100, ""sensor"": ""PRGINT""}",anomalia,Sensor Atascado,anomalia,Ruido,fail,True,0.8227042575732333,anomalia,False,False,False,False,0,0,,B_type_mismatch
SS_553b7d18f0f5,SS,"{""available_independent_windows"": 380, ""duration"": 20, ""final_planned_checks"": 100, ""paper_sensor"": ""XGRINT"", ""requested_windows"": 100, ""sensor"": ""PRGINT""}",anomalia,Sensor Atascado,normal,normal,fail,True,0.0087578766498882,normal,False,False,False,False,0,0,,A_binary_miss
SS_08e01f177b5b,SS,"{""available_independent_windows"": 380, ""duration"": 20, ""final_planned_checks"": 100, ""paper_sensor"": ""XGRINT"", ""requested_windows"": 100, ""sensor"": ""PRGINT""}",anomalia,Sensor Atascado,normal,normal,fail,True,0.0030417668642635,normal,False,False,False,False,0,0,,A_binary_miss
SS_ecc6304e9e4a,SS,"{""available_independent_windows"": 380, ""duration"": 20, ""final_planned_checks"": 100, ""paper_sensor"": ""XGRINT"", ""requested_windows"": 100, ""sensor"": ""PRGINT""}",anomalia,Sensor Atascado,normal,normal,fail,True,0.0014607012090424,normal,False,False,False,False,0,0,,A_binary_miss
SS_6633645a1254,SS,"{""available_independent_windows"": 380, ""duration"": 20, ""final_planned_checks"": 100, ""paper_sensor"": ""XGRINT"", ""requested_windows"": 100, ""sensor"": ""PRGINT""}",anomalia,Sensor Atascado,normal,normal,fail,True,0.0302396899412581,normal,False,False,False,False,0,0,,A_binary_miss
SS_dd670ba3d335,SS,"{""available_independent_windows"": 380, ""duration"": 20, ""final_planned_checks"": 100, ""paper_sensor"": ""XGRINT"", ""requested_windows"": 100, ""sensor"": ""PRGINT""}",anomalia,Sensor Atascado,normal,normal,fail,True,0.0138527203873551,normal,False,False,False,False,0,0,,A_binary_miss
SS_9d43d4fa3cb4,SS,"{""available_independent_windows"": 380, ""duration"": 20, ""final_planned_checks"": 100, ""paper_sensor"": ""XGRINT"", ""requested_windows"": 100, ""sensor"": ""PRGINT""}",anomalia,Sensor Atascado,normal,normal,fail,True,0.0019555936110535,normal,False,False,False,False,0,0,,A_binary_miss
SS_81c087cb1a3f,SS,"{""available_independent_windows"": 380, ""duration"": 20, ""final_planned_checks"": 100, ""paper_sensor"": ""XGRINT"", ""requested_windows"": 100, ""sensor"": ""PRGINT""}",anomalia,Sensor Atascado,normal,normal,fail,True,0.2363762766885804,normal,False,False,False,False,0,0,,A_binary_miss
SS_0c16336bd301,SS,"{""available_independent_windows"": 380, ""duration"": 20, ""final_planned_checks"": 100, ""paper_sensor"": ""XGRINT"", ""requested_windows"": 100, ""sensor"": ""PRGINT""}",anomalia,Sensor Atascado,normal,normal,fail,True,0.0459573377567624,normal,False,False,False,False,0,0,,A_binary_miss
SS_0087de0d2c16,SS,"{""available_independent_windows"": 380, ""duration"": 20, ""final_planned_checks"": 100, ""paper_sensor"": ""XGRINT"", ""requested_windows"": 100, ""sensor"": ""PRGINT""}",anomalia,Sensor Atascado,normal,normal,fail,True,0.0077043743928996,normal,False,False,False,False,0,0,,A_binary_miss
SS_06db18334cd7,SS,"{""available_independent_windows"": 380, ""duration"": 20, ""final_planned_checks"": 100, ""paper_sensor"": ""XGRINT"", ""requested_windows"": 100, ""sensor"": ""PRGINT""}",anomalia,Sensor Atascado,normal,normal,fail,True,0.0739157714647393,normal,False,False,False,False,0,0,,A_binary_miss
SS_f3837d5b43d3,SS,"{""available_independent_windows"": 380, ""duration"": 20, ""final_planned_checks"": 100, ""paper_sensor"": ""XGRINT"", ""requested_windows"": 100, ""sensor"": ""PRGINT""}",anomalia,Sensor Atascado,normal,normal,fail,True,0.0019427303362099,normal,False,False,False,False,0,0,,A_binary_miss
SS_de08a4f25401,SS,"{""available_independent_windows"": 380, ""duration"": 20, ""final_planned_checks"": 100, ""paper_sensor"": ""XGRINT"", ""requested_windows"": 100, ""sensor"": ""PRGINT""}",anomalia,Sensor Atascado,normal,normal,fail,True,0.0134208843801377,normal,False,False,False,False,0,0,,A_binary_miss
SS_ae6c5b357f4c,SS,"{""available_independent_windows"": 380, ""duration"": 20, ""final_planned_checks"": 100, ""paper_sensor"": ""XGRINT"", ""requested_windows"": 100, ""sensor"": ""PRGINT""}",anomalia,Sensor Atascado,normal,normal,fail,True,0.0020651349320341,normal,False,False,False,False,0,0,,A_binary_miss
SS_5145cad2432e,SS,"{""available_independent_windows"": 380, ""duration"": 20, ""final_planned_checks"": 100, ""paper_sensor"": ""XGRINT"", ""requested_windows"": 100, ""sensor"": ""PRGINT""}",anomalia,Sensor Atascado,normal,normal,fail,True,0.602402444145636,normal,False,False,False,False,0,0,,A_binary_miss
SS_34aeb234bd4e,SS,"{""available_independent_windows"": 380, ""duration"": 20, ""final_planned_checks"": 100, ""paper_sensor"": ""XGRINT"", ""requested_windows"": 100, ""sensor"": ""PRGINT""}",anomalia,Sensor Atascado,normal,normal,fail,True,0.001227453751474,normal,False,False,False,False,0,0,,A_binary_miss
SS_68f9baacc650,SS,"{""available_independent_windows"": 380, ""duration"": 20, ""final_planned_checks"": 100, ""paper_sensor"": ""XGRINT"", ""requested_windows"": 100, ""sensor"": ""PRGINT""}",anomalia,Sensor Atascado,normal,normal,fail,True,0.0031514150065802,normal,False,False,False,False,0,0,,A_binary_miss
SS_53fbe6bb17c7,SS,"{""available_independent_windows"": 380, ""duration"": 20, ""final_planned_checks"": 100, ""paper_sensor"": ""XGRINT"", ""requested_windows"": 100, ""sensor"": ""PRGINT""}",anomalia,Sensor Atascado,normal,normal,fail,True,0.0057653446083337,normal,False,False,False,False,0,0,,A_binary_miss
SS_9f7a5697ec2f,SS,"{""available_independent_windows"": 380, ""duration"": 20, ""final_planned_checks"": 100, ""paper_sensor"": ""XGRINT"", ""requested_windows"": 100, ""sensor"": ""PRGINT""}",anomalia,Sensor Atascado,normal,normal,fail,True,0.0166513240314771,normal,False,False,False,False,0,0,,A_binary_miss
SS_84f37c75b5ec,SS,"{""available_independent_windows"": 380, ""duration"": 20, ""final_planned_checks"": 100, ""paper_sensor"": ""XGRINT"", ""requested_windows"": 100, ""sensor"": ""PRGINT""}",anomalia,Sensor Atascado,normal,normal,fail,True,0.0034977002947432,normal,False,False,False,False,0,0,,A_binary_miss
SS_04364db1709a,SS,"{""available_independent_windows"": 380, ""duration"": 20, ""final_planned_checks"": 100, ""paper_sensor"": ""XGRINT"", ""requested_windows"": 100, ""sensor"": ""PRGINT""}",anomalia,Sensor Atascado,normal,normal,fail,True,0.002059473875579,normal,False,False,False,False,0,0,,A_binary_miss
SS_6ac22a1225f7,SS,"{""available_independent_windows"": 380, ""duration"": 20, ""final_planned_checks"": 100, ""paper_sensor"": ""XGRINT"", ""requested_windows"": 100, ""sensor"": ""PRGINT""}",anomalia,Sensor Atascado,normal,normal,fail,True,0.0018268364713762,normal,False,False,False,False,0,0,,A_binary_miss
SS_32d62f7fd20c,SS,"{""available_independent_windows"": 380, ""duration"": 20, ""final_planned_checks"": 100, ""paper_sensor"": ""XGRINT"", ""requested_windows"": 100, ""sensor"": ""PRGINT""}",anomalia,Sensor Atascado,normal,normal,fail,True,0.0064755461617192,normal,False,False,False,False,0,0,,A_binary_miss
SS_0dce22351339,SS,"{""available_independent_windows"": 380, ""duration"": 20, ""final_planned_checks"": 100, ""paper_sensor"": ""XGRINT"", ""requested_windows"": 100, ""sensor"": ""PRGINT""}",anomalia,Sensor Atascado,normal,normal,fail,True,0.0031549711723998,normal,False,False,False,False,0,0,,A_binary_miss
SS_5c384d570b9e,SS,"{""available_independent_windows"": 380, ""duration"": 20, ""final_planned_checks"": 100, ""paper_sensor"": ""XGRINT"", ""requested_windows"": 100, ""sensor"": ""PRGINT""}",anomalia,Sensor Atascado,normal,normal,fail,True,0.0618997928609797,normal,False,False,False,False,0,0,,A_binary_miss
SS_3980feace1bb,SS,"{""available_independent_windows"": 380, ""duration"": 20, ""final_planned_checks"": 100, ""paper_sensor"": ""XGRINT"", ""requested_windows"": 100, ""sensor"": ""PRGINT""}",anomalia,Sensor Atascado,normal,normal,fail,True,0.0034920623120344,normal,False,False,False,False,0,0,,A_binary_miss
SS_91fbbc405de1,SS,"{""available_independent_windows"": 380, ""duration"": 20, ""final_planned_checks"": 100, ""paper_sensor"": ""XGRINT"", ""requested_windows"": 100, ""sensor"": ""PRGINT""}",anomalia,Sensor Atascado,normal,normal,fail,True,0.002545532948323,normal,False,False,False,False,0,0,,A_binary_miss
SS_b0eef6019954,SS,"{""available_independent_windows"": 380, ""duration"": 20, ""final_planned_checks"": 100, ""paper_sensor"": ""XGRINT"", ""requested_windows"": 100, ""sensor"": ""PRGINT""}",anomalia,Sensor Atascado,normal,normal,fail,True,0.0449810819522637,normal,False,False,False,False,0,0,,A_binary_miss
SS_285e804ad0ef,SS,"{""available_independent_windows"": 380, ""duration"": 20, ""final_planned_checks"": 100, ""paper_sensor"": ""XGRINT"", ""requested_windows"": 100, ""sensor"": ""PRGINT""}",anomalia,Sensor Atascado,normal,normal,fail,True,0.0055026391350241,normal,False,False,False,False,0,0,,A_binary_miss
SS_b5f4ab4759b6,SS,"{""available_independent_windows"": 380, ""duration"": 20, ""final_planned_checks"": 100, ""paper_sensor"": ""XGRINT"", ""requested_windows"": 100, ""sensor"": ""PRGINT""}",anomalia,Sensor Atascado,normal,normal,fail,True,0.0037027961527832,normal,False,False,False,False,0,0,,A_binary_miss
SS_c3c7452f4f2f,SS,"{""available_independent_windows"": 380, ""duration"": 20, ""final_planned_checks"": 100, ""paper_sensor"": ""XGRINT"", ""requested_windows"": 100, ""sensor"": ""PRGINT""}",anomalia,Sensor Atascado,normal,normal,fail,True,0.0437409800115612,normal,False,False,False,False,0,0,,A_binary_miss
SS_f05b523cdaa1,SS,"{""available_independent_windows"": 380, ""duration"": 20, ""final_planned_checks"": 100, ""paper_sensor"": ""XGRINT"", ""requested_windows"": 100, ""sensor"": ""PRGINT""}",anomalia,Sensor Atascado,normal,normal,fail,True,0.0096509824591457,normal,False,False,False,False,0,0,,A_binary_miss
SS_b6a6eaa90f34,SS,"{""available_independent_windows"": 380, ""duration"": 20, ""final_planned_checks"": 100, ""paper_sensor"": ""XGRINT"", ""requested_windows"": 100, ""sensor"": ""PRGINT""}",anomalia,Sensor Atascado,normal,normal,fail,True,0.030585689889868,normal,False,False,False,False,0,0,,A_binary_miss
SS_a97ecab83caf,SS,"{""available_independent_windows"": 380, ""duration"": 20, ""final_planned_checks"": 100, ""paper_sensor"": ""XGRINT"", ""requested_windows"": 100, ""sensor"": ""PRGINT""}",anomalia,Sensor Atascado,normal,normal,fail,True,0.0008601091442351,normal,False,False,False,False,0,0,,A_binary_miss
SS_5c9ee4141780,SS,"{""available_independent_windows"": 380, ""duration"": 20, ""final_planned_checks"": 100, ""paper_sensor"": ""XGRINT"", ""requested_windows"": 100, ""sensor"": ""PRGINT""}",anomalia,Sensor Atascado,normal,normal,fail,True,0.0008792285659009,normal,False,False,False,False,0,0,,A_binary_miss
SS_38cb6b8d22be,SS,"{""available_independent_windows"": 380, ""duration"": 20, ""final_planned_checks"": 100, ""paper_sensor"": ""XGRINT"", ""requested_windows"": 100, ""sensor"": ""PRGINT""}",anomalia,Sensor Atascado,normal,normal,fail,True,0.0064749514153095,normal,False,False,False,False,0,0,,A_binary_miss
SS_b0dbabbb1770,SS,"{""available_independent_windows"": 380, ""duration"": 20, ""final_planned_checks"": 100, ""paper_sensor"": ""XGRINT"", ""requested_windows"": 100, ""sensor"": ""PRGINT""}",anomalia,Sensor Atascado,normal,normal,fail,True,0.0012213911318426,normal,False,False,False,False,0,0,,A_binary_miss
SS_a2fa2b780746,SS,"{""available_independent_windows"": 380, ""duration"": 20, ""final_planned_checks"": 100, ""paper_sensor"": ""XGRINT"", ""requested_windows"": 100, ""sensor"": ""PRGINT""}",anomalia,Sensor Atascado,normal,normal,fail,True,0.0327536339016559,normal,False,False,False,False,0,0,,A_binary_miss
SS_eededff7dca0,SS,"{""available_independent_windows"": 380, ""duration"": 20, ""final_planned_checks"": 100, ""paper_sensor"": ""XGRINT"", ""requested_windows"": 100, ""sensor"": ""PRGINT""}",anomalia,Sensor Atascado,normal,normal,fail,True,0.0020407860352346,normal,False,False,False,False,0,0,,A_binary_miss
SS_358d1acdff93,SS,"{""available_independent_windows"": 380, ""duration"": 20, ""final_planned_checks"": 100, ""paper_sensor"": ""XGRINT"", ""requested_windows"": 100, ""sensor"": ""PRGINT""}",anomalia,Sensor Atascado,normal,normal,fail,True,0.0025904071694338,normal,False,False,False,False,0,0,,A_binary_miss
SS_b0d18a19a04b,SS,"{""available_independent_windows"": 380, ""duration"": 20, ""final_planned_checks"": 100, ""paper_sensor"": ""XGRINT"", ""requested_windows"": 100, ""sensor"": ""PRGINT""}",anomalia,Sensor Atascado,normal,normal,fail,True,0.0089313180706582,normal,False,False,False,False,0,0,,A_binary_miss
SS_3f8a884abdc6,SS,"{""available_independent_windows"": 380, ""duration"": 20, ""final_planned_checks"": 100, ""paper_sensor"": ""XGRINT"", ""requested_windows"": 100, ""sensor"": ""PRGINT""}",anomalia,Sensor Atascado,normal,normal,fail,True,0.0018072905523939,normal,False,False,False,False,0,0,,A_binary_miss
SS_d6d2ed33917a,SS,"{""available_independent_windows"": 380, ""duration"": 20, ""final_planned_checks"": 100, ""paper_sensor"": ""XGRINT"", ""requested_windows"": 100, ""sensor"": ""PRGINT""}",anomalia,Sensor Atascado,normal,normal,fail,True,0.3036774565449537,normal,False,False,False,False,0,0,,A_binary_miss
SS_10a913a2bb4b,SS,"{""available_independent_windows"": 380, ""duration"": 20, ""final_planned_checks"": 100, ""paper_sensor"": ""XGRINT"", ""requested_windows"": 100, ""sensor"": ""PRGINT""}",anomalia,Sensor Atascado,normal,normal,fail,True,0.0146462814444403,normal,False,False,False,False,0,0,,A_binary_miss
SS_0c4b1863c8aa,SS,"{""available_independent_windows"": 380, ""duration"": 20, ""final_planned_checks"": 100, ""paper_sensor"": ""XGRINT"", ""requested_windows"": 100, ""sensor"": ""PRGINT""}",anomalia,Sensor Atascado,normal,normal,fail,True,0.0053912755441433,normal,False,False,False,False,0,0,,A_binary_miss
SS_7cb974328b81,SS,"{""available_independent_windows"": 380, ""duration"": 20, ""final_planned_checks"": 100, ""paper_sensor"": ""XGRINT"", ""requested_windows"": 100, ""sensor"": ""PRGINT""}",anomalia,Sensor Atascado,normal,normal,fail,True,0.7557172242418787,normal,False,False,False,False,0,0,,A_binary_miss
SS_698eae81ed33,SS,"{""available_independent_windows"": 380, ""duration"": 20, ""final_planned_checks"": 100, ""paper_sensor"": ""XGRINT"", ""requested_windows"": 100, ""sensor"": ""PRGINT""}",anomalia,Sensor Atascado,normal,normal,fail,True,0.0018725302735762,normal,False,False,False,False,0,0,,A_binary_miss
SS_73adb43f7c02,SS,"{""available_independent_windows"": 380, ""duration"": 20, ""final_planned_checks"": 100, ""paper_sensor"": ""XGRINT"", ""requested_windows"": 100, ""sensor"": ""PRGINT""}",anomalia,Sensor Atascado,normal,normal,fail,True,0.0018396651511423,normal,False,False,False,False,0,0,,A_binary_miss
SS_8005baf00eb3,SS,"{""available_independent_windows"": 380, ""duration"": 20, ""final_planned_checks"": 100, ""paper_sensor"": ""XGRINT"", ""requested_windows"": 100, ""sensor"": ""PRGINT""}",anomalia,Sensor Atascado,normal,normal,fail,True,0.0011772418287322,normal,False,False,False,False,0,0,,A_binary_miss
SS_8466b3b0d015,SS,"{""available_independent_windows"": 380, ""duration"": 20, ""final_planned_checks"": 100, ""paper_sensor"": ""XGRINT"", ""requested_windows"": 100, ""sensor"": ""PRGINT""}",anomalia,Sensor Atascado,normal,normal,fail,True,0.0091929399801999,normal,False,False,False,False,0,0,,A_binary_miss
SS_3858461ac34c,SS,"{""available_independent_windows"": 380, ""duration"": 20, ""final_planned_checks"": 100, ""paper_sensor"": ""XGRINT"", ""requested_windows"": 100, ""sensor"": ""PRGINT""}",anomalia,Sensor Atascado,normal,normal,fail,True,0.0070989386084102,normal,False,False,False,False,0,0,,A_binary_miss
SS_6a469811fd0a,SS,"{""available_independent_windows"": 380, ""duration"": 20, ""final_planned_checks"": 100, ""paper_sensor"": ""XGRINT"", ""requested_windows"": 100, ""sensor"": ""PRGINT""}",anomalia,Sensor Atascado,normal,normal,fail,True,0.0043546399448378,normal,False,False,False,False,0,0,,A_binary_miss
SS_b766d18dfbc0,SS,"{""available_independent_windows"": 380, ""duration"": 20, ""final_planned_checks"": 100, ""paper_sensor"": ""XGRINT"", ""requested_windows"": 100, ""sensor"": ""PRGINT""}",anomalia,Sensor Atascado,normal,normal,fail,True,0.0138199138179163,normal,False,False,False,False,0,0,,A_binary_miss
SS_cc636abe6d83,SS,"{""available_independent_windows"": 380, ""duration"": 20, ""final_planned_checks"": 100, ""paper_sensor"": ""XGRINT"", ""requested_windows"": 100, ""sensor"": ""PRGINT""}",anomalia,Sensor Atascado,normal,normal,fail,True,0.0042153668418046,normal,False,False,False,False,0,0,,A_binary_miss
SS_ad623df0e94b,SS,"{""available_independent_windows"": 380, ""duration"": 20, ""final_planned_checks"": 100, ""paper_sensor"": ""XGRINT"", ""requested_windows"": 100, ""sensor"": ""PRGINT""}",anomalia,Sensor Atascado,normal,normal,fail,True,0.0015270360152124,normal,False,False,False,False,0,0,,A_binary_miss
SS_7020350e8f6d,SS,"{""available_independent_windows"": 380, ""duration"": 20, ""final_planned_checks"": 100, ""paper_sensor"": ""XGRINT"", ""requested_windows"": 100, ""sensor"": ""PRGINT""}",anomalia,Sensor Atascado,normal,normal,fail,True,0.0030117493061801,normal,False,False,False,False,0,0,,A_binary_miss
SS_6ac63b6dcbf1,SS,"{""available_independent_windows"": 380, ""duration"": 20, ""final_planned_checks"": 100, ""paper_sensor"": ""XGRINT"", ""requested_windows"": 100, ""sensor"": ""PRGINT""}",anomalia,Sensor Atascado,normal,normal,fail,True,0.0014407887977153,normal,False,False,False,False,0,0,,A_binary_miss
SS_bcc371506a94,SS,"{""available_independent_windows"": 380, ""duration"": 20, ""final_planned_checks"": 100, ""paper_sensor"": ""XGRINT"", ""requested_windows"": 100, ""sensor"": ""PRGINT""}",anomalia,Sensor Atascado,normal,normal,fail,True,0.1168232766534363,normal,False,False,False,False,0,0,,A_binary_miss
SS_a593f0b7b384,SS,"{""available_independent_windows"": 380, ""duration"": 20, ""final_planned_checks"": 100, ""paper_sensor"": ""XGRINT"", ""requested_windows"": 100, ""sensor"": ""PRGINT""}",anomalia,Sensor Atascado,normal,normal,fail,True,0.0007262773261331,normal,False,False,False,False,0,0,,A_binary_miss
SS_7764cb7e249e,SS,"{""available_independent_windows"": 380, ""duration"": 20, ""final_planned_checks"": 100, ""paper_sensor"": ""XGRINT"", ""requested_windows"": 100, ""sensor"": ""PRGINT""}",anomalia,Sensor Atascado,normal,normal,fail,True,0.0009188128548445,normal,False,False,False,False,0,0,,A_binary_miss
SS_f0c51e2b1c94,SS,"{""available_independent_windows"": 380, ""duration"": 20, ""final_planned_checks"": 100, ""paper_sensor"": ""XGRINT"", ""requested_windows"": 100, ""sensor"": ""PRGINT""}",anomalia,Sensor Atascado,normal,normal,fail,True,0.0279622750834154,normal,False,False,False,False,0,0,,A_binary_miss
SS_4faad1fa2092,SS,"{""available_independent_windows"": 380, ""duration"": 20, ""final_planned_checks"": 100, ""paper_sensor"": ""XGRINT"", ""requested_windows"": 100, ""sensor"": ""PRGINT""}",anomalia,Sensor Atascado,normal,normal,fail,True,0.002791881530221,normal,False,False,False,False,0,0,,A_binary_miss
SS_8d18d6cc74d2,SS,"{""available_independent_windows"": 380, ""duration"": 20, ""final_planned_checks"": 100, ""paper_sensor"": ""XGRINT"", ""requested_windows"": 100, ""sensor"": ""PRGINT""}",anomalia,Sensor Atascado,normal,normal,fail,True,0.0070387759556244,normal,False,False,False,False,0,0,,A_binary_miss
SS_cd9fe225edf2,SS,"{""available_independent_windows"": 380, ""duration"": 20, ""final_planned_checks"": 100, ""paper_sensor"": ""XGRINT"", ""requested_windows"": 100, ""sensor"": ""PRGINT""}",anomalia,Sensor Atascado,normal,normal,fail,True,0.0013274751772992,normal,False,False,False,False,0,0,,A_binary_miss
SS_3bb46f6ece5b,SS,"{""available_independent_windows"": 380, ""duration"": 20, ""final_planned_checks"": 100, ""paper_sensor"": ""XGRINT"", ""requested_windows"": 100, ""sensor"": ""PRGINT""}",anomalia,Sensor Atascado,anomalia,Ruido,fail,True,0.9973286505918412,anomalia,False,False,False,False,0,0,,B_type_mismatch
SS_07ad617f3c97,SS,"{""available_independent_windows"": 380, ""duration"": 20, ""final_planned_checks"": 100, ""paper_sensor"": ""XGRINT"", ""requested_windows"": 100, ""sensor"": ""PRGINT""}",anomalia,Sensor Atascado,normal,normal,fail,True,0.0029819831052214,normal,False,False,False,False,0,0,,A_binary_miss
SS_85a70d9bc122,SS,"{""available_independent_windows"": 380, ""duration"": 20, ""final_planned_checks"": 100, ""paper_sensor"": ""XGRINT"", ""requested_windows"": 100, ""sensor"": ""PRGINT""}",anomalia,Sensor Atascado,normal,normal,fail,True,0.001395535597977,normal,False,False,False,False,0,0,,A_binary_miss
SS_21fa3f373654,SS,"{""available_independent_windows"": 380, ""duration"": 20, ""final_planned_checks"": 100, ""paper_sensor"": ""XGRINT"", ""requested_windows"": 100, ""sensor"": ""PRGINT""}",anomalia,Sensor Atascado,normal,normal,fail,True,0.0099163235247644,normal,False,False,False,False,0,0,,A_binary_miss
SS_5c1271ade310,SS,"{""available_independent_windows"": 380, ""duration"": 20, ""final_planned_checks"": 100, ""paper_sensor"": ""XGRINT"", ""requested_windows"": 100, ""sensor"": ""PRGINT""}",anomalia,Sensor Atascado,normal,normal,fail,True,0.0020123212480277,normal,False,False,False,False,0,0,,A_binary_miss
SS_eee0a4a5d617,SS,"{""available_independent_windows"": 380, ""duration"": 20, ""final_planned_checks"": 100, ""paper_sensor"": ""XGRINT"", ""requested_windows"": 100, ""sensor"": ""PRGINT""}",anomalia,Sensor Atascado,normal,normal,fail,True,0.0085170645750642,normal,False,False,False,False,0,0,,A_binary_miss
SS_1e9c31b0fd3c,SS,"{""available_independent_windows"": 380, ""duration"": 20, ""final_planned_checks"": 100, ""paper_sensor"": ""XGRINT"", ""requested_windows"": 100, ""sensor"": ""PRGINT""}",anomalia,Sensor Atascado,normal,normal,fail,True,0.0143344661759376,normal,False,False,False,False,0,0,,A_binary_miss
SS_b6984f4c90b0,SS,"{""available_independent_windows"": 380, ""duration"": 20, ""final_planned_checks"": 100, ""paper_sensor"": ""XGRINT"", ""requested_windows"": 100, ""sensor"": ""PRGINT""}",anomalia,Sensor Atascado,normal,normal,fail,True,0.2180569536819529,normal,False,False,False,False,0,0,,A_binary_miss
SS_72218cde39b0,SS,"{""available_independent_windows"": 380, ""duration"": 20, ""final_planned_checks"": 100, ""paper_sensor"": ""XGRINT"", ""requested_windows"": 100, ""sensor"": ""PRGINT""}",anomalia,Sensor Atascado,normal,normal,fail,True,0.0059078543489783,normal,False,False,False,False,0,0,,A_binary_miss
SS_170c77803886,SS,"{""available_independent_windows"": 380, ""duration"": 20, ""final_planned_checks"": 100, ""paper_sensor"": ""XGRINT"", ""requested_windows"": 100, ""sensor"": ""PRGINT""}",anomalia,Sensor Atascado,normal,normal,fail,True,0.0021109745625239,normal,False,False,False,False,0,0,,A_binary_miss
SS_4610a4e3dcc7,SS,"{""available_independent_windows"": 380, ""duration"": 20, ""final_planned_checks"": 100, ""paper_sensor"": ""XGRINT"", ""requested_windows"": 100, ""sensor"": ""PRGINT""}",anomalia,Sensor Atascado,normal,normal,fail,True,0.0022734214504784,normal,False,False,False,False,0,0,,A_binary_miss
SS_b1725a21d3b7,SS,"{""available_independent_windows"": 380, ""duration"": 20, ""final_planned_checks"": 100, ""paper_sensor"": ""XGRINT"", ""requested_windows"": 100, ""sensor"": ""PRGINT""}",anomalia,Sensor Atascado,normal,normal,fail,True,0.0242695124670907,normal,False,False,False,False,0,0,,A_binary_miss
SS_74ee523d94fd,SS,"{""available_independent_windows"": 380, ""duration"": 20, ""final_planned_checks"": 100, ""paper_sensor"": ""XGRINT"", ""requested_windows"": 100, ""sensor"": ""PRGINT""}",anomalia,Sensor Atascado,normal,normal,fail,True,0.0006770805334393,normal,False,False,False,False,0,0,,A_binary_miss
SS_fcf1c3eb7adc,SS,"{""available_independent_windows"": 380, ""duration"": 20, ""final_planned_checks"": 100, ""paper_sensor"": ""XGRINT"", ""requested_windows"": 100, ""sensor"": ""PRGINT""}",anomalia,Sensor Atascado,normal,normal,fail,True,0.5034018939198917,normal,False,False,False,False,0,0,,A_binary_miss
SS_c0c2f1966814,SS,"{""available_independent_windows"": 380, ""duration"": 20, ""final_planned_checks"": 100, ""paper_sensor"": ""XGRINT"", ""requested_windows"": 100, ""sensor"": ""PRGINT""}",anomalia,Sensor Atascado,normal,normal,fail,True,0.0032403218909015,normal,False,False,False,False,0,0,,A_binary_miss
SS_1cfe032040fc,SS,"{""available_independent_windows"": 380, ""duration"": 20, ""final_planned_checks"": 100, ""paper_sensor"": ""XGRINT"", ""requested_windows"": 100, ""sensor"": ""PRGINT""}",anomalia,Sensor Atascado,normal,normal,fail,True,0.0221847852780271,normal,False,False,False,False,0,0,,A_binary_miss
SS_0553ddb3f3e6,SS,"{""available_independent_windows"": 380, ""duration"": 20, ""final_planned_checks"": 100, ""paper_sensor"": ""XGRINT"", ""requested_windows"": 100, ""sensor"": ""PRGINT""}",anomalia,Sensor Atascado,normal,normal,fail,True,0.0067388357219318,normal,False,False,False,False,0,0,,A_binary_miss
SS_e8218269ba60,SS,"{""available_independent_windows"": 380, ""duration"": 20, ""final_planned_checks"": 100, ""paper_sensor"": ""XGRINT"", ""requested_windows"": 100, ""sensor"": ""PRGINT""}",anomalia,Sensor Atascado,normal,normal,fail,True,0.0146875736180802,normal,False,False,False,False,0,0,,A_binary_miss
SS_d8c85746c717,SS,"{""available_independent_windows"": 380, ""duration"": 20, ""final_planned_checks"": 100, ""paper_sensor"": ""XGRINT"", ""requested_windows"": 100, ""sensor"": ""PRGINT""}",anomalia,Sensor Atascado,normal,normal,fail,True,0.0008799875438598,normal,False,False,False,False,0,0,,A_binary_miss
SS_8057833d0be3,SS,"{""available_independent_windows"": 380, ""duration"": 20, ""final_planned_checks"": 100, ""paper_sensor"": ""XGRINT"", ""requested_windows"": 100, ""sensor"": ""PRGINT""}",anomalia,Sensor Atascado,normal,normal,fail,True,0.0035162342631264,normal,False,False,False,False,0,0,,A_binary_miss
SS_e0b756921195,SS,"{""available_independent_windows"": 380, ""duration"": 20, ""final_planned_checks"": 100, ""paper_sensor"": ""XGRINT"", ""requested_windows"": 100, ""sensor"": ""PRGINT""}",anomalia,Sensor Atascado,normal,normal,fail,True,0.0025011713706743,normal,False,False,False,False,0,0,,A_binary_miss
SS_f5b2532e9bc0,SS,"{""available_independent_windows"": 58, ""duration"": 30, ""final_planned_checks"": 58, ""paper_sensor"": ""XGRINT"", ""requested_windows"": 100, ""sensor"": ""PRGINT""}",anomalia,Sensor Atascado,normal,normal,fail,True,0.0022017739319477,normal,False,False,False,False,0,0,,A_binary_miss
SS_a442ac4b2d57,SS,"{""available_independent_windows"": 58, ""duration"": 30, ""final_planned_checks"": 58, ""paper_sensor"": ""XGRINT"", ""requested_windows"": 100, ""sensor"": ""PRGINT""}",anomalia,Sensor Atascado,normal,normal,fail,True,0.5889949706075196,normal,False,False,False,False,0,0,,A_binary_miss
SS_ddbbb9992742,SS,"{""available_independent_windows"": 58, ""duration"": 30, ""final_planned_checks"": 58, ""paper_sensor"": ""XGRINT"", ""requested_windows"": 100, ""sensor"": ""PRGINT""}",anomalia,Sensor Atascado,normal,normal,fail,True,0.003231818245503,normal,False,False,False,False,0,0,,A_binary_miss
SS_37054803a1ca,SS,"{""available_independent_windows"": 58, ""duration"": 30, ""final_planned_checks"": 58, ""paper_sensor"": ""XGRINT"", ""requested_windows"": 100, ""sensor"": ""PRGINT""}",anomalia,Sensor Atascado,normal,normal,fail,True,0.0563355125847999,normal,False,False,False,False,0,0,,A_binary_miss
SS_872ec505c36f,SS,"{""available_independent_windows"": 58, ""duration"": 30, ""final_planned_checks"": 58, ""paper_sensor"": ""XGRINT"", ""requested_windows"": 100, ""sensor"": ""PRGINT""}",anomalia,Sensor Atascado,normal,normal,fail,True,0.0007832317064497,normal,False,False,False,False,0,0,,A_binary_miss
SS_a3638ca64a9c,SS,"{""available_independent_windows"": 58, ""duration"": 30, ""final_planned_checks"": 58, ""paper_sensor"": ""XGRINT"", ""requested_windows"": 100, ""sensor"": ""PRGINT""}",anomalia,Sensor Atascado,normal,normal,fail,True,0.067830387191822,normal,False,False,False,False,0,0,,A_binary_miss
SS_a926cfdf5736,SS,"{""available_independent_windows"": 58, ""duration"": 30, ""final_planned_checks"": 58, ""paper_sensor"": ""XGRINT"", ""requested_windows"": 100, ""sensor"": ""PRGINT""}",anomalia,Sensor Atascado,normal,normal,fail,True,0.0047880905673293,normal,False,False,False,False,0,0,,A_binary_miss
SS_d452903f8250,SS,"{""available_independent_windows"": 58, ""duration"": 30, ""final_planned_checks"": 58, ""paper_sensor"": ""XGRINT"", ""requested_windows"": 100, ""sensor"": ""PRGINT""}",anomalia,Sensor Atascado,normal,normal,fail,True,0.0010561958329708,normal,False,False,False,False,0,0,,A_binary_miss
SS_b0b0f01147fa,SS,"{""available_independent_windows"": 58, ""duration"": 30, ""final_planned_checks"": 58, ""paper_sensor"": ""XGRINT"", ""requested_windows"": 100, ""sensor"": ""PRGINT""}",anomalia,Sensor Atascado,normal,normal,fail,True,0.0041380312334421,normal,False,False,False,False,0,0,,A_binary_miss
SS_95b23ee43add,SS,"{""available_independent_windows"": 58, ""duration"": 30, ""final_planned_checks"": 58, ""paper_sensor"": ""XGRINT"", ""requested_windows"": 100, ""sensor"": ""PRGINT""}",anomalia,Sensor Atascado,normal,normal,fail,True,0.007768700892258,normal,False,False,False,False,0,0,,A_binary_miss
SS_1a4a224b2678,SS,"{""available_independent_windows"": 58, ""duration"": 30, ""final_planned_checks"": 58, ""paper_sensor"": ""XGRINT"", ""requested_windows"": 100, ""sensor"": ""PRGINT""}",anomalia,Sensor Atascado,anomalia,Ruido,fail,True,0.9971683967232632,anomalia,False,False,False,False,0,0,,B_type_mismatch
SS_6881c5c5a4c6,SS,"{""available_independent_windows"": 58, ""duration"": 30, ""final_planned_checks"": 58, ""paper_sensor"": ""XGRINT"", ""requested_windows"": 100, ""sensor"": ""PRGINT""}",anomalia,Sensor Atascado,normal,normal,fail,True,0.0015654805740061,normal,False,False,False,False,0,0,,A_binary_miss
SS_5acbdc0cceda,SS,"{""available_independent_windows"": 58, ""duration"": 30, ""final_planned_checks"": 58, ""paper_sensor"": ""XGRINT"", ""requested_windows"": 100, ""sensor"": ""PRGINT""}",anomalia,Sensor Atascado,normal,normal,fail,True,0.0008877754353081,normal,False,False,False,False,0,0,,A_binary_miss
SS_14097c76a7ad,SS,"{""available_independent_windows"": 58, ""duration"": 30, ""final_planned_checks"": 58, ""paper_sensor"": ""XGRINT"", ""requested_windows"": 100, ""sensor"": ""PRGINT""}",anomalia,Sensor Atascado,normal,normal,fail,True,0.72883960398188,normal,False,False,False,False,0,0,,A_binary_miss
SS_3d854dcb192a,SS,"{""available_independent_windows"": 58, ""duration"": 30, ""final_planned_checks"": 58, ""paper_sensor"": ""XGRINT"", ""requested_windows"": 100, ""sensor"": ""PRGINT""}",anomalia,Sensor Atascado,normal,normal,fail,True,0.0010815431814769,normal,False,False,False,False,0,0,,A_binary_miss
SS_c496e3471e9d,SS,"{""available_independent_windows"": 58, ""duration"": 30, ""final_planned_checks"": 58, ""paper_sensor"": ""XGRINT"", ""requested_windows"": 100, ""sensor"": ""PRGINT""}",anomalia,Sensor Atascado,anomalia,Ruido,fail,True,0.9100825678808429,anomalia,False,False,False,False,0,0,,B_type_mismatch
SS_6cb16785bee5,SS,"{""available_independent_windows"": 58, ""duration"": 30, ""final_planned_checks"": 58, ""paper_sensor"": ""XGRINT"", ""requested_windows"": 100, ""sensor"": ""PRGINT""}",anomalia,Sensor Atascado,normal,normal,fail,True,0.0024508343904908,normal,False,False,False,False,0,0,,A_binary_miss
SS_e12051dce84d,SS,"{""available_independent_windows"": 58, ""duration"": 30, ""final_planned_checks"": 58, ""paper_sensor"": ""XGRINT"", ""requested_windows"": 100, ""sensor"": ""PRGINT""}",anomalia,Sensor Atascado,normal,normal,fail,True,0.0104562822068632,normal,False,False,False,False,0,0,,A_binary_miss
SS_a04055ef1d16,SS,"{""available_independent_windows"": 58, ""duration"": 30, ""final_planned_checks"": 58, ""paper_sensor"": ""XGRINT"", ""requested_windows"": 100, ""sensor"": ""PRGINT""}",anomalia,Sensor Atascado,normal,normal,fail,True,0.0181958465167149,normal,False,False,False,False,0,0,,A_binary_miss
SS_47a9f4da24be,SS,"{""available_independent_windows"": 58, ""duration"": 30, ""final_planned_checks"": 58, ""paper_sensor"": ""XGRINT"", ""requested_windows"": 100, ""sensor"": ""PRGINT""}",anomalia,Sensor Atascado,normal,normal,fail,True,0.0017276810059546,normal,False,False,False,False,0,0,,A_binary_miss
SS_b1657e0a55da,SS,"{""available_independent_windows"": 58, ""duration"": 30, ""final_planned_checks"": 58, ""paper_sensor"": ""XGRINT"", ""requested_windows"": 100, ""sensor"": ""PRGINT""}",anomalia,Sensor Atascado,normal,normal,fail,True,0.0099490873048962,normal,False,False,False,False,0,0,,A_binary_miss
SS_735f0541ac4e,SS,"{""available_independent_windows"": 58, ""duration"": 30, ""final_planned_checks"": 58, ""paper_sensor"": ""XGRINT"", ""requested_windows"": 100, ""sensor"": ""PRGINT""}",anomalia,Sensor Atascado,normal,normal,fail,True,0.0143829927073564,normal,False,False,False,False,0,0,,A_binary_miss
SS_6fd7fadb2a0b,SS,"{""available_independent_windows"": 58, ""duration"": 30, ""final_planned_checks"": 58, ""paper_sensor"": ""XGRINT"", ""requested_windows"": 100, ""sensor"": ""PRGINT""}",anomalia,Sensor Atascado,normal,normal,fail,True,0.0018867797325971,normal,False,False,False,False,0,0,,A_binary_miss
SS_f234006aee9a,SS,"{""available_independent_windows"": 58, ""duration"": 30, ""final_planned_checks"": 58, ""paper_sensor"": ""XGRINT"", ""requested_windows"": 100, ""sensor"": ""PRGINT""}",anomalia,Sensor Atascado,normal,normal,fail,True,0.001633658547809,normal,False,False,False,False,0,0,,A_binary_miss
SS_b0c27d19be1b,SS,"{""available_independent_windows"": 58, ""duration"": 30, ""final_planned_checks"": 58, ""paper_sensor"": ""XGRINT"", ""requested_windows"": 100, ""sensor"": ""PRGINT""}",anomalia,Sensor Atascado,normal,normal,fail,True,0.0066321921239589,normal,False,False,False,False,0,0,,A_binary_miss
SS_7f9f3f28643e,SS,"{""available_independent_windows"": 58, ""duration"": 30, ""final_planned_checks"": 58, ""paper_sensor"": ""XGRINT"", ""requested_windows"": 100, ""sensor"": ""PRGINT""}",anomalia,Sensor Atascado,normal,normal,fail,True,0.0199970796074375,normal,False,False,False,False,0,0,,A_binary_miss
SS_0147b052db37,SS,"{""available_independent_windows"": 58, ""duration"": 30, ""final_planned_checks"": 58, ""paper_sensor"": ""XGRINT"", ""requested_windows"": 100, ""sensor"": ""PRGINT""}",anomalia,Sensor Atascado,normal,normal,fail,True,0.0128821153720587,normal,False,False,False,False,0,0,,A_binary_miss
SS_449bfa7e5d13,SS,"{""available_independent_windows"": 58, ""duration"": 30, ""final_planned_checks"": 58, ""paper_sensor"": ""XGRINT"", ""requested_windows"": 100, ""sensor"": ""PRGINT""}",anomalia,Sensor Atascado,normal,normal,fail,True,0.187990441923693,normal,False,False,False,False,0,0,,A_binary_miss
SS_4a45addcafcb,SS,"{""available_independent_windows"": 58, ""duration"": 30, ""final_planned_checks"": 58, ""paper_sensor"": ""XGRINT"", ""requested_windows"": 100, ""sensor"": ""PRGINT""}",anomalia,Sensor Atascado,normal,normal,fail,True,0.0018069517658784,normal,False,False,False,False,0,0,,A_binary_miss
SS_7750467d440e,SS,"{""available_independent_windows"": 58, ""duration"": 30, ""final_planned_checks"": 58, ""paper_sensor"": ""XGRINT"", ""requested_windows"": 100, ""sensor"": ""PRGINT""}",anomalia,Sensor Atascado,normal,normal,fail,True,0.005726536081375,normal,False,False,False,False,0,0,,A_binary_miss
SS_f61472920a23,SS,"{""available_independent_windows"": 58, ""duration"": 30, ""final_planned_checks"": 58, ""paper_sensor"": ""XGRINT"", ""requested_windows"": 100, ""sensor"": ""PRGINT""}",anomalia,Sensor Atascado,normal,normal,fail,True,0.0023092105232,normal,False,False,False,False,0,0,,A_binary_miss
SS_fac1a6fe930f,SS,"{""available_independent_windows"": 58, ""duration"": 30, ""final_planned_checks"": 58, ""paper_sensor"": ""XGRINT"", ""requested_windows"": 100, ""sensor"": ""PRGINT""}",anomalia,Sensor Atascado,normal,normal,fail,True,0.0025263397665568,normal,False,False,False,False,0,0,,A_binary_miss
SS_c0f5d10ffcdb,SS,"{""available_independent_windows"": 58, ""duration"": 30, ""final_planned_checks"": 58, ""paper_sensor"": ""XGRINT"", ""requested_windows"": 100, ""sensor"": ""PRGINT""}",anomalia,Sensor Atascado,normal,normal,fail,True,0.0647327131696913,normal,False,False,False,False,0,0,,A_binary_miss
SS_922b1c755ef1,SS,"{""available_independent_windows"": 58, ""duration"": 30, ""final_planned_checks"": 58, ""paper_sensor"": ""XGRINT"", ""requested_windows"": 100, ""sensor"": ""PRGINT""}",anomalia,Sensor Atascado,normal,normal,fail,True,0.0049598041411546,normal,False,False,False,False,0,0,,A_binary_miss
SS_e583624c6289,SS,"{""available_independent_windows"": 58, ""duration"": 30, ""final_planned_checks"": 58, ""paper_sensor"": ""XGRINT"", ""requested_windows"": 100, ""sensor"": ""PRGINT""}",anomalia,Sensor Atascado,normal,normal,fail,True,0.0009771642096372,normal,False,False,False,False,0,0,,A_binary_miss
SS_d6e16aa6ef59,SS,"{""available_independent_windows"": 58, ""duration"": 30, ""final_planned_checks"": 58, ""paper_sensor"": ""XGRINT"", ""requested_windows"": 100, ""sensor"": ""PRGINT""}",anomalia,Sensor Atascado,normal,normal,fail,True,0.0013365685387336,normal,False,False,False,False,0,0,,A_binary_miss
SS_c6cd8ac93bd3,SS,"{""available_independent_windows"": 58, ""duration"": 30, ""final_planned_checks"": 58, ""paper_sensor"": ""XGRINT"", ""requested_windows"": 100, ""sensor"": ""PRGINT""}",anomalia,Sensor Atascado,normal,normal,fail,True,0.0019485089188681,normal,False,False,False,False,0,0,,A_binary_miss
SS_7871faa37137,SS,"{""available_independent_windows"": 58, ""duration"": 30, ""final_planned_checks"": 58, ""paper_sensor"": ""XGRINT"", ""requested_windows"": 100, ""sensor"": ""PRGINT""}",anomalia,Sensor Atascado,normal,normal,fail,True,0.0077581187213328,normal,False,False,False,False,0,0,,A_binary_miss
SS_e56ccc34b924,SS,"{""available_independent_windows"": 58, ""duration"": 30, ""final_planned_checks"": 58, ""paper_sensor"": ""XGRINT"", ""requested_windows"": 100, ""sensor"": ""PRGINT""}",anomalia,Sensor Atascado,normal,normal,fail,True,0.4276746511429738,normal,False,False,False,False,0,0,,A_binary_miss
SS_1a01ece184c4,SS,"{""available_independent_windows"": 58, ""duration"": 30, ""final_planned_checks"": 58, ""paper_sensor"": ""XGRINT"", ""requested_windows"": 100, ""sensor"": ""PRGINT""}",anomalia,Sensor Atascado,normal,normal,fail,True,0.0018725331870799,normal,False,False,False,False,0,0,,A_binary_miss
SS_4134ab7a385d,SS,"{""available_independent_windows"": 58, ""duration"": 30, ""final_planned_checks"": 58, ""paper_sensor"": ""XGRINT"", ""requested_windows"": 100, ""sensor"": ""PRGINT""}",anomalia,Sensor Atascado,normal,normal,fail,True,0.0043041645903343,normal,False,False,False,False,0,0,,A_binary_miss
SS_90503fdd9bb3,SS,"{""available_independent_windows"": 58, ""duration"": 30, ""final_planned_checks"": 58, ""paper_sensor"": ""XGRINT"", ""requested_windows"": 100, ""sensor"": ""PRGINT""}",anomalia,Sensor Atascado,normal,normal,fail,True,0.0055417055146714,normal,False,False,False,False,0,0,,A_binary_miss
SS_9627a8a7bb14,SS,"{""available_independent_windows"": 58, ""duration"": 30, ""final_planned_checks"": 58, ""paper_sensor"": ""XGRINT"", ""requested_windows"": 100, ""sensor"": ""PRGINT""}",anomalia,Sensor Atascado,normal,normal,fail,True,0.0107478113089954,normal,False,False,False,False,0,0,,A_binary_miss
SS_712dc7b59d77,SS,"{""available_independent_windows"": 58, ""duration"": 30, ""final_planned_checks"": 58, ""paper_sensor"": ""XGRINT"", ""requested_windows"": 100, ""sensor"": ""PRGINT""}",anomalia,Sensor Atascado,normal,normal,fail,True,0.0043721505231373,normal,False,False,False,False,0,0,,A_binary_miss
SS_ab67401385b7,SS,"{""available_independent_windows"": 58, ""duration"": 30, ""final_planned_checks"": 58, ""paper_sensor"": ""XGRINT"", ""requested_windows"": 100, ""sensor"": ""PRGINT""}",anomalia,Sensor Atascado,normal,normal,fail,True,0.001247346923959,normal,False,False,False,False,0,0,,A_binary_miss
SS_68f68059d944,SS,"{""available_independent_windows"": 58, ""duration"": 30, ""final_planned_checks"": 58, ""paper_sensor"": ""XGRINT"", ""requested_windows"": 100, ""sensor"": ""PRGINT""}",anomalia,Sensor Atascado,normal,normal,fail,True,0.0051208736479073,normal,False,False,False,False,0,0,,A_binary_miss
SS_18b63387cb5a,SS,"{""available_independent_windows"": 58, ""duration"": 30, ""final_planned_checks"": 58, ""paper_sensor"": ""XGRINT"", ""requested_windows"": 100, ""sensor"": ""PRGINT""}",anomalia,Sensor Atascado,normal,normal,fail,True,0.0247048125351282,normal,False,False,False,False,0,0,,A_binary_miss
SS_933e415938ff,SS,"{""available_independent_windows"": 58, ""duration"": 30, ""final_planned_checks"": 58, ""paper_sensor"": ""XGRINT"", ""requested_windows"": 100, ""sensor"": ""PRGINT""}",anomalia,Sensor Atascado,normal,normal,fail,True,0.0186520033979723,normal,False,False,False,False,0,0,,A_binary_miss
SS_c256784d535c,SS,"{""available_independent_windows"": 58, ""duration"": 30, ""final_planned_checks"": 58, ""paper_sensor"": ""XGRINT"", ""requested_windows"": 100, ""sensor"": ""PRGINT""}",anomalia,Sensor Atascado,normal,normal,fail,True,0.0169332036112175,normal,False,False,False,False,0,0,,A_binary_miss
SS_c64f37649375,SS,"{""available_independent_windows"": 58, ""duration"": 30, ""final_planned_checks"": 58, ""paper_sensor"": ""XGRINT"", ""requested_windows"": 100, ""sensor"": ""PRGINT""}",anomalia,Sensor Atascado,anomalia,Ruido,fail,True,0.9998557482748232,anomalia,False,False,False,False,0,0,,B_type_mismatch
SS_1347832e4068,SS,"{""available_independent_windows"": 58, ""duration"": 30, ""final_planned_checks"": 58, ""paper_sensor"": ""XGRINT"", ""requested_windows"": 100, ""sensor"": ""PRGINT""}",anomalia,Sensor Atascado,normal,normal,fail,True,0.0028305997857078,normal,False,False,False,False,0,0,,A_binary_miss
SS_8a318937b73a,SS,"{""available_independent_windows"": 58, ""duration"": 30, ""final_planned_checks"": 58, ""paper_sensor"": ""XGRINT"", ""requested_windows"": 100, ""sensor"": ""PRGINT""}",anomalia,Sensor Atascado,normal,normal,fail,True,0.001880878017775,normal,False,False,False,False,0,0,,A_binary_miss
SS_a0f7caa5ee0b,SS,"{""available_independent_windows"": 58, ""duration"": 30, ""final_planned_checks"": 58, ""paper_sensor"": ""XGRINT"", ""requested_windows"": 100, ""sensor"": ""PRGINT""}",anomalia,Sensor Atascado,normal,normal,fail,True,0.0021985698651726,normal,False,False,False,False,0,0,,A_binary_miss
SS_49ce2ee1b6ef,SS,"{""available_independent_windows"": 58, ""duration"": 30, ""final_planned_checks"": 58, ""paper_sensor"": ""XGRINT"", ""requested_windows"": 100, ""sensor"": ""PRGINT""}",anomalia,Sensor Atascado,normal,normal,fail,True,0.1518201620196975,normal,False,False,False,False,0,0,,A_binary_miss
SS_5c2729a79340,SS,"{""available_independent_windows"": 58, ""duration"": 30, ""final_planned_checks"": 58, ""paper_sensor"": ""XGRINT"", ""requested_windows"": 100, ""sensor"": ""PRGINT""}",anomalia,Sensor Atascado,anomalia,Ruido,fail,True,0.9296705616112226,anomalia,False,False,False,False,0,0,,B_type_mismatch
SS_bb43bbc3d59b,SS,"{""available_independent_windows"": 58, ""duration"": 30, ""final_planned_checks"": 58, ""paper_sensor"": ""XGRINT"", ""requested_windows"": 100, ""sensor"": ""PRGINT""}",anomalia,Sensor Atascado,normal,normal,fail,True,0.0019813742219731,normal,False,False,False,False,0,0,,A_binary_miss
SS_d848aaf08a57,SS,"{""available_independent_windows"": 58, ""duration"": 30, ""final_planned_checks"": 58, ""paper_sensor"": ""XGRINT"", ""requested_windows"": 100, ""sensor"": ""PRGINT""}",anomalia,Sensor Atascado,normal,normal,fail,True,0.0008750123514219,normal,False,False,False,False,0,0,,A_binary_miss
SS_26d0ef71f8f7,SS,"{""available_independent_windows"": 58, ""duration"": 30, ""final_planned_checks"": 58, ""paper_sensor"": ""XGRINT"", ""requested_windows"": 100, ""sensor"": ""PRGINT""}",anomalia,Sensor Atascado,normal,normal,fail,True,0.0031542641981652,normal,False,False,False,False,0,0,,A_binary_miss
SS_19c067053c76,SS,"{""available_independent_windows"": 18, ""duration"": 40, ""final_planned_checks"": 18, ""paper_sensor"": ""XGRINT"", ""requested_windows"": 100, ""sensor"": ""PRGINT""}",anomalia,Sensor Atascado,normal,normal,fail,False,0.0013593670134052,normal,False,False,False,False,0,0,,A_binary_miss
SS_318281e08620,SS,"{""available_independent_windows"": 18, ""duration"": 40, ""final_planned_checks"": 18, ""paper_sensor"": ""XGRINT"", ""requested_windows"": 100, ""sensor"": ""PRGINT""}",anomalia,Sensor Atascado,normal,normal,fail,False,0.0082975931676195,normal,False,False,False,False,0,0,,A_binary_miss
SS_6d698090cd43,SS,"{""available_independent_windows"": 18, ""duration"": 40, ""final_planned_checks"": 18, ""paper_sensor"": ""XGRINT"", ""requested_windows"": 100, ""sensor"": ""PRGINT""}",anomalia,Sensor Atascado,normal,normal,fail,False,0.0008448905465962,normal,False,False,False,False,0,0,,A_binary_miss
SS_61289c01aa21,SS,"{""available_independent_windows"": 18, ""duration"": 40, ""final_planned_checks"": 18, ""paper_sensor"": ""XGRINT"", ""requested_windows"": 100, ""sensor"": ""PRGINT""}",anomalia,Sensor Atascado,normal,normal,fail,False,0.0505894141016226,normal,False,False,False,False,0,0,,A_binary_miss
SS_d0b02031ed5e,SS,"{""available_independent_windows"": 18, ""duration"": 40, ""final_planned_checks"": 18, ""paper_sensor"": ""XGRINT"", ""requested_windows"": 100, ""sensor"": ""PRGINT""}",anomalia,Sensor Atascado,normal,normal,fail,False,0.0011983891160134,normal,False,False,False,False,0,0,,A_binary_miss
SS_514eb2f402ee,SS,"{""available_independent_windows"": 18, ""duration"": 40, ""final_planned_checks"": 18, ""paper_sensor"": ""XGRINT"", ""requested_windows"": 100, ""sensor"": ""PRGINT""}",anomalia,Sensor Atascado,normal,normal,fail,False,0.0039260419717025,normal,False,False,False,False,0,0,,A_binary_miss
SS_620191c5fe45,SS,"{""available_independent_windows"": 18, ""duration"": 40, ""final_planned_checks"": 18, ""paper_sensor"": ""XGRINT"", ""requested_windows"": 100, ""sensor"": ""PRGINT""}",anomalia,Sensor Atascado,normal,normal,fail,False,0.0035380304952227,normal,False,False,False,False,0,0,,A_binary_miss
SS_a8935a9649af,SS,"{""available_independent_windows"": 18, ""duration"": 40, ""final_planned_checks"": 18, ""paper_sensor"": ""XGRINT"", ""requested_windows"": 100, ""sensor"": ""PRGINT""}",anomalia,Sensor Atascado,normal,normal,fail,False,0.0072426793101093,normal,False,False,False,False,0,0,,A_binary_miss
SS_a649d56d0edb,SS,"{""available_independent_windows"": 18, ""duration"": 40, ""final_planned_checks"": 18, ""paper_sensor"": ""XGRINT"", ""requested_windows"": 100, ""sensor"": ""PRGINT""}",anomalia,Sensor Atascado,anomalia,Ruido,fail,False,0.8084158910085133,anomalia,False,False,False,False,0,0,,B_type_mismatch
SS_db42ca811023,SS,"{""available_independent_windows"": 18, ""duration"": 40, ""final_planned_checks"": 18, ""paper_sensor"": ""XGRINT"", ""requested_windows"": 100, ""sensor"": ""PRGINT""}",anomalia,Sensor Atascado,normal,normal,fail,False,0.1999557723013461,normal,False,False,False,False,0,0,,A_binary_miss
SS_db2c47b6bcfc,SS,"{""available_independent_windows"": 18, ""duration"": 40, ""final_planned_checks"": 18, ""paper_sensor"": ""XGRINT"", ""requested_windows"": 100, ""sensor"": ""PRGINT""}",anomalia,Sensor Atascado,normal,normal,fail,False,0.0112922844754445,normal,False,False,False,False,0,0,,A_binary_miss
SS_368419212365,SS,"{""available_independent_windows"": 18, ""duration"": 40, ""final_planned_checks"": 18, ""paper_sensor"": ""XGRINT"", ""requested_windows"": 100, ""sensor"": ""PRGINT""}",anomalia,Sensor Atascado,normal,normal,fail,False,0.0040681699547329,normal,False,False,False,False,0,0,,A_binary_miss
SS_910a9cb5d6c6,SS,"{""available_independent_windows"": 18, ""duration"": 40, ""final_planned_checks"": 18, ""paper_sensor"": ""XGRINT"", ""requested_windows"": 100, ""sensor"": ""PRGINT""}",anomalia,Sensor Atascado,normal,normal,fail,False,0.0016859373581286,normal,False,False,False,False,0,0,,A_binary_miss
SS_3dc18ffadcbd,SS,"{""available_independent_windows"": 18, ""duration"": 40, ""final_planned_checks"": 18, ""paper_sensor"": ""XGRINT"", ""requested_windows"": 100, ""sensor"": ""PRGINT""}",anomalia,Sensor Atascado,normal,normal,fail,False,0.0105439301965654,normal,False,False,False,False,0,0,,A_binary_miss
SS_85dda0ce63f2,SS,"{""available_independent_windows"": 18, ""duration"": 40, ""final_planned_checks"": 18, ""paper_sensor"": ""XGRINT"", ""requested_windows"": 100, ""sensor"": ""PRGINT""}",anomalia,Sensor Atascado,normal,normal,fail,False,0.0054894391819636,normal,False,False,False,False,0,0,,A_binary_miss
SS_612c266b000f,SS,"{""available_independent_windows"": 18, ""duration"": 40, ""final_planned_checks"": 18, ""paper_sensor"": ""XGRINT"", ""requested_windows"": 100, ""sensor"": ""PRGINT""}",anomalia,Sensor Atascado,normal,normal,fail,False,0.0010484740693533,normal,False,False,False,False,0,0,,A_binary_miss
SS_34433b4747f4,SS,"{""available_independent_windows"": 18, ""duration"": 40, ""final_planned_checks"": 18, ""paper_sensor"": ""XGRINT"", ""requested_windows"": 100, ""sensor"": ""PRGINT""}",anomalia,Sensor Atascado,normal,normal,fail,False,0.001563635828225,normal,False,False,False,False,0,0,,A_binary_miss
SS_193f99c522cc,SS,"{""available_independent_windows"": 18, ""duration"": 40, ""final_planned_checks"": 18, ""paper_sensor"": ""XGRINT"", ""requested_windows"": 100, ""sensor"": ""PRGINT""}",anomalia,Sensor Atascado,normal,normal,fail,False,0.0048049643409564,normal,False,False,False,False,0,0,,A_binary_miss
SS_720c777420b5,SS,"{""available_independent_windows"": 4, ""duration"": 50, ""final_planned_checks"": 4, ""paper_sensor"": ""XGRINT"", ""requested_windows"": 100, ""sensor"": ""PRGINT""}",anomalia,Sensor Atascado,normal,normal,fail,False,0.0006855012361983,normal,False,False,False,False,0,0,,A_binary_miss
SS_6c9fad416d2a,SS,"{""available_independent_windows"": 4, ""duration"": 50, ""final_planned_checks"": 4, ""paper_sensor"": ""XGRINT"", ""requested_windows"": 100, ""sensor"": ""PRGINT""}",anomalia,Sensor Atascado,normal,normal,fail,False,0.0009312134046134,normal,False,False,False,False,0,0,,A_binary_miss
SS_7718a751937c,SS,"{""available_independent_windows"": 4, ""duration"": 50, ""final_planned_checks"": 4, ""paper_sensor"": ""XGRINT"", ""requested_windows"": 100, ""sensor"": ""PRGINT""}",anomalia,Sensor Atascado,normal,normal,fail,False,0.0635153734073898,normal,False,False,False,False,0,0,,A_binary_miss
SS_eb7c099bac7f,SS,"{""available_independent_windows"": 4, ""duration"": 50, ""final_planned_checks"": 4, ""paper_sensor"": ""XGRINT"", ""requested_windows"": 100, ""sensor"": ""PRGINT""}",anomalia,Sensor Atascado,normal,normal,fail,False,0.0158672729779937,normal,False,False,False,False,0,0,,A_binary_miss
SS_ee07a02a1ba1,SS,"{""available_independent_windows"": 1, ""duration"": 60, ""final_planned_checks"": 1, ""paper_sensor"": ""XGRINT"", ""requested_windows"": 100, ""sensor"": ""PRGINT""}",anomalia,Sensor Atascado,normal,normal,fail,False,0.0040413349964622,normal,False,False,False,False,0,0,,A_binary_miss
SS_fceb96d5aa24,SS,"{""available_independent_windows"": 1640, ""duration"": 16, ""final_planned_checks"": 100, ""paper_sensor"": ""XHINT"", ""requested_windows"": 100, ""sensor"": ""XHINV""}",anomalia,Sensor Atascado,normal,normal,fail,True,0.2817105217074658,normal,False,False,False,False,0,1,,A_binary_miss
SS_51c11c3d5410,SS,"{""available_independent_windows"": 1640, ""duration"": 16, ""final_planned_checks"": 100, ""paper_sensor"": ""XHINT"", ""requested_windows"": 100, ""sensor"": ""XHINV""}",anomalia,Sensor Atascado,normal,normal,fail,True,0.2555075378615191,normal,False,False,False,False,0,1,,A_binary_miss
SS_49fe0723ee53,SS,"{""available_independent_windows"": 1640, ""duration"": 16, ""final_planned_checks"": 100, ""paper_sensor"": ""XHINT"", ""requested_windows"": 100, ""sensor"": ""XHINV""}",anomalia,Sensor Atascado,normal,normal,fail,True,0.4322439319376898,normal,False,False,False,False,0,0,,A_binary_miss
SS_360f0c39393e,SS,"{""available_independent_windows"": 1640, ""duration"": 16, ""final_planned_checks"": 100, ""paper_sensor"": ""XHINT"", ""requested_windows"": 100, ""sensor"": ""XHINV""}",anomalia,Sensor Atascado,normal,normal,fail,True,0.2552362709615478,normal,False,False,False,False,0,1,,A_binary_miss
SS_1ecaf040779a,SS,"{""available_independent_windows"": 1640, ""duration"": 16, ""final_planned_checks"": 100, ""paper_sensor"": ""XHINT"", ""requested_windows"": 100, ""sensor"": ""XHINV""}",anomalia,Sensor Atascado,normal,normal,fail,True,0.4409632271574341,normal,False,False,False,False,0,1,,A_binary_miss
SS_2a91f98cd234,SS,"{""available_independent_windows"": 1640, ""duration"": 16, ""final_planned_checks"": 100, ""paper_sensor"": ""XHINT"", ""requested_windows"": 100, ""sensor"": ""XHINV""}",anomalia,Sensor Atascado,normal,normal,fail,True,0.2471285045665502,normal,False,False,False,False,0,1,,A_binary_miss
SS_da01afc28f1c,SS,"{""available_independent_windows"": 1640, ""duration"": 16, ""final_planned_checks"": 100, ""paper_sensor"": ""XHINT"", ""requested_windows"": 100, ""sensor"": ""XHINV""}",anomalia,Sensor Atascado,normal,normal,fail,True,0.4168167467645439,normal,False,False,False,False,0,1,,A_binary_miss
SS_58647a5b51a7,SS,"{""available_independent_windows"": 1640, ""duration"": 16, ""final_planned_checks"": 100, ""paper_sensor"": ""XHINT"", ""requested_windows"": 100, ""sensor"": ""XHINV""}",anomalia,Sensor Atascado,normal,normal,fail,True,0.7417279519024014,normal,False,False,False,False,0,0,,A_binary_miss
SS_f5f9f54563c6,SS,"{""available_independent_windows"": 1640, ""duration"": 16, ""final_planned_checks"": 100, ""paper_sensor"": ""XHINT"", ""requested_windows"": 100, ""sensor"": ""XHINV""}",anomalia,Sensor Atascado,normal,normal,fail,True,0.3441337128042629,normal,False,False,False,False,0,1,,A_binary_miss
SS_3ea71001064b,SS,"{""available_independent_windows"": 1640, ""duration"": 16, ""final_planned_checks"": 100, ""paper_sensor"": ""XHINT"", ""requested_windows"": 100, ""sensor"": ""XHINV""}",anomalia,Sensor Atascado,normal,normal,fail,True,0.2944941932707008,normal,False,False,False,False,0,1,,A_binary_miss
SS_71841fda0764,SS,"{""available_independent_windows"": 1640, ""duration"": 16, ""final_planned_checks"": 100, ""paper_sensor"": ""XHINT"", ""requested_windows"": 100, ""sensor"": ""XHINV""}",anomalia,Sensor Atascado,normal,normal,fail,True,0.7455259500910266,normal,False,False,False,False,0,0,,A_binary_miss
SS_538e900c6c37,SS,"{""available_independent_windows"": 1640, ""duration"": 16, ""final_planned_checks"": 100, ""paper_sensor"": ""XHINT"", ""requested_windows"": 100, ""sensor"": ""XHINV""}",anomalia,Sensor Atascado,normal,normal,fail,True,0.2462436273221734,normal,False,False,False,False,0,1,,A_binary_miss
SS_e16b8df1d932,SS,"{""available_independent_windows"": 1640, ""duration"": 16, ""final_planned_checks"": 100, ""paper_sensor"": ""XHINT"", ""requested_windows"": 100, ""sensor"": ""XHINV""}",anomalia,Sensor Atascado,normal,normal,fail,True,0.2273683961296143,normal,False,False,False,False,0,1,,A_binary_miss
SS_b66a4be69566,SS,"{""available_independent_windows"": 1640, ""duration"": 16, ""final_planned_checks"": 100, ""paper_sensor"": ""XHINT"", ""requested_windows"": 100, ""sensor"": ""XHINV""}",anomalia,Sensor Atascado,normal,normal,fail,True,0.5139239941283127,normal,False,False,False,False,0,0,,A_binary_miss
SS_e7c15edea98b,SS,"{""available_independent_windows"": 1640, ""duration"": 16, ""final_planned_checks"": 100, ""paper_sensor"": ""XHINT"", ""requested_windows"": 100, ""sensor"": ""XHINV""}",anomalia,Sensor Atascado,normal,normal,fail,True,0.2500326937309629,normal,False,False,False,False,0,1,,A_binary_miss
SS_2c6e015b3d36,SS,"{""available_independent_windows"": 1640, ""duration"": 16, ""final_planned_checks"": 100, ""paper_sensor"": ""XHINT"", ""requested_windows"": 100, ""sensor"": ""XHINV""}",anomalia,Sensor Atascado,normal,normal,fail,True,0.3675544979212402,normal,False,False,False,False,0,0,,A_binary_miss
SS_6ff5510ba946,SS,"{""available_independent_windows"": 1640, ""duration"": 16, ""final_planned_checks"": 100, ""paper_sensor"": ""XHINT"", ""requested_windows"": 100, ""sensor"": ""XHINV""}",anomalia,Sensor Atascado,normal,normal,fail,True,0.2286222650559964,normal,False,False,False,False,0,1,,A_binary_miss
SS_84081b338be8,SS,"{""available_independent_windows"": 1640, ""duration"": 16, ""final_planned_checks"": 100, ""paper_sensor"": ""XHINT"", ""requested_windows"": 100, ""sensor"": ""XHINV""}",anomalia,Sensor Atascado,normal,normal,fail,True,0.4324709991619358,normal,False,False,False,False,0,0,,A_binary_miss
SS_5c6eaf554163,SS,"{""available_independent_windows"": 1640, ""duration"": 16, ""final_planned_checks"": 100, ""paper_sensor"": ""XHINT"", ""requested_windows"": 100, ""sensor"": ""XHINV""}",anomalia,Sensor Atascado,normal,normal,fail,True,0.2664383676903448,normal,False,False,False,False,0,1,,A_binary_miss
SS_104c0663d7a4,SS,"{""available_independent_windows"": 1640, ""duration"": 16, ""final_planned_checks"": 100, ""paper_sensor"": ""XHINT"", ""requested_windows"": 100, ""sensor"": ""XHINV""}",anomalia,Sensor Atascado,normal,normal,fail,True,0.4122605212725482,normal,False,False,False,False,0,1,,A_binary_miss
SS_cd6312e108f5,SS,"{""available_independent_windows"": 1640, ""duration"": 16, ""final_planned_checks"": 100, ""paper_sensor"": ""XHINT"", ""requested_windows"": 100, ""sensor"": ""XHINV""}",anomalia,Sensor Atascado,normal,normal,fail,True,0.5966696989870027,normal,False,False,False,False,0,1,,A_binary_miss
SS_d8ba3335813a,SS,"{""available_independent_windows"": 1640, ""duration"": 16, ""final_planned_checks"": 100, ""paper_sensor"": ""XHINT"", ""requested_windows"": 100, ""sensor"": ""XHINV""}",anomalia,Sensor Atascado,normal,normal,fail,True,0.2796622119751254,normal,False,False,False,False,0,1,,A_binary_miss
SS_9566b2eec635,SS,"{""available_independent_windows"": 1640, ""duration"": 16, ""final_planned_checks"": 100, ""paper_sensor"": ""XHINT"", ""requested_windows"": 100, ""sensor"": ""XHINV""}",anomalia,Sensor Atascado,normal,normal,fail,True,0.432936876454181,normal,False,False,False,False,0,1,,A_binary_miss
SS_1d1e155ab1e1,SS,"{""available_independent_windows"": 1640, ""duration"": 16, ""final_planned_checks"": 100, ""paper_sensor"": ""XHINT"", ""requested_windows"": 100, ""sensor"": ""XHINV""}",anomalia,Sensor Atascado,normal,normal,fail,True,0.4625130480766595,normal,False,False,False,False,0,1,,A_binary_miss
SS_885291950ed3,SS,"{""available_independent_windows"": 1640, ""duration"": 16, ""final_planned_checks"": 100, ""paper_sensor"": ""XHINT"", ""requested_windows"": 100, ""sensor"": ""XHINV""}",anomalia,Sensor Atascado,normal,normal,fail,True,0.2372129414312095,normal,False,False,False,False,0,1,,A_binary_miss
SS_c49658cf6883,SS,"{""available_independent_windows"": 1640, ""duration"": 16, ""final_planned_checks"": 100, ""paper_sensor"": ""XHINT"", ""requested_windows"": 100, ""sensor"": ""XHINV""}",anomalia,Sensor Atascado,normal,normal,fail,True,0.2771662858243885,normal,False,False,False,False,0,1,,A_binary_miss
SS_949c55688400,SS,"{""available_independent_windows"": 1640, ""duration"": 16, ""final_planned_checks"": 100, ""paper_sensor"": ""XHINT"", ""requested_windows"": 100, ""sensor"": ""XHINV""}",anomalia,Sensor Atascado,normal,normal,fail,True,0.4339435726983836,normal,False,False,False,False,0,1,,A_binary_miss
SS_defb97b7a87a,SS,"{""available_independent_windows"": 1640, ""duration"": 16, ""final_planned_checks"": 100, ""paper_sensor"": ""XHINT"", ""requested_windows"": 100, ""sensor"": ""XHINV""}",anomalia,Sensor Atascado,normal,normal,fail,True,0.4858619356607453,normal,False,False,False,False,0,0,,A_binary_miss
SS_d0e3a86e9f8f,SS,"{""available_independent_windows"": 1640, ""duration"": 16, ""final_planned_checks"": 100, ""paper_sensor"": ""XHINT"", ""requested_windows"": 100, ""sensor"": ""XHINV""}",anomalia,Sensor Atascado,normal,normal,fail,True,0.2438807812444929,normal,False,False,False,False,0,1,,A_binary_miss
SS_385c8faad040,SS,"{""available_independent_windows"": 1640, ""duration"": 16, ""final_planned_checks"": 100, ""paper_sensor"": ""XHINT"", ""requested_windows"": 100, ""sensor"": ""XHINV""}",anomalia,Sensor Atascado,normal,normal,fail,True,0.4555482974850353,normal,False,False,False,False,0,1,,A_binary_miss
SS_76daf5b05dc3,SS,"{""available_independent_windows"": 1640, ""duration"": 16, ""final_planned_checks"": 100, ""paper_sensor"": ""XHINT"", ""requested_windows"": 100, ""sensor"": ""XHINV""}",anomalia,Sensor Atascado,normal,normal,fail,True,0.3003404161264542,normal,False,False,False,False,0,1,,A_binary_miss
SS_a49a6afb0aac,SS,"{""available_independent_windows"": 1640, ""duration"": 16, ""final_planned_checks"": 100, ""paper_sensor"": ""XHINT"", ""requested_windows"": 100, ""sensor"": ""XHINV""}",anomalia,Sensor Atascado,normal,normal,fail,True,0.4781301041346331,normal,False,False,False,False,0,1,,A_binary_miss
SS_bc200394de40,SS,"{""available_independent_windows"": 1640, ""duration"": 16, ""final_planned_checks"": 100, ""paper_sensor"": ""XHINT"", ""requested_windows"": 100, ""sensor"": ""XHINV""}",anomalia,Sensor Atascado,anomalia,Ruido,fail,True,0.9532107523257942,anomalia,False,False,False,False,0,1,,B_type_mismatch
SS_eb9f693028e3,SS,"{""available_independent_windows"": 1640, ""duration"": 16, ""final_planned_checks"": 100, ""paper_sensor"": ""XHINT"", ""requested_windows"": 100, ""sensor"": ""XHINV""}",anomalia,Sensor Atascado,normal,normal,fail,True,0.2180706307901594,normal,False,False,False,False,0,1,,A_binary_miss
SS_ec3cde694362,SS,"{""available_independent_windows"": 1640, ""duration"": 16, ""final_planned_checks"": 100, ""paper_sensor"": ""XHINT"", ""requested_windows"": 100, ""sensor"": ""XHINV""}",anomalia,Sensor Atascado,normal,normal,fail,True,0.2355548694161132,normal,False,False,False,False,0,0,,A_binary_miss
SS_07bb36676cf3,SS,"{""available_independent_windows"": 1640, ""duration"": 16, ""final_planned_checks"": 100, ""paper_sensor"": ""XHINT"", ""requested_windows"": 100, ""sensor"": ""XHINV""}",anomalia,Sensor Atascado,normal,normal,fail,True,0.3751177928071508,normal,False,False,False,False,0,0,,A_binary_miss
SS_8f0e01505c7a,SS,"{""available_independent_windows"": 1640, ""duration"": 16, ""final_planned_checks"": 100, ""paper_sensor"": ""XHINT"", ""requested_windows"": 100, ""sensor"": ""XHINV""}",anomalia,Sensor Atascado,normal,normal,fail,True,0.5355860701046193,normal,False,False,False,False,0,1,,A_binary_miss
SS_7594d4348bc5,SS,"{""available_independent_windows"": 1640, ""duration"": 16, ""final_planned_checks"": 100, ""paper_sensor"": ""XHINT"", ""requested_windows"": 100, ""sensor"": ""XHINV""}",anomalia,Sensor Atascado,normal,normal,fail,True,0.3700489907724217,normal,False,False,False,False,0,1,,A_binary_miss
SS_bf80ae9a2191,SS,"{""available_independent_windows"": 1640, ""duration"": 16, ""final_planned_checks"": 100, ""paper_sensor"": ""XHINT"", ""requested_windows"": 100, ""sensor"": ""XHINV""}",anomalia,Sensor Atascado,normal,normal,fail,True,0.3954898443986606,normal,False,False,False,False,0,1,,A_binary_miss
SS_0b09d53287c3,SS,"{""available_independent_windows"": 1640, ""duration"": 16, ""final_planned_checks"": 100, ""paper_sensor"": ""XHINT"", ""requested_windows"": 100, ""sensor"": ""XHINV""}",anomalia,Sensor Atascado,normal,normal,fail,True,0.4300572909555576,normal,False,False,False,False,0,1,,A_binary_miss
SS_953819c5edac,SS,"{""available_independent_windows"": 1640, ""duration"": 16, ""final_planned_checks"": 100, ""paper_sensor"": ""XHINT"", ""requested_windows"": 100, ""sensor"": ""XHINV""}",anomalia,Sensor Atascado,normal,normal,fail,True,0.4996122411424553,normal,False,False,False,False,0,1,,A_binary_miss
SS_7a9bd7a582a7,SS,"{""available_independent_windows"": 1640, ""duration"": 16, ""final_planned_checks"": 100, ""paper_sensor"": ""XHINT"", ""requested_windows"": 100, ""sensor"": ""XHINV""}",anomalia,Sensor Atascado,normal,normal,fail,True,0.573727993558093,normal,False,False,False,False,0,1,,A_binary_miss
SS_f18fea369f4e,SS,"{""available_independent_windows"": 1640, ""duration"": 16, ""final_planned_checks"": 100, ""paper_sensor"": ""XHINT"", ""requested_windows"": 100, ""sensor"": ""XHINV""}",anomalia,Sensor Atascado,normal,normal,fail,True,0.7287643050244452,normal,False,False,False,False,0,0,,A_binary_miss
SS_8f7e87711ab0,SS,"{""available_independent_windows"": 1640, ""duration"": 16, ""final_planned_checks"": 100, ""paper_sensor"": ""XHINT"", ""requested_windows"": 100, ""sensor"": ""XHINV""}",anomalia,Sensor Atascado,normal,normal,fail,True,0.2250970903155548,normal,False,False,False,False,0,1,,A_binary_miss
SS_3f8d1beb1fd9,SS,"{""available_independent_windows"": 1640, ""duration"": 16, ""final_planned_checks"": 100, ""paper_sensor"": ""XHINT"", ""requested_windows"": 100, ""sensor"": ""XHINV""}",anomalia,Sensor Atascado,normal,normal,fail,True,0.4893879596744608,normal,False,False,False,False,0,0,,A_binary_miss
SS_3730e332aa07,SS,"{""available_independent_windows"": 1640, ""duration"": 16, ""final_planned_checks"": 100, ""paper_sensor"": ""XHINT"", ""requested_windows"": 100, ""sensor"": ""XHINV""}",anomalia,Sensor Atascado,normal,normal,fail,True,0.4002643626843778,normal,False,False,False,False,0,1,,A_binary_miss
SS_ae2dfae5ed06,SS,"{""available_independent_windows"": 1640, ""duration"": 16, ""final_planned_checks"": 100, ""paper_sensor"": ""XHINT"", ""requested_windows"": 100, ""sensor"": ""XHINV""}",anomalia,Sensor Atascado,normal,normal,fail,True,0.6319872972231236,normal,False,False,False,False,0,1,,A_binary_miss
SS_a064a1da1bfc,SS,"{""available_independent_windows"": 1640, ""duration"": 16, ""final_planned_checks"": 100, ""paper_sensor"": ""XHINT"", ""requested_windows"": 100, ""sensor"": ""XHINV""}",anomalia,Sensor Atascado,normal,normal,fail,True,0.3603949313548187,normal,False,False,False,False,0,1,,A_binary_miss
SS_5a8051b2ee57,SS,"{""available_independent_windows"": 1640, ""duration"": 16, ""final_planned_checks"": 100, ""paper_sensor"": ""XHINT"", ""requested_windows"": 100, ""sensor"": ""XHINV""}",anomalia,Sensor Atascado,normal,normal,fail,True,0.3862577265524292,normal,False,False,False,False,0,1,,A_binary_miss
SS_51ac53855bb2,SS,"{""available_independent_windows"": 1640, ""duration"": 16, ""final_planned_checks"": 100, ""paper_sensor"": ""XHINT"", ""requested_windows"": 100, ""sensor"": ""XHINV""}",anomalia,Sensor Atascado,normal,normal,fail,True,0.3253175533750025,normal,False,False,False,False,0,1,,A_binary_miss
SS_78705538a3c6,SS,"{""available_independent_windows"": 1640, ""duration"": 16, ""final_planned_checks"": 100, ""paper_sensor"": ""XHINT"", ""requested_windows"": 100, ""sensor"": ""XHINV""}",anomalia,Sensor Atascado,normal,normal,fail,True,0.2785243863243576,normal,False,False,False,False,0,1,,A_binary_miss
SS_2efd643e2da1,SS,"{""available_independent_windows"": 802, ""duration"": 20, ""final_planned_checks"": 100, ""paper_sensor"": ""XHINT"", ""requested_windows"": 100, ""sensor"": ""XHINV""}",anomalia,Sensor Atascado,normal,normal,fail,True,0.4156406326968982,normal,False,False,False,False,0,1,,A_binary_miss
SS_b25e4f251d9a,SS,"{""available_independent_windows"": 802, ""duration"": 20, ""final_planned_checks"": 100, ""paper_sensor"": ""XHINT"", ""requested_windows"": 100, ""sensor"": ""XHINV""}",anomalia,Sensor Atascado,normal,normal,fail,True,0.2052848471085652,normal,False,False,False,False,0,1,,A_binary_miss
SS_9d693a46f7ab,SS,"{""available_independent_windows"": 802, ""duration"": 20, ""final_planned_checks"": 100, ""paper_sensor"": ""XHINT"", ""requested_windows"": 100, ""sensor"": ""XHINV""}",anomalia,Sensor Atascado,normal,normal,fail,True,0.2131586367938482,normal,False,False,False,False,0,1,,A_binary_miss
SS_cc0e1ab78916,SS,"{""available_independent_windows"": 802, ""duration"": 20, ""final_planned_checks"": 100, ""paper_sensor"": ""XHINT"", ""requested_windows"": 100, ""sensor"": ""XHINV""}",anomalia,Sensor Atascado,normal,normal,fail,True,0.2250635602051128,normal,False,False,False,False,0,0,,A_binary_miss
SS_7634f9d74a13,SS,"{""available_independent_windows"": 802, ""duration"": 20, ""final_planned_checks"": 100, ""paper_sensor"": ""XHINT"", ""requested_windows"": 100, ""sensor"": ""XHINV""}",anomalia,Sensor Atascado,normal,normal,fail,True,0.7906599054027129,normal,False,False,False,False,0,0,,A_binary_miss
SS_4be2685a14c9,SS,"{""available_independent_windows"": 802, ""duration"": 20, ""final_planned_checks"": 100, ""paper_sensor"": ""XHINT"", ""requested_windows"": 100, ""sensor"": ""XHINV""}",anomalia,Sensor Atascado,normal,normal,fail,True,0.2689880082682226,normal,False,False,False,False,0,1,,A_binary_miss
SS_1400ef46ace2,SS,"{""available_independent_windows"": 802, ""duration"": 20, ""final_planned_checks"": 100, ""paper_sensor"": ""XHINT"", ""requested_windows"": 100, ""sensor"": ""XHINV""}",anomalia,Sensor Atascado,normal,normal,fail,True,0.4078330374953487,normal,False,False,False,False,0,1,,A_binary_miss
SS_7b7fc991936e,SS,"{""available_independent_windows"": 802, ""duration"": 20, ""final_planned_checks"": 100, ""paper_sensor"": ""XHINT"", ""requested_windows"": 100, ""sensor"": ""XHINV""}",anomalia,Sensor Atascado,normal,normal,fail,True,0.3201680418313328,normal,False,False,False,False,0,1,,A_binary_miss
SS_c7ebd7938178,SS,"{""available_independent_windows"": 802, ""duration"": 20, ""final_planned_checks"": 100, ""paper_sensor"": ""XHINT"", ""requested_windows"": 100, ""sensor"": ""XHINV""}",anomalia,Sensor Atascado,normal,normal,fail,True,0.3908224612899163,normal,False,False,False,False,0,1,,A_binary_miss
SS_2b140e0eb43d,SS,"{""available_independent_windows"": 802, ""duration"": 20, ""final_planned_checks"": 100, ""paper_sensor"": ""XHINT"", ""requested_windows"": 100, ""sensor"": ""XHINV""}",anomalia,Sensor Atascado,normal,normal,fail,True,0.2979659905784313,normal,False,False,False,False,0,1,,A_binary_miss
SS_86af541ad28d,SS,"{""available_independent_windows"": 802, ""duration"": 20, ""final_planned_checks"": 100, ""paper_sensor"": ""XHINT"", ""requested_windows"": 100, ""sensor"": ""XHINV""}",anomalia,Sensor Atascado,normal,normal,fail,True,0.4449559601030997,normal,False,False,False,False,0,0,,A_binary_miss
SS_15a428598918,SS,"{""available_independent_windows"": 802, ""duration"": 20, ""final_planned_checks"": 100, ""paper_sensor"": ""XHINT"", ""requested_windows"": 100, ""sensor"": ""XHINV""}",anomalia,Sensor Atascado,normal,normal,fail,True,0.4332924071995324,normal,False,False,False,False,0,1,,A_binary_miss
SS_fc38662a9caa,SS,"{""available_independent_windows"": 802, ""duration"": 20, ""final_planned_checks"": 100, ""paper_sensor"": ""XHINT"", ""requested_windows"": 100, ""sensor"": ""XHINV""}",anomalia,Sensor Atascado,normal,normal,fail,True,0.4823586942946752,normal,False,False,False,False,0,1,,A_binary_miss
SS_868ccb7579de,SS,"{""available_independent_windows"": 802, ""duration"": 20, ""final_planned_checks"": 100, ""paper_sensor"": ""XHINT"", ""requested_windows"": 100, ""sensor"": ""XHINV""}",anomalia,Sensor Atascado,normal,normal,fail,True,0.684965837216342,normal,False,False,False,False,0,0,,A_binary_miss
SS_46fad04138d2,SS,"{""available_independent_windows"": 802, ""duration"": 20, ""final_planned_checks"": 100, ""paper_sensor"": ""XHINT"", ""requested_windows"": 100, ""sensor"": ""XHINV""}",anomalia,Sensor Atascado,normal,normal,fail,True,0.1442916614151838,normal,False,False,False,False,0,0,,A_binary_miss
SS_a4bbc488a88c,SS,"{""available_independent_windows"": 802, ""duration"": 20, ""final_planned_checks"": 100, ""paper_sensor"": ""XHINT"", ""requested_windows"": 100, ""sensor"": ""XHINV""}",anomalia,Sensor Atascado,normal,normal,fail,True,0.292364024200221,normal,False,False,False,False,0,1,,A_binary_miss
SS_38c56d4f495c,SS,"{""available_independent_windows"": 802, ""duration"": 20, ""final_planned_checks"": 100, ""paper_sensor"": ""XHINT"", ""requested_windows"": 100, ""sensor"": ""XHINV""}",anomalia,Sensor Atascado,normal,normal,fail,True,0.2537892450113269,normal,False,False,False,False,0,1,,A_binary_miss
SS_c7e960b633cb,SS,"{""available_independent_windows"": 802, ""duration"": 20, ""final_planned_checks"": 100, ""paper_sensor"": ""XHINT"", ""requested_windows"": 100, ""sensor"": ""XHINV""}",anomalia,Sensor Atascado,normal,normal,fail,True,0.4076076559689552,normal,False,False,False,False,0,0,,A_binary_miss
SS_8523677905b4,SS,"{""available_independent_windows"": 802, ""duration"": 20, ""final_planned_checks"": 100, ""paper_sensor"": ""XHINT"", ""requested_windows"": 100, ""sensor"": ""XHINV""}",anomalia,Sensor Atascado,normal,normal,fail,True,0.381415423526818,normal,False,False,False,False,0,1,,A_binary_miss
SS_33db587eb774,SS,"{""available_independent_windows"": 802, ""duration"": 20, ""final_planned_checks"": 100, ""paper_sensor"": ""XHINT"", ""requested_windows"": 100, ""sensor"": ""XHINV""}",anomalia,Sensor Atascado,normal,normal,fail,True,0.2776394770019192,normal,False,False,False,False,0,1,,A_binary_miss
SS_8acecc9254e7,SS,"{""available_independent_windows"": 802, ""duration"": 20, ""final_planned_checks"": 100, ""paper_sensor"": ""XHINT"", ""requested_windows"": 100, ""sensor"": ""XHINV""}",anomalia,Sensor Atascado,normal,normal,fail,True,0.2748049300358224,normal,False,False,False,False,0,1,,A_binary_miss
SS_2b1c80952a8e,SS,"{""available_independent_windows"": 802, ""duration"": 20, ""final_planned_checks"": 100, ""paper_sensor"": ""XHINT"", ""requested_windows"": 100, ""sensor"": ""XHINV""}",anomalia,Sensor Atascado,normal,normal,fail,True,0.3507828761550861,normal,False,False,False,False,0,1,,A_binary_miss
SS_4d390c2037ed,SS,"{""available_independent_windows"": 802, ""duration"": 20, ""final_planned_checks"": 100, ""paper_sensor"": ""XHINT"", ""requested_windows"": 100, ""sensor"": ""XHINV""}",anomalia,Sensor Atascado,normal,normal,fail,True,0.2819023140843154,normal,False,False,False,False,0,1,,A_binary_miss
SS_8fb2777551c3,SS,"{""available_independent_windows"": 802, ""duration"": 20, ""final_planned_checks"": 100, ""paper_sensor"": ""XHINT"", ""requested_windows"": 100, ""sensor"": ""XHINV""}",anomalia,Sensor Atascado,normal,normal,fail,True,0.3789873279435474,normal,False,False,False,False,0,1,,A_binary_miss
SS_3925e6ef5a18,SS,"{""available_independent_windows"": 802, ""duration"": 20, ""final_planned_checks"": 100, ""paper_sensor"": ""XHINT"", ""requested_windows"": 100, ""sensor"": ""XHINV""}",anomalia,Sensor Atascado,normal,normal,fail,True,0.3489098525102135,normal,False,False,False,False,0,1,,A_binary_miss
SS_187f7074d840,SS,"{""available_independent_windows"": 802, ""duration"": 20, ""final_planned_checks"": 100, ""paper_sensor"": ""XHINT"", ""requested_windows"": 100, ""sensor"": ""XHINV""}",anomalia,Sensor Atascado,normal,normal,fail,True,0.4278642351069225,normal,False,False,False,False,0,1,,A_binary_miss
SS_e9292513a6d6,SS,"{""available_independent_windows"": 802, ""duration"": 20, ""final_planned_checks"": 100, ""paper_sensor"": ""XHINT"", ""requested_windows"": 100, ""sensor"": ""XHINV""}",anomalia,Sensor Atascado,normal,normal,fail,True,0.4418132288174078,normal,False,False,False,False,0,1,,A_binary_miss
SS_88198a9b60f2,SS,"{""available_independent_windows"": 802, ""duration"": 20, ""final_planned_checks"": 100, ""paper_sensor"": ""XHINT"", ""requested_windows"": 100, ""sensor"": ""XHINV""}",anomalia,Sensor Atascado,normal,normal,fail,True,0.301406701065133,normal,False,False,False,False,0,1,,A_binary_miss
SS_7aa11acc844e,SS,"{""available_independent_windows"": 802, ""duration"": 20, ""final_planned_checks"": 100, ""paper_sensor"": ""XHINT"", ""requested_windows"": 100, ""sensor"": ""XHINV""}",anomalia,Sensor Atascado,normal,normal,fail,True,0.7094396921805654,normal,False,False,False,False,0,0,,A_binary_miss
SS_3702d2890c97,SS,"{""available_independent_windows"": 802, ""duration"": 20, ""final_planned_checks"": 100, ""paper_sensor"": ""XHINT"", ""requested_windows"": 100, ""sensor"": ""XHINV""}",anomalia,Sensor Atascado,normal,normal,fail,True,0.0723336743251566,normal,False,False,False,False,0,1,,A_binary_miss
SS_97167f3e47dd,SS,"{""available_independent_windows"": 802, ""duration"": 20, ""final_planned_checks"": 100, ""paper_sensor"": ""XHINT"", ""requested_windows"": 100, ""sensor"": ""XHINV""}",anomalia,Sensor Atascado,normal,normal,fail,True,0.7040303343313761,normal,False,False,False,False,0,0,,A_binary_miss
SS_068b1f547fd5,SS,"{""available_independent_windows"": 802, ""duration"": 20, ""final_planned_checks"": 100, ""paper_sensor"": ""XHINT"", ""requested_windows"": 100, ""sensor"": ""XHINV""}",anomalia,Sensor Atascado,normal,normal,fail,True,0.3447810186904733,normal,False,False,False,False,0,1,,A_binary_miss
SS_70da04c465d9,SS,"{""available_independent_windows"": 802, ""duration"": 20, ""final_planned_checks"": 100, ""paper_sensor"": ""XHINT"", ""requested_windows"": 100, ""sensor"": ""XHINV""}",anomalia,Sensor Atascado,normal,normal,fail,True,0.1948489694856284,normal,False,False,False,False,0,1,,A_binary_miss
SS_20c76477c77a,SS,"{""available_independent_windows"": 802, ""duration"": 20, ""final_planned_checks"": 100, ""paper_sensor"": ""XHINT"", ""requested_windows"": 100, ""sensor"": ""XHINV""}",anomalia,Sensor Atascado,normal,normal,fail,True,0.2579644374057339,normal,False,False,False,False,0,1,,A_binary_miss
SS_4fdfc2ee64b3,SS,"{""available_independent_windows"": 802, ""duration"": 20, ""final_planned_checks"": 100, ""paper_sensor"": ""XHINT"", ""requested_windows"": 100, ""sensor"": ""XHINV""}",anomalia,Sensor Atascado,normal,normal,fail,True,0.5221371373118887,normal,False,False,False,False,0,1,,A_binary_miss
SS_10b8ba6383e2,SS,"{""available_independent_windows"": 802, ""duration"": 20, ""final_planned_checks"": 100, ""paper_sensor"": ""XHINT"", ""requested_windows"": 100, ""sensor"": ""XHINV""}",anomalia,Sensor Atascado,normal,normal,fail,True,0.3824497446849422,normal,False,False,False,False,0,1,,A_binary_miss
SS_994f1e42c852,SS,"{""available_independent_windows"": 802, ""duration"": 20, ""final_planned_checks"": 100, ""paper_sensor"": ""XHINT"", ""requested_windows"": 100, ""sensor"": ""XHINV""}",anomalia,Sensor Atascado,normal,normal,fail,True,0.3090747399517987,normal,False,False,False,False,0,0,,A_binary_miss
SS_f4dea4d56f63,SS,"{""available_independent_windows"": 802, ""duration"": 20, ""final_planned_checks"": 100, ""paper_sensor"": ""XHINT"", ""requested_windows"": 100, ""sensor"": ""XHINV""}",anomalia,Sensor Atascado,normal,normal,fail,True,0.2979026291702443,normal,False,False,False,False,0,1,,A_binary_miss
SS_17defa46a64a,SS,"{""available_independent_windows"": 802, ""duration"": 20, ""final_planned_checks"": 100, ""paper_sensor"": ""XHINT"", ""requested_windows"": 100, ""sensor"": ""XHINV""}",anomalia,Sensor Atascado,normal,normal,fail,True,0.2084213256917867,normal,False,False,False,False,0,1,,A_binary_miss
SS_042411a6a6c2,SS,"{""available_independent_windows"": 802, ""duration"": 20, ""final_planned_checks"": 100, ""paper_sensor"": ""XHINT"", ""requested_windows"": 100, ""sensor"": ""XHINV""}",anomalia,Sensor Atascado,normal,normal,fail,True,0.4845996913052988,normal,False,False,False,False,0,1,,A_binary_miss
SS_c8deda808614,SS,"{""available_independent_windows"": 802, ""duration"": 20, ""final_planned_checks"": 100, ""paper_sensor"": ""XHINT"", ""requested_windows"": 100, ""sensor"": ""XHINV""}",anomalia,Sensor Atascado,normal,normal,fail,True,0.2713077810579549,normal,False,False,False,False,0,1,,A_binary_miss
SS_5bc6d451e446,SS,"{""available_independent_windows"": 802, ""duration"": 20, ""final_planned_checks"": 100, ""paper_sensor"": ""XHINT"", ""requested_windows"": 100, ""sensor"": ""XHINV""}",anomalia,Sensor Atascado,normal,normal,fail,True,0.5657305678634098,normal,False,False,False,False,0,1,,A_binary_miss
SS_fff17be6566a,SS,"{""available_independent_windows"": 802, ""duration"": 20, ""final_planned_checks"": 100, ""paper_sensor"": ""XHINT"", ""requested_windows"": 100, ""sensor"": ""XHINV""}",anomalia,Sensor Atascado,normal,normal,fail,True,0.3339548583719556,normal,False,False,False,False,0,1,,A_binary_miss
SS_be0e82955a75,SS,"{""available_independent_windows"": 802, ""duration"": 20, ""final_planned_checks"": 100, ""paper_sensor"": ""XHINT"", ""requested_windows"": 100, ""sensor"": ""XHINV""}",anomalia,Sensor Atascado,normal,normal,fail,True,0.2569350317661346,normal,False,False,False,False,0,1,,A_binary_miss
SS_338bd6ee096c,SS,"{""available_independent_windows"": 802, ""duration"": 20, ""final_planned_checks"": 100, ""paper_sensor"": ""XHINT"", ""requested_windows"": 100, ""sensor"": ""XHINV""}",anomalia,Sensor Atascado,normal,normal,fail,True,0.300966288248444,normal,False,False,False,False,0,1,,A_binary_miss
SS_da9959f6354d,SS,"{""available_independent_windows"": 802, ""duration"": 20, ""final_planned_checks"": 100, ""paper_sensor"": ""XHINT"", ""requested_windows"": 100, ""sensor"": ""XHINV""}",anomalia,Sensor Atascado,normal,normal,fail,True,0.1816364937555592,normal,False,False,False,False,0,1,,A_binary_miss
SS_52a49b6150c1,SS,"{""available_independent_windows"": 802, ""duration"": 20, ""final_planned_checks"": 100, ""paper_sensor"": ""XHINT"", ""requested_windows"": 100, ""sensor"": ""XHINV""}",anomalia,Sensor Atascado,normal,normal,fail,True,0.3307491644298118,normal,False,False,False,False,0,1,,A_binary_miss
SS_ca7b957ae5a0,SS,"{""available_independent_windows"": 802, ""duration"": 20, ""final_planned_checks"": 100, ""paper_sensor"": ""XHINT"", ""requested_windows"": 100, ""sensor"": ""XHINV""}",anomalia,Sensor Atascado,normal,normal,fail,True,0.7731069602803404,normal,False,False,False,False,0,0,,A_binary_miss
SS_74938403c9ae,SS,"{""available_independent_windows"": 802, ""duration"": 20, ""final_planned_checks"": 100, ""paper_sensor"": ""XHINT"", ""requested_windows"": 100, ""sensor"": ""XHINV""}",anomalia,Sensor Atascado,normal,normal,fail,True,0.3112162879768595,normal,False,False,False,False,0,1,,A_binary_miss
SS_78d3230256e8,SS,"{""available_independent_windows"": 802, ""duration"": 20, ""final_planned_checks"": 100, ""paper_sensor"": ""XHINT"", ""requested_windows"": 100, ""sensor"": ""XHINV""}",anomalia,Sensor Atascado,normal,normal,fail,True,0.5893714984535828,normal,False,False,False,False,0,0,,A_binary_miss
SS_1795ce68728f,SS,"{""available_independent_windows"": 491, ""duration"": 23, ""final_planned_checks"": 100, ""paper_sensor"": ""XHINT"", ""requested_windows"": 100, ""sensor"": ""XHINV""}",anomalia,Sensor Atascado,normal,normal,fail,True,0.4333062809376599,normal,False,False,False,False,0,1,,A_binary_miss
SS_1618fb99b403,SS,"{""available_independent_windows"": 491, ""duration"": 23, ""final_planned_checks"": 100, ""paper_sensor"": ""XHINT"", ""requested_windows"": 100, ""sensor"": ""XHINV""}",anomalia,Sensor Atascado,normal,normal,fail,True,0.7167704858383062,normal,False,False,False,False,0,0,,A_binary_miss
SS_bf9ec7a97db2,SS,"{""available_independent_windows"": 491, ""duration"": 23, ""final_planned_checks"": 100, ""paper_sensor"": ""XHINT"", ""requested_windows"": 100, ""sensor"": ""XHINV""}",anomalia,Sensor Atascado,normal,normal,fail,True,0.2537271944605858,normal,False,False,False,False,0,1,,A_binary_miss
SS_483e87ed57d7,SS,"{""available_independent_windows"": 491, ""duration"": 23, ""final_planned_checks"": 100, ""paper_sensor"": ""XHINT"", ""requested_windows"": 100, ""sensor"": ""XHINV""}",anomalia,Sensor Atascado,normal,normal,fail,True,0.2449703500441618,normal,False,False,False,False,0,1,,A_binary_miss
SS_837ab24dce2a,SS,"{""available_independent_windows"": 491, ""duration"": 23, ""final_planned_checks"": 100, ""paper_sensor"": ""XHINT"", ""requested_windows"": 100, ""sensor"": ""XHINV""}",anomalia,Sensor Atascado,normal,normal,fail,True,0.5730929161748758,normal,False,False,False,False,0,1,,A_binary_miss
SS_9a4503b2246e,SS,"{""available_independent_windows"": 491, ""duration"": 23, ""final_planned_checks"": 100, ""paper_sensor"": ""XHINT"", ""requested_windows"": 100, ""sensor"": ""XHINV""}",anomalia,Sensor Atascado,normal,normal,fail,True,0.1904807889397243,normal,False,False,False,False,0,1,,A_binary_miss
SS_089fe6f1801b,SS,"{""available_independent_windows"": 491, ""duration"": 23, ""final_planned_checks"": 100, ""paper_sensor"": ""XHINT"", ""requested_windows"": 100, ""sensor"": ""XHINV""}",anomalia,Sensor Atascado,normal,normal,fail,True,0.2664826769405859,normal,False,False,False,False,0,1,,A_binary_miss
SS_2e5848fef693,SS,"{""available_independent_windows"": 491, ""duration"": 23, ""final_planned_checks"": 100, ""paper_sensor"": ""XHINT"", ""requested_windows"": 100, ""sensor"": ""XHINV""}",anomalia,Sensor Atascado,normal,normal,fail,True,0.6834101313402037,normal,False,False,False,False,0,1,,A_binary_miss
SS_75103d0b226d,SS,"{""available_independent_windows"": 491, ""duration"": 23, ""final_planned_checks"": 100, ""paper_sensor"": ""XHINT"", ""requested_windows"": 100, ""sensor"": ""XHINV""}",anomalia,Sensor Atascado,normal,normal,fail,True,0.4050393533495843,normal,False,False,False,False,0,1,,A_binary_miss
SS_0358b60a4f39,SS,"{""available_independent_windows"": 491, ""duration"": 23, ""final_planned_checks"": 100, ""paper_sensor"": ""XHINT"", ""requested_windows"": 100, ""sensor"": ""XHINV""}",anomalia,Sensor Atascado,normal,normal,fail,True,0.3334998373230234,normal,False,False,False,False,0,1,,A_binary_miss
SS_4e3be8d741f9,SS,"{""available_independent_windows"": 491, ""duration"": 23, ""final_planned_checks"": 100, ""paper_sensor"": ""XHINT"", ""requested_windows"": 100, ""sensor"": ""XHINV""}",anomalia,Sensor Atascado,normal,normal,fail,True,0.651847270619912,normal,False,False,False,False,0,0,,A_binary_miss
SS_b842d0e727d8,SS,"{""available_independent_windows"": 491, ""duration"": 23, ""final_planned_checks"": 100, ""paper_sensor"": ""XHINT"", ""requested_windows"": 100, ""sensor"": ""XHINV""}",anomalia,Sensor Atascado,normal,normal,fail,True,0.2162628453574969,normal,False,False,False,False,0,0,,A_binary_miss
SS_97ff593a0f1d,SS,"{""available_independent_windows"": 491, ""duration"": 23, ""final_planned_checks"": 100, ""paper_sensor"": ""XHINT"", ""requested_windows"": 100, ""sensor"": ""XHINV""}",anomalia,Sensor Atascado,normal,normal,fail,True,0.7189803756314526,normal,False,False,False,False,0,0,,A_binary_miss
SS_2740e250b128,SS,"{""available_independent_windows"": 491, ""duration"": 23, ""final_planned_checks"": 100, ""paper_sensor"": ""XHINT"", ""requested_windows"": 100, ""sensor"": ""XHINV""}",anomalia,Sensor Atascado,normal,normal,fail,True,0.4289248713314436,normal,False,False,False,False,0,1,,A_binary_miss
SS_b8b30fa5528b,SS,"{""available_independent_windows"": 491, ""duration"": 23, ""final_planned_checks"": 100, ""paper_sensor"": ""XHINT"", ""requested_windows"": 100, ""sensor"": ""XHINV""}",anomalia,Sensor Atascado,normal,normal,fail,True,0.2654424268217102,normal,False,False,False,False,0,1,,A_binary_miss
SS_0438d90cf45d,SS,"{""available_independent_windows"": 491, ""duration"": 23, ""final_planned_checks"": 100, ""paper_sensor"": ""XHINT"", ""requested_windows"": 100, ""sensor"": ""XHINV""}",anomalia,Sensor Atascado,normal,normal,fail,True,0.39117670020737,normal,False,False,False,False,0,1,,A_binary_miss
SS_376b8dfd0436,SS,"{""available_independent_windows"": 491, ""duration"": 23, ""final_planned_checks"": 100, ""paper_sensor"": ""XHINT"", ""requested_windows"": 100, ""sensor"": ""XHINV""}",anomalia,Sensor Atascado,normal,normal,fail,True,0.6602087690430503,normal,False,False,False,False,0,0,,A_binary_miss
SS_aa12c387877f,SS,"{""available_independent_windows"": 491, ""duration"": 23, ""final_planned_checks"": 100, ""paper_sensor"": ""XHINT"", ""requested_windows"": 100, ""sensor"": ""XHINV""}",anomalia,Sensor Atascado,normal,normal,fail,True,0.3884112548467279,normal,False,False,False,False,0,1,,A_binary_miss
SS_595fe52408bc,SS,"{""available_independent_windows"": 491, ""duration"": 23, ""final_planned_checks"": 100, ""paper_sensor"": ""XHINT"", ""requested_windows"": 100, ""sensor"": ""XHINV""}",anomalia,Sensor Atascado,normal,normal,fail,True,0.4245908096428053,normal,False,False,False,False,0,1,,A_binary_miss
SS_5448fb25616f,SS,"{""available_independent_windows"": 491, ""duration"": 23, ""final_planned_checks"": 100, ""paper_sensor"": ""XHINT"", ""requested_windows"": 100, ""sensor"": ""XHINV""}",anomalia,Sensor Atascado,normal,normal,fail,True,0.4196876807813918,normal,False,False,False,False,0,0,,A_binary_miss
SS_5a295e9c7702,SS,"{""available_independent_windows"": 491, ""duration"": 23, ""final_planned_checks"": 100, ""paper_sensor"": ""XHINT"", ""requested_windows"": 100, ""sensor"": ""XHINV""}",anomalia,Sensor Atascado,normal,normal,fail,True,0.396101052735723,normal,False,False,False,False,0,1,,A_binary_miss
SS_0e23a2304961,SS,"{""available_independent_windows"": 491, ""duration"": 23, ""final_planned_checks"": 100, ""paper_sensor"": ""XHINT"", ""requested_windows"": 100, ""sensor"": ""XHINV""}",anomalia,Sensor Atascado,normal,normal,fail,True,0.3682916666557037,normal,False,False,False,False,0,0,,A_binary_miss
SS_0f2cae834c18,SS,"{""available_independent_windows"": 491, ""duration"": 23, ""final_planned_checks"": 100, ""paper_sensor"": ""XHINT"", ""requested_windows"": 100, ""sensor"": ""XHINV""}",anomalia,Sensor Atascado,normal,normal,fail,True,0.3091006092740748,normal,False,False,False,False,0,1,,A_binary_miss
SS_ac53a54456ec,SS,"{""available_independent_windows"": 491, ""duration"": 23, ""final_planned_checks"": 100, ""paper_sensor"": ""XHINT"", ""requested_windows"": 100, ""sensor"": ""XHINV""}",anomalia,Sensor Atascado,normal,normal,fail,True,0.2843322392363091,normal,False,False,False,False,0,1,,A_binary_miss
SS_282da0bb36bb,SS,"{""available_independent_windows"": 491, ""duration"": 23, ""final_planned_checks"": 100, ""paper_sensor"": ""XHINT"", ""requested_windows"": 100, ""sensor"": ""XHINV""}",anomalia,Sensor Atascado,normal,normal,fail,True,0.4637016860223964,normal,False,False,False,False,0,1,,A_binary_miss
SS_8c93ec74f64d,SS,"{""available_independent_windows"": 491, ""duration"": 23, ""final_planned_checks"": 100, ""paper_sensor"": ""XHINT"", ""requested_windows"": 100, ""sensor"": ""XHINV""}",anomalia,Sensor Atascado,normal,normal,fail,True,0.7807140857249697,normal,False,False,False,False,0,0,,A_binary_miss
SS_d8bd7a9ab707,SS,"{""available_independent_windows"": 491, ""duration"": 23, ""final_planned_checks"": 100, ""paper_sensor"": ""XHINT"", ""requested_windows"": 100, ""sensor"": ""XHINV""}",anomalia,Sensor Atascado,normal,normal,fail,True,0.4459874639346122,normal,False,False,False,False,0,0,,A_binary_miss
SS_f61aaf2f992b,SS,"{""available_independent_windows"": 491, ""duration"": 23, ""final_planned_checks"": 100, ""paper_sensor"": ""XHINT"", ""requested_windows"": 100, ""sensor"": ""XHINV""}",anomalia,Sensor Atascado,normal,normal,fail,True,0.0558197114293387,normal,False,False,False,False,0,1,,A_binary_miss
SS_7400cf9ca09c,SS,"{""available_independent_windows"": 491, ""duration"": 23, ""final_planned_checks"": 100, ""paper_sensor"": ""XHINT"", ""requested_windows"": 100, ""sensor"": ""XHINV""}",anomalia,Sensor Atascado,normal,normal,fail,True,0.4337435914176715,normal,False,False,False,False,0,1,,A_binary_miss
SS_bec6733f22f2,SS,"{""available_independent_windows"": 491, ""duration"": 23, ""final_planned_checks"": 100, ""paper_sensor"": ""XHINT"", ""requested_windows"": 100, ""sensor"": ""XHINV""}",anomalia,Sensor Atascado,normal,normal,fail,True,0.3369091983689843,normal,False,False,False,False,0,1,,A_binary_miss
SS_dc08e9c7ab76,SS,"{""available_independent_windows"": 491, ""duration"": 23, ""final_planned_checks"": 100, ""paper_sensor"": ""XHINT"", ""requested_windows"": 100, ""sensor"": ""XHINV""}",anomalia,Sensor Atascado,normal,normal,fail,True,0.1871918061379985,normal,False,False,False,False,0,1,,A_binary_miss
SS_c68531b84094,SS,"{""available_independent_windows"": 491, ""duration"": 23, ""final_planned_checks"": 100, ""paper_sensor"": ""XHINT"", ""requested_windows"": 100, ""sensor"": ""XHINV""}",anomalia,Sensor Atascado,normal,normal,fail,True,0.252015944274005,normal,False,False,False,False,0,1,,A_binary_miss
SS_5e07d313ae39,SS,"{""available_independent_windows"": 491, ""duration"": 23, ""final_planned_checks"": 100, ""paper_sensor"": ""XHINT"", ""requested_windows"": 100, ""sensor"": ""XHINV""}",anomalia,Sensor Atascado,normal,normal,fail,True,0.2896486306807202,normal,False,False,False,False,0,1,,A_binary_miss
SS_0f55f08daaeb,SS,"{""available_independent_windows"": 491, ""duration"": 23, ""final_planned_checks"": 100, ""paper_sensor"": ""XHINT"", ""requested_windows"": 100, ""sensor"": ""XHINV""}",anomalia,Sensor Atascado,normal,normal,fail,True,0.3722064303072096,normal,False,False,False,False,0,1,,A_binary_miss
SS_d37215013ef9,SS,"{""available_independent_windows"": 491, ""duration"": 23, ""final_planned_checks"": 100, ""paper_sensor"": ""XHINT"", ""requested_windows"": 100, ""sensor"": ""XHINV""}",anomalia,Sensor Atascado,normal,normal,fail,True,0.2903032606059812,normal,False,False,False,False,0,1,,A_binary_miss
SS_14a0306fc279,SS,"{""available_independent_windows"": 491, ""duration"": 23, ""final_planned_checks"": 100, ""paper_sensor"": ""XHINT"", ""requested_windows"": 100, ""sensor"": ""XHINV""}",anomalia,Sensor Atascado,normal,normal,fail,True,0.2495697500278177,normal,False,False,False,False,0,1,,A_binary_miss
SS_b98373a04d98,SS,"{""available_independent_windows"": 491, ""duration"": 23, ""final_planned_checks"": 100, ""paper_sensor"": ""XHINT"", ""requested_windows"": 100, ""sensor"": ""XHINV""}",anomalia,Sensor Atascado,normal,normal,fail,True,0.1585557125757383,normal,False,False,False,False,0,1,,A_binary_miss
SS_ec901a4dbacc,SS,"{""available_independent_windows"": 491, ""duration"": 23, ""final_planned_checks"": 100, ""paper_sensor"": ""XHINT"", ""requested_windows"": 100, ""sensor"": ""XHINV""}",anomalia,Sensor Atascado,normal,normal,fail,True,0.7824141674806514,normal,False,False,False,False,0,0,,A_binary_miss
SS_b6189f246c5f,SS,"{""available_independent_windows"": 491, ""duration"": 23, ""final_planned_checks"": 100, ""paper_sensor"": ""XHINT"", ""requested_windows"": 100, ""sensor"": ""XHINV""}",anomalia,Sensor Atascado,normal,normal,fail,True,0.3553624078263975,normal,False,False,False,False,0,1,,A_binary_miss
SS_daa74c189d57,SS,"{""available_independent_windows"": 491, ""duration"": 23, ""final_planned_checks"": 100, ""paper_sensor"": ""XHINT"", ""requested_windows"": 100, ""sensor"": ""XHINV""}",anomalia,Sensor Atascado,normal,normal,fail,True,0.483790513637438,normal,False,False,False,False,0,1,,A_binary_miss
SS_60fea8d0cc07,SS,"{""available_independent_windows"": 491, ""duration"": 23, ""final_planned_checks"": 100, ""paper_sensor"": ""XHINT"", ""requested_windows"": 100, ""sensor"": ""XHINV""}",anomalia,Sensor Atascado,normal,normal,fail,True,0.2632887235463189,normal,False,False,False,False,0,1,,A_binary_miss
SS_4e1fa9805d4b,SS,"{""available_independent_windows"": 491, ""duration"": 23, ""final_planned_checks"": 100, ""paper_sensor"": ""XHINT"", ""requested_windows"": 100, ""sensor"": ""XHINV""}",anomalia,Sensor Atascado,normal,normal,fail,True,0.6282565618645438,normal,False,False,False,False,0,0,,A_binary_miss
SS_a5a1791d5ac4,SS,"{""available_independent_windows"": 491, ""duration"": 23, ""final_planned_checks"": 100, ""paper_sensor"": ""XHINT"", ""requested_windows"": 100, ""sensor"": ""XHINV""}",anomalia,Sensor Atascado,normal,normal,fail,True,0.2069711083904777,normal,False,False,False,False,0,1,,A_binary_miss
SS_111f119e2623,SS,"{""available_independent_windows"": 491, ""duration"": 23, ""final_planned_checks"": 100, ""paper_sensor"": ""XHINT"", ""requested_windows"": 100, ""sensor"": ""XHINV""}",anomalia,Sensor Atascado,normal,normal,fail,True,0.3519489238793318,normal,False,False,False,False,0,1,,A_binary_miss
SS_a694fba37fa6,SS,"{""available_independent_windows"": 491, ""duration"": 23, ""final_planned_checks"": 100, ""paper_sensor"": ""XHINT"", ""requested_windows"": 100, ""sensor"": ""XHINV""}",anomalia,Sensor Atascado,normal,normal,fail,True,0.2577387341406259,normal,False,False,False,False,0,1,,A_binary_miss
SS_fc039326e652,SS,"{""available_independent_windows"": 491, ""duration"": 23, ""final_planned_checks"": 100, ""paper_sensor"": ""XHINT"", ""requested_windows"": 100, ""sensor"": ""XHINV""}",anomalia,Sensor Atascado,normal,normal,fail,True,0.2163746514753403,normal,False,False,False,False,0,1,,A_binary_miss
SS_cb5c614d49a2,SS,"{""available_independent_windows"": 491, ""duration"": 23, ""final_planned_checks"": 100, ""paper_sensor"": ""XHINT"", ""requested_windows"": 100, ""sensor"": ""XHINV""}",anomalia,Sensor Atascado,normal,normal,fail,True,0.2275992631417918,normal,False,False,False,False,0,1,,A_binary_miss
SS_8a1b63e8bcea,SS,"{""available_independent_windows"": 491, ""duration"": 23, ""final_planned_checks"": 100, ""paper_sensor"": ""XHINT"", ""requested_windows"": 100, ""sensor"": ""XHINV""}",anomalia,Sensor Atascado,normal,normal,fail,True,0.2062312065115157,normal,False,False,False,False,0,1,,A_binary_miss
SS_f865fb50c814,SS,"{""available_independent_windows"": 491, ""duration"": 23, ""final_planned_checks"": 100, ""paper_sensor"": ""XHINT"", ""requested_windows"": 100, ""sensor"": ""XHINV""}",anomalia,Sensor Atascado,normal,normal,fail,True,0.2604655808391719,normal,False,False,False,False,0,1,,A_binary_miss
SS_f384d78720af,SS,"{""available_independent_windows"": 491, ""duration"": 23, ""final_planned_checks"": 100, ""paper_sensor"": ""XHINT"", ""requested_windows"": 100, ""sensor"": ""XHINV""}",anomalia,Sensor Atascado,normal,normal,fail,True,0.2364975217567646,normal,False,False,False,False,0,1,,A_binary_miss
SS_0e3bf8c9a6e1,SS,"{""available_independent_windows"": 491, ""duration"": 23, ""final_planned_checks"": 100, ""paper_sensor"": ""XHINT"", ""requested_windows"": 100, ""sensor"": ""XHINV""}",anomalia,Sensor Atascado,normal,normal,fail,True,0.6269197873668417,normal,False,False,False,False,0,0,,A_binary_miss
SS_8c51f7aa24be,SS,"{""available_independent_windows"": 491, ""duration"": 23, ""final_planned_checks"": 100, ""paper_sensor"": ""XHINT"", ""requested_windows"": 100, ""sensor"": ""XHINV""}",anomalia,Sensor Atascado,normal,normal,fail,True,0.7190611000116788,normal,False,False,False,False,0,0,,A_binary_miss
SS_37f8eb14698c,SS,"{""available_independent_windows"": 491, ""duration"": 23, ""final_planned_checks"": 100, ""paper_sensor"": ""XHINT"", ""requested_windows"": 100, ""sensor"": ""XHINV""}",anomalia,Sensor Atascado,normal,normal,fail,True,0.2572037339146738,normal,False,False,False,False,0,1,,A_binary_miss
SS_77089c04444f,SS,"{""available_independent_windows"": 491, ""duration"": 23, ""final_planned_checks"": 100, ""paper_sensor"": ""XHINT"", ""requested_windows"": 100, ""sensor"": ""XHINV""}",anomalia,Sensor Atascado,normal,normal,fail,True,0.3646503000525016,normal,False,False,False,False,0,0,,A_binary_miss
SS_83ccd79f1145,SS,"{""available_independent_windows"": 491, ""duration"": 23, ""final_planned_checks"": 100, ""paper_sensor"": ""XHINT"", ""requested_windows"": 100, ""sensor"": ""XHINV""}",anomalia,Sensor Atascado,normal,normal,fail,True,0.2084218102979407,normal,False,False,False,False,0,1,,A_binary_miss
SS_c470802e7458,SS,"{""available_independent_windows"": 272, ""duration"": 27, ""final_planned_checks"": 100, ""paper_sensor"": ""XHINT"", ""requested_windows"": 100, ""sensor"": ""XHINV""}",anomalia,Sensor Atascado,normal,normal,fail,True,0.2817943239087909,normal,False,False,False,False,0,1,,A_binary_miss
SS_cbcf6ac9469a,SS,"{""available_independent_windows"": 272, ""duration"": 27, ""final_planned_checks"": 100, ""paper_sensor"": ""XHINT"", ""requested_windows"": 100, ""sensor"": ""XHINV""}",anomalia,Sensor Atascado,normal,normal,fail,True,0.3260879430935904,normal,False,False,False,False,0,1,,A_binary_miss
SS_6996a798d07e,SS,"{""available_independent_windows"": 272, ""duration"": 27, ""final_planned_checks"": 100, ""paper_sensor"": ""XHINT"", ""requested_windows"": 100, ""sensor"": ""XHINV""}",anomalia,Sensor Atascado,normal,normal,fail,True,0.3997507779854447,normal,False,False,False,False,0,1,,A_binary_miss
SS_b43d013a3759,SS,"{""available_independent_windows"": 272, ""duration"": 27, ""final_planned_checks"": 100, ""paper_sensor"": ""XHINT"", ""requested_windows"": 100, ""sensor"": ""XHINV""}",anomalia,Sensor Atascado,normal,normal,fail,True,0.26867903723559,normal,False,False,False,False,0,1,,A_binary_miss
SS_e1d0aeeedfbe,SS,"{""available_independent_windows"": 272, ""duration"": 27, ""final_planned_checks"": 100, ""paper_sensor"": ""XHINT"", ""requested_windows"": 100, ""sensor"": ""XHINV""}",anomalia,Sensor Atascado,normal,normal,fail,True,0.2235897596303227,normal,False,False,False,False,0,1,,A_binary_miss
SS_000190dff8ae,SS,"{""available_independent_windows"": 272, ""duration"": 27, ""final_planned_checks"": 100, ""paper_sensor"": ""XHINT"", ""requested_windows"": 100, ""sensor"": ""XHINV""}",anomalia,Sensor Atascado,normal,normal,fail,True,0.6726376990773634,normal,False,False,False,False,0,1,,A_binary_miss
SS_f48e3a17b9dc,SS,"{""available_independent_windows"": 272, ""duration"": 27, ""final_planned_checks"": 100, ""paper_sensor"": ""XHINT"", ""requested_windows"": 100, ""sensor"": ""XHINV""}",anomalia,Sensor Atascado,normal,normal,fail,True,0.341004003915426,normal,False,False,False,False,0,0,,A_binary_miss
SS_3c24161e3f69,SS,"{""available_independent_windows"": 272, ""duration"": 27, ""final_planned_checks"": 100, ""paper_sensor"": ""XHINT"", ""requested_windows"": 100, ""sensor"": ""XHINV""}",anomalia,Sensor Atascado,normal,normal,fail,True,0.3112958144112349,normal,False,False,False,False,0,1,,A_binary_miss
SS_406fe057ba3c,SS,"{""available_independent_windows"": 272, ""duration"": 27, ""final_planned_checks"": 100, ""paper_sensor"": ""XHINT"", ""requested_windows"": 100, ""sensor"": ""XHINV""}",anomalia,Sensor Atascado,normal,normal,fail,True,0.3271232851243156,normal,False,False,False,False,0,1,,A_binary_miss
SS_ae49a54f8a47,SS,"{""available_independent_windows"": 272, ""duration"": 27, ""final_planned_checks"": 100, ""paper_sensor"": ""XHINT"", ""requested_windows"": 100, ""sensor"": ""XHINV""}",anomalia,Sensor Atascado,normal,normal,fail,True,0.4775924840433513,normal,False,False,False,False,0,1,,A_binary_miss
SS_de3b755c2928,SS,"{""available_independent_windows"": 272, ""duration"": 27, ""final_planned_checks"": 100, ""paper_sensor"": ""XHINT"", ""requested_windows"": 100, ""sensor"": ""XHINV""}",anomalia,Sensor Atascado,normal,normal,fail,True,0.3866422349049411,normal,False,False,False,False,0,1,,A_binary_miss
SS_4f181ced49f5,SS,"{""available_independent_windows"": 272, ""duration"": 27, ""final_planned_checks"": 100, ""paper_sensor"": ""XHINT"", ""requested_windows"": 100, ""sensor"": ""XHINV""}",anomalia,Sensor Atascado,normal,normal,fail,True,0.1830094427499545,normal,False,False,False,False,0,1,,A_binary_miss
SS_606dd2584304,SS,"{""available_independent_windows"": 272, ""duration"": 27, ""final_planned_checks"": 100, ""paper_sensor"": ""XHINT"", ""requested_windows"": 100, ""sensor"": ""XHINV""}",anomalia,Sensor Atascado,normal,normal,fail,True,0.4198198492812728,normal,False,False,False,False,0,1,,A_binary_miss
SS_4ca38d3fe0df,SS,"{""available_independent_windows"": 272, ""duration"": 27, ""final_planned_checks"": 100, ""paper_sensor"": ""XHINT"", ""requested_windows"": 100, ""sensor"": ""XHINV""}",anomalia,Sensor Atascado,normal,normal,fail,True,0.7415143884718095,normal,False,False,False,False,0,0,,A_binary_miss
SS_dba4773e497b,SS,"{""available_independent_windows"": 272, ""duration"": 27, ""final_planned_checks"": 100, ""paper_sensor"": ""XHINT"", ""requested_windows"": 100, ""sensor"": ""XHINV""}",anomalia,Sensor Atascado,normal,normal,fail,True,0.3660613382188013,normal,False,False,False,False,0,1,,A_binary_miss
SS_7b8f8080f45a,SS,"{""available_independent_windows"": 272, ""duration"": 27, ""final_planned_checks"": 100, ""paper_sensor"": ""XHINT"", ""requested_windows"": 100, ""sensor"": ""XHINV""}",anomalia,Sensor Atascado,normal,normal,fail,True,0.2665842877235479,normal,False,False,False,False,0,1,,A_binary_miss
SS_fdddbe65e238,SS,"{""available_independent_windows"": 272, ""duration"": 27, ""final_planned_checks"": 100, ""paper_sensor"": ""XHINT"", ""requested_windows"": 100, ""sensor"": ""XHINV""}",anomalia,Sensor Atascado,normal,normal,fail,True,0.3012164623449926,normal,False,False,False,False,0,0,,A_binary_miss
SS_5f1f245dc758,SS,"{""available_independent_windows"": 272, ""duration"": 27, ""final_planned_checks"": 100, ""paper_sensor"": ""XHINT"", ""requested_windows"": 100, ""sensor"": ""XHINV""}",anomalia,Sensor Atascado,normal,normal,fail,True,0.6729632838437809,normal,False,False,False,False,0,1,,A_binary_miss
SS_350815d5fb25,SS,"{""available_independent_windows"": 272, ""duration"": 27, ""final_planned_checks"": 100, ""paper_sensor"": ""XHINT"", ""requested_windows"": 100, ""sensor"": ""XHINV""}",anomalia,Sensor Atascado,normal,normal,fail,True,0.3209370669174968,normal,False,False,False,False,0,1,,A_binary_miss
SS_4a9cd3be3e27,SS,"{""available_independent_windows"": 272, ""duration"": 27, ""final_planned_checks"": 100, ""paper_sensor"": ""XHINT"", ""requested_windows"": 100, ""sensor"": ""XHINV""}",anomalia,Sensor Atascado,normal,normal,fail,True,0.3770987781818939,normal,False,False,False,False,0,1,,A_binary_miss
SS_0630d6c6a8d6,SS,"{""available_independent_windows"": 272, ""duration"": 27, ""final_planned_checks"": 100, ""paper_sensor"": ""XHINT"", ""requested_windows"": 100, ""sensor"": ""XHINV""}",anomalia,Sensor Atascado,normal,normal,fail,True,0.2869888508588326,normal,False,False,False,False,0,1,,A_binary_miss
SS_4e1cead89a71,SS,"{""available_independent_windows"": 272, ""duration"": 27, ""final_planned_checks"": 100, ""paper_sensor"": ""XHINT"", ""requested_windows"": 100, ""sensor"": ""XHINV""}",anomalia,Sensor Atascado,normal,normal,fail,True,0.6795321021867363,normal,False,False,False,False,0,0,,A_binary_miss
SS_426371a96a8a,SS,"{""available_independent_windows"": 272, ""duration"": 27, ""final_planned_checks"": 100, ""paper_sensor"": ""XHINT"", ""requested_windows"": 100, ""sensor"": ""XHINV""}",anomalia,Sensor Atascado,normal,normal,fail,True,0.2727686356699358,normal,False,False,False,False,0,1,,A_binary_miss
SS_8456ea94403f,SS,"{""available_independent_windows"": 272, ""duration"": 27, ""final_planned_checks"": 100, ""paper_sensor"": ""XHINT"", ""requested_windows"": 100, ""sensor"": ""XHINV""}",anomalia,Sensor Atascado,normal,normal,fail,True,0.4744895284858348,normal,False,False,False,False,0,1,,A_binary_miss
SS_2568a74bd3ee,SS,"{""available_independent_windows"": 272, ""duration"": 27, ""final_planned_checks"": 100, ""paper_sensor"": ""XHINT"", ""requested_windows"": 100, ""sensor"": ""XHINV""}",anomalia,Sensor Atascado,normal,normal,fail,True,0.6177316369905167,normal,False,False,False,False,0,1,,A_binary_miss
SS_e1ee26590763,SS,"{""available_independent_windows"": 272, ""duration"": 27, ""final_planned_checks"": 100, ""paper_sensor"": ""XHINT"", ""requested_windows"": 100, ""sensor"": ""XHINV""}",anomalia,Sensor Atascado,normal,normal,fail,True,0.1426165836863528,normal,False,False,False,False,0,1,,A_binary_miss
SS_9277148929b0,SS,"{""available_independent_windows"": 272, ""duration"": 27, ""final_planned_checks"": 100, ""paper_sensor"": ""XHINT"", ""requested_windows"": 100, ""sensor"": ""XHINV""}",anomalia,Sensor Atascado,normal,normal,fail,True,0.4308214073093028,normal,False,False,False,False,0,1,,A_binary_miss
SS_da8d36a200e2,SS,"{""available_independent_windows"": 272, ""duration"": 27, ""final_planned_checks"": 100, ""paper_sensor"": ""XHINT"", ""requested_windows"": 100, ""sensor"": ""XHINV""}",anomalia,Sensor Atascado,normal,normal,fail,True,0.5861844736587426,normal,False,False,False,False,0,1,,A_binary_miss
SS_34e48c5b4895,SS,"{""available_independent_windows"": 272, ""duration"": 27, ""final_planned_checks"": 100, ""paper_sensor"": ""XHINT"", ""requested_windows"": 100, ""sensor"": ""XHINV""}",anomalia,Sensor Atascado,normal,normal,fail,True,0.6157928948351419,normal,False,False,False,False,0,1,,A_binary_miss
SS_8d4c190c6276,SS,"{""available_independent_windows"": 272, ""duration"": 27, ""final_planned_checks"": 100, ""paper_sensor"": ""XHINT"", ""requested_windows"": 100, ""sensor"": ""XHINV""}",anomalia,Sensor Atascado,normal,normal,fail,True,0.673586144170116,normal,False,False,False,False,0,0,,A_binary_miss
SS_30947777235d,SS,"{""available_independent_windows"": 272, ""duration"": 27, ""final_planned_checks"": 100, ""paper_sensor"": ""XHINT"", ""requested_windows"": 100, ""sensor"": ""XHINV""}",anomalia,Sensor Atascado,normal,normal,fail,True,0.295469111082947,normal,False,False,False,False,0,1,,A_binary_miss
SS_89973252f267,SS,"{""available_independent_windows"": 272, ""duration"": 27, ""final_planned_checks"": 100, ""paper_sensor"": ""XHINT"", ""requested_windows"": 100, ""sensor"": ""XHINV""}",anomalia,Sensor Atascado,normal,normal,fail,True,0.2074863065283235,normal,False,False,False,False,0,1,,A_binary_miss
SS_e65a756a9215,SS,"{""available_independent_windows"": 272, ""duration"": 27, ""final_planned_checks"": 100, ""paper_sensor"": ""XHINT"", ""requested_windows"": 100, ""sensor"": ""XHINV""}",anomalia,Sensor Atascado,normal,normal,fail,True,0.2665408626896814,normal,False,False,False,False,0,1,,A_binary_miss
SS_e0ad7b987d11,SS,"{""available_independent_windows"": 272, ""duration"": 27, ""final_planned_checks"": 100, ""paper_sensor"": ""XHINT"", ""requested_windows"": 100, ""sensor"": ""XHINV""}",anomalia,Sensor Atascado,normal,normal,fail,True,0.4085096850592812,normal,False,False,False,False,0,1,,A_binary_miss
SS_6c1b66990bbf,SS,"{""available_independent_windows"": 272, ""duration"": 27, ""final_planned_checks"": 100, ""paper_sensor"": ""XHINT"", ""requested_windows"": 100, ""sensor"": ""XHINV""}",anomalia,Sensor Atascado,normal,normal,fail,True,0.5283643242071541,normal,False,False,False,False,0,1,,A_binary_miss
SS_988d17067ce6,SS,"{""available_independent_windows"": 272, ""duration"": 27, ""final_planned_checks"": 100, ""paper_sensor"": ""XHINT"", ""requested_windows"": 100, ""sensor"": ""XHINV""}",anomalia,Sensor Atascado,normal,normal,fail,True,0.4981994532139258,normal,False,False,False,False,0,0,,A_binary_miss
SS_205e6ae42b53,SS,"{""available_independent_windows"": 272, ""duration"": 27, ""final_planned_checks"": 100, ""paper_sensor"": ""XHINT"", ""requested_windows"": 100, ""sensor"": ""XHINV""}",anomalia,Sensor Atascado,normal,normal,fail,True,0.288634514906295,normal,False,False,False,False,0,1,,A_binary_miss
SS_d0ee7338f03a,SS,"{""available_independent_windows"": 272, ""duration"": 27, ""final_planned_checks"": 100, ""paper_sensor"": ""XHINT"", ""requested_windows"": 100, ""sensor"": ""XHINV""}",anomalia,Sensor Atascado,normal,normal,fail,True,0.1745276749593617,normal,False,False,False,False,0,1,,A_binary_miss
SS_46ac1076c952,SS,"{""available_independent_windows"": 272, ""duration"": 27, ""final_planned_checks"": 100, ""paper_sensor"": ""XHINT"", ""requested_windows"": 100, ""sensor"": ""XHINV""}",anomalia,Sensor Atascado,normal,normal,fail,True,0.4312808285952476,normal,False,False,False,False,0,1,,A_binary_miss
SS_c8257220f217,SS,"{""available_independent_windows"": 272, ""duration"": 27, ""final_planned_checks"": 100, ""paper_sensor"": ""XHINT"", ""requested_windows"": 100, ""sensor"": ""XHINV""}",anomalia,Sensor Atascado,normal,normal,fail,True,0.2060325637014903,normal,False,False,False,False,0,1,,A_binary_miss
SS_4a95d3b27dba,SS,"{""available_independent_windows"": 272, ""duration"": 27, ""final_planned_checks"": 100, ""paper_sensor"": ""XHINT"", ""requested_windows"": 100, ""sensor"": ""XHINV""}",anomalia,Sensor Atascado,normal,normal,fail,True,0.28192615072092,normal,False,False,False,False,0,1,,A_binary_miss
SS_aae57bf5eb49,SS,"{""available_independent_windows"": 272, ""duration"": 27, ""final_planned_checks"": 100, ""paper_sensor"": ""XHINT"", ""requested_windows"": 100, ""sensor"": ""XHINV""}",anomalia,Sensor Atascado,normal,normal,fail,True,0.2369364383041587,normal,False,False,False,False,0,1,,A_binary_miss
SS_968a3676295a,SS,"{""available_independent_windows"": 272, ""duration"": 27, ""final_planned_checks"": 100, ""paper_sensor"": ""XHINT"", ""requested_windows"": 100, ""sensor"": ""XHINV""}",anomalia,Sensor Atascado,normal,normal,fail,True,0.3053129259027671,normal,False,False,False,False,0,1,,A_binary_miss
SS_1a82cb287484,SS,"{""available_independent_windows"": 272, ""duration"": 27, ""final_planned_checks"": 100, ""paper_sensor"": ""XHINT"", ""requested_windows"": 100, ""sensor"": ""XHINV""}",anomalia,Sensor Atascado,normal,normal,fail,True,0.7006803323531677,normal,False,False,False,False,0,1,,A_binary_miss
SS_6cc8098c4ff8,SS,"{""available_independent_windows"": 272, ""duration"": 27, ""final_planned_checks"": 100, ""paper_sensor"": ""XHINT"", ""requested_windows"": 100, ""sensor"": ""XHINV""}",anomalia,Sensor Atascado,normal,normal,fail,True,0.2659242620470208,normal,False,False,False,False,0,1,,A_binary_miss
SS_abd9d1597b59,SS,"{""available_independent_windows"": 272, ""duration"": 27, ""final_planned_checks"": 100, ""paper_sensor"": ""XHINT"", ""requested_windows"": 100, ""sensor"": ""XHINV""}",anomalia,Sensor Atascado,normal,normal,fail,True,0.3582090761145406,normal,False,False,False,False,0,1,,A_binary_miss
SS_cce041e9e1be,SS,"{""available_independent_windows"": 272, ""duration"": 27, ""final_planned_checks"": 100, ""paper_sensor"": ""XHINT"", ""requested_windows"": 100, ""sensor"": ""XHINV""}",anomalia,Sensor Atascado,normal,normal,fail,True,0.2347566043193062,normal,False,False,False,False,0,1,,A_binary_miss
SS_1a39e9d2371f,SS,"{""available_independent_windows"": 272, ""duration"": 27, ""final_planned_checks"": 100, ""paper_sensor"": ""XHINT"", ""requested_windows"": 100, ""sensor"": ""XHINV""}",anomalia,Sensor Atascado,normal,normal,fail,True,0.6803627301744468,normal,False,False,False,False,0,0,,A_binary_miss
SS_124fc224cf0c,SS,"{""available_independent_windows"": 272, ""duration"": 27, ""final_planned_checks"": 100, ""paper_sensor"": ""XHINT"", ""requested_windows"": 100, ""sensor"": ""XHINV""}",anomalia,Sensor Atascado,normal,normal,fail,True,0.3588979409738979,normal,False,False,False,False,0,0,,A_binary_miss
SS_55ab1b23fb31,SS,"{""available_independent_windows"": 272, ""duration"": 27, ""final_planned_checks"": 100, ""paper_sensor"": ""XHINT"", ""requested_windows"": 100, ""sensor"": ""XHINV""}",anomalia,Sensor Atascado,normal,normal,fail,True,0.3582264175124778,normal,False,False,False,False,0,1,,A_binary_miss
SS_0f393946d3a4,SS,"{""available_independent_windows"": 272, ""duration"": 27, ""final_planned_checks"": 100, ""paper_sensor"": ""XHINT"", ""requested_windows"": 100, ""sensor"": ""XHINV""}",anomalia,Sensor Atascado,normal,normal,fail,True,0.2844924974022031,normal,False,False,False,False,0,1,,A_binary_miss
SS_1f2905bb093c,SS,"{""available_independent_windows"": 159, ""duration"": 30, ""final_planned_checks"": 100, ""paper_sensor"": ""XHINT"", ""requested_windows"": 100, ""sensor"": ""XHINV""}",anomalia,Sensor Atascado,normal,normal,fail,True,0.3119812529426009,normal,False,False,False,False,0,1,,A_binary_miss
SS_71154596b144,SS,"{""available_independent_windows"": 159, ""duration"": 30, ""final_planned_checks"": 100, ""paper_sensor"": ""XHINT"", ""requested_windows"": 100, ""sensor"": ""XHINV""}",anomalia,Sensor Atascado,normal,normal,fail,True,0.2621796110706728,normal,False,False,False,False,0,1,,A_binary_miss
SS_426138891f22,SS,"{""available_independent_windows"": 159, ""duration"": 30, ""final_planned_checks"": 100, ""paper_sensor"": ""XHINT"", ""requested_windows"": 100, ""sensor"": ""XHINV""}",anomalia,Sensor Atascado,normal,normal,fail,True,0.3767315489747269,normal,False,False,False,False,0,1,,A_binary_miss
SS_92f96f5d301c,SS,"{""available_independent_windows"": 159, ""duration"": 30, ""final_planned_checks"": 100, ""paper_sensor"": ""XHINT"", ""requested_windows"": 100, ""sensor"": ""XHINV""}",anomalia,Sensor Atascado,normal,normal,fail,True,0.1926997087047703,normal,False,False,False,False,0,1,,A_binary_miss
SS_8e3489976925,SS,"{""available_independent_windows"": 159, ""duration"": 30, ""final_planned_checks"": 100, ""paper_sensor"": ""XHINT"", ""requested_windows"": 100, ""sensor"": ""XHINV""}",anomalia,Sensor Atascado,normal,normal,fail,True,0.6296119420813654,normal,False,False,False,False,0,0,,A_binary_miss
SS_d4967441f8f4,SS,"{""available_independent_windows"": 159, ""duration"": 30, ""final_planned_checks"": 100, ""paper_sensor"": ""XHINT"", ""requested_windows"": 100, ""sensor"": ""XHINV""}",anomalia,Sensor Atascado,normal,normal,fail,True,0.4809455982626633,normal,False,False,False,False,0,1,,A_binary_miss
SS_a2f07e497e1c,SS,"{""available_independent_windows"": 159, ""duration"": 30, ""final_planned_checks"": 100, ""paper_sensor"": ""XHINT"", ""requested_windows"": 100, ""sensor"": ""XHINV""}",anomalia,Sensor Atascado,normal,normal,fail,True,0.3112350149137039,normal,False,False,False,False,0,1,,A_binary_miss
SS_cd7a58329f79,SS,"{""available_independent_windows"": 159, ""duration"": 30, ""final_planned_checks"": 100, ""paper_sensor"": ""XHINT"", ""requested_windows"": 100, ""sensor"": ""XHINV""}",anomalia,Sensor Atascado,normal,normal,fail,True,0.3490405631961764,normal,False,False,False,False,0,1,,A_binary_miss
SS_ebc0a6760396,SS,"{""available_independent_windows"": 159, ""duration"": 30, ""final_planned_checks"": 100, ""paper_sensor"": ""XHINT"", ""requested_windows"": 100, ""sensor"": ""XHINV""}",anomalia,Sensor Atascado,normal,normal,fail,True,0.3140627279993031,normal,False,False,False,False,0,1,,A_binary_miss
SS_2c14f2205497,SS,"{""available_independent_windows"": 159, ""duration"": 30, ""final_planned_checks"": 100, ""paper_sensor"": ""XHINT"", ""requested_windows"": 100, ""sensor"": ""XHINV""}",anomalia,Sensor Atascado,normal,normal,fail,True,0.4147093034129311,normal,False,False,False,False,0,1,,A_binary_miss
SS_6c8d44de04db,SS,"{""available_independent_windows"": 159, ""duration"": 30, ""final_planned_checks"": 100, ""paper_sensor"": ""XHINT"", ""requested_windows"": 100, ""sensor"": ""XHINV""}",anomalia,Sensor Atascado,normal,normal,fail,True,0.3134600192638737,normal,False,False,False,False,0,1,,A_binary_miss
SS_8b12d9cad5a5,SS,"{""available_independent_windows"": 159, ""duration"": 30, ""final_planned_checks"": 100, ""paper_sensor"": ""XHINT"", ""requested_windows"": 100, ""sensor"": ""XHINV""}",anomalia,Sensor Atascado,normal,normal,fail,True,0.4797688164414922,normal,False,False,False,False,0,1,,A_binary_miss
SS_d5d12b9584e2,SS,"{""available_independent_windows"": 159, ""duration"": 30, ""final_planned_checks"": 100, ""paper_sensor"": ""XHINT"", ""requested_windows"": 100, ""sensor"": ""XHINV""}",anomalia,Sensor Atascado,normal,normal,fail,True,0.4013039280941503,normal,False,False,False,False,0,1,,A_binary_miss
SS_4155290df903,SS,"{""available_independent_windows"": 159, ""duration"": 30, ""final_planned_checks"": 100, ""paper_sensor"": ""XHINT"", ""requested_windows"": 100, ""sensor"": ""XHINV""}",anomalia,Sensor Atascado,normal,normal,fail,True,0.3818930826605013,normal,False,False,False,False,0,1,,A_binary_miss
SS_6b09966dd4c2,SS,"{""available_independent_windows"": 159, ""duration"": 30, ""final_planned_checks"": 100, ""paper_sensor"": ""XHINT"", ""requested_windows"": 100, ""sensor"": ""XHINV""}",anomalia,Sensor Atascado,normal,normal,fail,True,0.2493986217820192,normal,False,False,False,False,0,1,,A_binary_miss
SS_a886b7a68582,SS,"{""available_independent_windows"": 159, ""duration"": 30, ""final_planned_checks"": 100, ""paper_sensor"": ""XHINT"", ""requested_windows"": 100, ""sensor"": ""XHINV""}",anomalia,Sensor Atascado,normal,normal,fail,True,0.4356411862282029,normal,False,False,False,False,0,1,,A_binary_miss
SS_72b08525c666,SS,"{""available_independent_windows"": 159, ""duration"": 30, ""final_planned_checks"": 100, ""paper_sensor"": ""XHINT"", ""requested_windows"": 100, ""sensor"": ""XHINV""}",anomalia,Sensor Atascado,normal,normal,fail,True,0.2452904985170652,normal,False,False,False,False,0,1,,A_binary_miss
SS_f7a2f457a7d3,SS,"{""available_independent_windows"": 159, ""duration"": 30, ""final_planned_checks"": 100, ""paper_sensor"": ""XHINT"", ""requested_windows"": 100, ""sensor"": ""XHINV""}",anomalia,Sensor Atascado,normal,normal,fail,True,0.7725383548623206,normal,False,False,False,False,0,0,,A_binary_miss
SS_3f616475ffd0,SS,"{""available_independent_windows"": 159, ""duration"": 30, ""final_planned_checks"": 100, ""paper_sensor"": ""XHINT"", ""requested_windows"": 100, ""sensor"": ""XHINV""}",anomalia,Sensor Atascado,normal,normal,fail,True,0.207325835531448,normal,False,False,False,False,0,1,,A_binary_miss
SS_d896444691a5,SS,"{""available_independent_windows"": 159, ""duration"": 30, ""final_planned_checks"": 100, ""paper_sensor"": ""XHINT"", ""requested_windows"": 100, ""sensor"": ""XHINV""}",anomalia,Sensor Atascado,normal,normal,fail,True,0.408857036048732,normal,False,False,False,False,0,1,,A_binary_miss
SS_46b661138ea6,SS,"{""available_independent_windows"": 159, ""duration"": 30, ""final_planned_checks"": 100, ""paper_sensor"": ""XHINT"", ""requested_windows"": 100, ""sensor"": ""XHINV""}",anomalia,Sensor Atascado,normal,normal,fail,True,0.5710023422312102,normal,False,False,False,False,0,1,,A_binary_miss
SS_730287709bb4,SS,"{""available_independent_windows"": 159, ""duration"": 30, ""final_planned_checks"": 100, ""paper_sensor"": ""XHINT"", ""requested_windows"": 100, ""sensor"": ""XHINV""}",anomalia,Sensor Atascado,normal,normal,fail,True,0.2172396200651558,normal,False,False,False,False,0,1,,A_binary_miss
SS_94aa67c15003,SS,"{""available_independent_windows"": 159, ""duration"": 30, ""final_planned_checks"": 100, ""paper_sensor"": ""XHINT"", ""requested_windows"": 100, ""sensor"": ""XHINV""}",anomalia,Sensor Atascado,normal,normal,fail,True,0.2355717913184191,normal,False,False,False,False,0,1,,A_binary_miss
SS_e9caa3f3a586,SS,"{""available_independent_windows"": 159, ""duration"": 30, ""final_planned_checks"": 100, ""paper_sensor"": ""XHINT"", ""requested_windows"": 100, ""sensor"": ""XHINV""}",anomalia,Sensor Atascado,normal,normal,fail,True,0.3251894588970432,normal,False,False,False,False,0,1,,A_binary_miss
SS_aa95f407607e,SS,"{""available_independent_windows"": 159, ""duration"": 30, ""final_planned_checks"": 100, ""paper_sensor"": ""XHINT"", ""requested_windows"": 100, ""sensor"": ""XHINV""}",anomalia,Sensor Atascado,normal,normal,fail,True,0.4210704539027283,normal,False,False,False,False,0,1,,A_binary_miss
SS_44f16d933273,SS,"{""available_independent_windows"": 159, ""duration"": 30, ""final_planned_checks"": 100, ""paper_sensor"": ""XHINT"", ""requested_windows"": 100, ""sensor"": ""XHINV""}",anomalia,Sensor Atascado,normal,normal,fail,True,0.7198899719668757,normal,False,False,False,False,0,0,,A_binary_miss
SS_da2db19698b2,SS,"{""available_independent_windows"": 159, ""duration"": 30, ""final_planned_checks"": 100, ""paper_sensor"": ""XHINT"", ""requested_windows"": 100, ""sensor"": ""XHINV""}",anomalia,Sensor Atascado,normal,normal,fail,True,0.4091354914519403,normal,False,False,False,False,0,0,,A_binary_miss
SS_220296721d1a,SS,"{""available_independent_windows"": 159, ""duration"": 30, ""final_planned_checks"": 100, ""paper_sensor"": ""XHINT"", ""requested_windows"": 100, ""sensor"": ""XHINV""}",anomalia,Sensor Atascado,normal,normal,fail,True,0.3250787646508153,normal,False,False,False,False,0,1,,A_binary_miss
SS_db698742b74f,SS,"{""available_independent_windows"": 159, ""duration"": 30, ""final_planned_checks"": 100, ""paper_sensor"": ""XHINT"", ""requested_windows"": 100, ""sensor"": ""XHINV""}",anomalia,Sensor Atascado,normal,normal,fail,True,0.6293258540146959,normal,False,False,False,False,0,1,,A_binary_miss
SS_f9be13d1e683,SS,"{""available_independent_windows"": 159, ""duration"": 30, ""final_planned_checks"": 100, ""paper_sensor"": ""XHINT"", ""requested_windows"": 100, ""sensor"": ""XHINV""}",anomalia,Sensor Atascado,normal,normal,fail,True,0.3267130955234874,normal,False,False,False,False,0,1,,A_binary_miss
SS_08d85ab31151,SS,"{""available_independent_windows"": 159, ""duration"": 30, ""final_planned_checks"": 100, ""paper_sensor"": ""XHINT"", ""requested_windows"": 100, ""sensor"": ""XHINV""}",anomalia,Sensor Atascado,normal,normal,fail,True,0.7646559762287881,normal,False,False,False,False,0,1,,A_binary_miss
SS_d57785b8af0e,SS,"{""available_independent_windows"": 159, ""duration"": 30, ""final_planned_checks"": 100, ""paper_sensor"": ""XHINT"", ""requested_windows"": 100, ""sensor"": ""XHINV""}",anomalia,Sensor Atascado,normal,normal,fail,True,0.2827734872807138,normal,False,False,False,False,0,1,,A_binary_miss
SS_39230518bdf0,SS,"{""available_independent_windows"": 159, ""duration"": 30, ""final_planned_checks"": 100, ""paper_sensor"": ""XHINT"", ""requested_windows"": 100, ""sensor"": ""XHINV""}",anomalia,Sensor Atascado,normal,normal,fail,True,0.2431157514213738,normal,False,False,False,False,0,0,,A_binary_miss
SS_5806c35603a0,SS,"{""available_independent_windows"": 159, ""duration"": 30, ""final_planned_checks"": 100, ""paper_sensor"": ""XHINT"", ""requested_windows"": 100, ""sensor"": ""XHINV""}",anomalia,Sensor Atascado,normal,normal,fail,True,0.3334497852655147,normal,False,False,False,False,0,0,,A_binary_miss
SS_bece66a91451,SS,"{""available_independent_windows"": 159, ""duration"": 30, ""final_planned_checks"": 100, ""paper_sensor"": ""XHINT"", ""requested_windows"": 100, ""sensor"": ""XHINV""}",anomalia,Sensor Atascado,normal,normal,fail,True,0.5274163146634951,normal,False,False,False,False,0,1,,A_binary_miss
SS_1a931a6f3fc9,SS,"{""available_independent_windows"": 159, ""duration"": 30, ""final_planned_checks"": 100, ""paper_sensor"": ""XHINT"", ""requested_windows"": 100, ""sensor"": ""XHINV""}",anomalia,Sensor Atascado,normal,normal,fail,True,0.4643031791509367,normal,False,False,False,False,0,1,,A_binary_miss
SS_b0537731d711,SS,"{""available_independent_windows"": 159, ""duration"": 30, ""final_planned_checks"": 100, ""paper_sensor"": ""XHINT"", ""requested_windows"": 100, ""sensor"": ""XHINV""}",anomalia,Sensor Atascado,normal,normal,fail,True,0.1411775635372761,normal,False,False,False,False,0,1,,A_binary_miss
SS_8bcb7aecba4f,SS,"{""available_independent_windows"": 159, ""duration"": 30, ""final_planned_checks"": 100, ""paper_sensor"": ""XHINT"", ""requested_windows"": 100, ""sensor"": ""XHINV""}",anomalia,Sensor Atascado,normal,normal,fail,True,0.3673456136257325,normal,False,False,False,False,0,1,,A_binary_miss
SS_591a520e0db4,SS,"{""available_independent_windows"": 159, ""duration"": 30, ""final_planned_checks"": 100, ""paper_sensor"": ""XHINT"", ""requested_windows"": 100, ""sensor"": ""XHINV""}",anomalia,Sensor Atascado,normal,normal,fail,True,0.4658272268146893,normal,False,False,False,False,0,0,,A_binary_miss
SS_f75760c62f21,SS,"{""available_independent_windows"": 159, ""duration"": 30, ""final_planned_checks"": 100, ""paper_sensor"": ""XHINT"", ""requested_windows"": 100, ""sensor"": ""XHINV""}",anomalia,Sensor Atascado,normal,normal,fail,True,0.670213969519622,normal,False,False,False,False,0,1,,A_binary_miss
SS_15380136d636,SS,"{""available_independent_windows"": 159, ""duration"": 30, ""final_planned_checks"": 100, ""paper_sensor"": ""XHINT"", ""requested_windows"": 100, ""sensor"": ""XHINV""}",anomalia,Sensor Atascado,normal,normal,fail,True,0.4679501922514868,normal,False,False,False,False,0,1,,A_binary_miss
SS_e826ea62cbac,SS,"{""available_independent_windows"": 159, ""duration"": 30, ""final_planned_checks"": 100, ""paper_sensor"": ""XHINT"", ""requested_windows"": 100, ""sensor"": ""XHINV""}",anomalia,Sensor Atascado,normal,normal,fail,True,0.463103214822955,normal,False,False,False,False,0,0,,A_binary_miss
SS_c2fe5c56c247,SS,"{""available_independent_windows"": 159, ""duration"": 30, ""final_planned_checks"": 100, ""paper_sensor"": ""XHINT"", ""requested_windows"": 100, ""sensor"": ""XHINV""}",anomalia,Sensor Atascado,normal,normal,fail,True,0.5097553844411135,normal,False,False,False,False,0,1,,A_binary_miss
SS_ed01a45e629b,SS,"{""available_independent_windows"": 159, ""duration"": 30, ""final_planned_checks"": 100, ""paper_sensor"": ""XHINT"", ""requested_windows"": 100, ""sensor"": ""XHINV""}",anomalia,Sensor Atascado,normal,normal,fail,True,0.3995191735999158,normal,False,False,False,False,0,1,,A_binary_miss
SS_c8d923932ab5,SS,"{""available_independent_windows"": 159, ""duration"": 30, ""final_planned_checks"": 100, ""paper_sensor"": ""XHINT"", ""requested_windows"": 100, ""sensor"": ""XHINV""}",anomalia,Sensor Atascado,normal,normal,fail,True,0.3096752679000803,normal,False,False,False,False,0,0,,A_binary_miss
SS_100bdf3a5dca,SS,"{""available_independent_windows"": 159, ""duration"": 30, ""final_planned_checks"": 100, ""paper_sensor"": ""XHINT"", ""requested_windows"": 100, ""sensor"": ""XHINV""}",anomalia,Sensor Atascado,normal,normal,fail,True,0.523478501238239,normal,False,False,False,False,0,1,,A_binary_miss
SS_92400f68ec5c,SS,"{""available_independent_windows"": 159, ""duration"": 30, ""final_planned_checks"": 100, ""paper_sensor"": ""XHINT"", ""requested_windows"": 100, ""sensor"": ""XHINV""}",anomalia,Sensor Atascado,normal,normal,fail,True,0.6654581995840362,normal,False,False,False,False,0,0,,A_binary_miss
SS_90c7be99e386,SS,"{""available_independent_windows"": 159, ""duration"": 30, ""final_planned_checks"": 100, ""paper_sensor"": ""XHINT"", ""requested_windows"": 100, ""sensor"": ""XHINV""}",anomalia,Sensor Atascado,normal,normal,fail,True,0.2691980778118444,normal,False,False,False,False,0,1,,A_binary_miss
SS_18b685ba428a,SS,"{""available_independent_windows"": 159, ""duration"": 30, ""final_planned_checks"": 100, ""paper_sensor"": ""XHINT"", ""requested_windows"": 100, ""sensor"": ""XHINV""}",anomalia,Sensor Atascado,normal,normal,fail,True,0.7262997416514697,normal,False,False,False,False,0,0,,A_binary_miss
SS_42be012e38c2,SS,"{""available_independent_windows"": 159, ""duration"": 30, ""final_planned_checks"": 100, ""paper_sensor"": ""XHINT"", ""requested_windows"": 100, ""sensor"": ""XHINV""}",anomalia,Sensor Atascado,normal,normal,fail,True,0.4629741223125647,normal,False,False,False,False,0,1,,A_binary_miss
SS_fe71b1df95b3,SS,"{""available_independent_windows"": 159, ""duration"": 30, ""final_planned_checks"": 100, ""paper_sensor"": ""XHINT"", ""requested_windows"": 100, ""sensor"": ""XHINV""}",anomalia,Sensor Atascado,normal,normal,fail,True,0.4834533931684804,normal,False,False,False,False,0,0,,A_binary_miss
SS_61e9913e2dcb,SS,"{""available_independent_windows"": 159, ""duration"": 30, ""final_planned_checks"": 100, ""paper_sensor"": ""XHINT"", ""requested_windows"": 100, ""sensor"": ""XHINV""}",anomalia,Sensor Atascado,normal,normal,fail,True,0.4167322482778712,normal,False,False,False,False,0,1,,A_binary_miss
SS_193972a6e76a,SS,"{""available_independent_windows"": 159, ""duration"": 30, ""final_planned_checks"": 100, ""paper_sensor"": ""XHINT"", ""requested_windows"": 100, ""sensor"": ""XHINV""}",anomalia,Sensor Atascado,normal,normal,fail,True,0.4232469157368789,normal,False,False,False,False,0,1,,A_binary_miss
SS_d55444717abd,SS,"{""available_independent_windows"": 159, ""duration"": 30, ""final_planned_checks"": 100, ""paper_sensor"": ""XHINT"", ""requested_windows"": 100, ""sensor"": ""XHINV""}",anomalia,Sensor Atascado,normal,normal,fail,True,0.4662045075109841,normal,False,False,False,False,0,0,,A_binary_miss
SS_309a882fd17c,SS,"{""available_independent_windows"": 159, ""duration"": 30, ""final_planned_checks"": 100, ""paper_sensor"": ""XHINT"", ""requested_windows"": 100, ""sensor"": ""XHINV""}",anomalia,Sensor Atascado,normal,normal,fail,True,0.5043197253142137,normal,False,False,False,False,0,1,,A_binary_miss
SS_834fe0cdd777,SS,"{""available_independent_windows"": 159, ""duration"": 30, ""final_planned_checks"": 100, ""paper_sensor"": ""XHINT"", ""requested_windows"": 100, ""sensor"": ""XHINV""}",anomalia,Sensor Atascado,normal,normal,fail,True,0.2631835683162351,normal,False,False,False,False,0,1,,A_binary_miss
SS_3ef297c5855e,SS,"{""available_independent_windows"": 159, ""duration"": 30, ""final_planned_checks"": 100, ""paper_sensor"": ""XHINT"", ""requested_windows"": 100, ""sensor"": ""XHINV""}",anomalia,Sensor Atascado,normal,normal,fail,True,0.2660832025372415,normal,False,False,False,False,0,1,,A_binary_miss
SS_0ea538084d8a,SS,"{""available_independent_windows"": 159, ""duration"": 30, ""final_planned_checks"": 100, ""paper_sensor"": ""XHINT"", ""requested_windows"": 100, ""sensor"": ""XHINV""}",anomalia,Sensor Atascado,normal,normal,fail,True,0.5300390645848724,normal,False,False,False,False,0,1,,A_binary_miss
SS_af50438860db,SS,"{""available_independent_windows"": 159, ""duration"": 30, ""final_planned_checks"": 100, ""paper_sensor"": ""XHINT"", ""requested_windows"": 100, ""sensor"": ""XHINV""}",anomalia,Sensor Atascado,normal,normal,fail,True,0.3143398933319538,normal,False,False,False,False,0,1,,A_binary_miss
SS_628f7d3a3845,SS,"{""available_independent_windows"": 159, ""duration"": 30, ""final_planned_checks"": 100, ""paper_sensor"": ""XHINT"", ""requested_windows"": 100, ""sensor"": ""XHINV""}",anomalia,Sensor Atascado,normal,normal,fail,True,0.6595335122737601,normal,False,False,False,False,0,0,,A_binary_miss
SS_e90c6f426dcc,SS,"{""available_independent_windows"": 159, ""duration"": 30, ""final_planned_checks"": 100, ""paper_sensor"": ""XHINT"", ""requested_windows"": 100, ""sensor"": ""XHINV""}",anomalia,Sensor Atascado,normal,normal,fail,True,0.7906054000876835,normal,False,False,False,False,0,1,,A_binary_miss
SS_c6e109802200,SS,"{""available_independent_windows"": 31, ""duration"": 40, ""final_planned_checks"": 31, ""paper_sensor"": ""XTINT"", ""requested_windows"": 100, ""sensor"": ""XTINV""}",anomalia,Sensor Atascado,normal,normal,fail,True,0.6361067302015752,normal,False,False,False,False,0,0,,A_binary_miss
SS_5a979f3e1b95,SS,"{""available_independent_windows"": 31, ""duration"": 40, ""final_planned_checks"": 31, ""paper_sensor"": ""XTINT"", ""requested_windows"": 100, ""sensor"": ""XTINV""}",anomalia,Sensor Atascado,normal,normal,fail,True,0.0017345757036813,normal,False,False,False,False,0,1,,A_binary_miss
SS_fb868dbb8e9a,SS,"{""available_independent_windows"": 31, ""duration"": 40, ""final_planned_checks"": 31, ""paper_sensor"": ""XTINT"", ""requested_windows"": 100, ""sensor"": ""XTINV""}",anomalia,Sensor Atascado,normal,normal,fail,True,0.0030935754057084,normal,False,False,False,False,0,1,,A_binary_miss
SS_cd40c627a7aa,SS,"{""available_independent_windows"": 31, ""duration"": 40, ""final_planned_checks"": 31, ""paper_sensor"": ""XTINT"", ""requested_windows"": 100, ""sensor"": ""XTINV""}",anomalia,Sensor Atascado,normal,normal,fail,True,0.0020603391025614,normal,False,False,False,False,0,1,,A_binary_miss
SS_08f9fa35e96a,SS,"{""available_independent_windows"": 31, ""duration"": 40, ""final_planned_checks"": 31, ""paper_sensor"": ""XTINT"", ""requested_windows"": 100, ""sensor"": ""XTINV""}",anomalia,Sensor Atascado,normal,normal,fail,True,0.50628853481339,normal,False,False,False,False,0,0,,A_binary_miss
SS_168da9758aae,SS,"{""available_independent_windows"": 31, ""duration"": 40, ""final_planned_checks"": 31, ""paper_sensor"": ""XTINT"", ""requested_windows"": 100, ""sensor"": ""XTINV""}",anomalia,Sensor Atascado,normal,normal,fail,True,0.7870487452540222,normal,False,False,False,False,0,0,,A_binary_miss
SS_aec6ec791553,SS,"{""available_independent_windows"": 31, ""duration"": 40, ""final_planned_checks"": 31, ""paper_sensor"": ""XTINT"", ""requested_windows"": 100, ""sensor"": ""XTINV""}",anomalia,Sensor Atascado,normal,normal,fail,True,0.0045552591234046,normal,False,False,False,False,0,1,,A_binary_miss
SS_4ea4ea17443f,SS,"{""available_independent_windows"": 31, ""duration"": 40, ""final_planned_checks"": 31, ""paper_sensor"": ""XTINT"", ""requested_windows"": 100, ""sensor"": ""XTINV""}",anomalia,Sensor Atascado,normal,normal,fail,True,0.7982260036485088,normal,False,False,False,False,0,0,,A_binary_miss
SS_b7b2617ec0d8,SS,"{""available_independent_windows"": 31, ""duration"": 40, ""final_planned_checks"": 31, ""paper_sensor"": ""XTINT"", ""requested_windows"": 100, ""sensor"": ""XTINV""}",anomalia,Sensor Atascado,normal,normal,fail,True,0.0036589712431509,normal,False,False,False,False,0,1,,A_binary_miss
SS_448512dd20c8,SS,"{""available_independent_windows"": 31, ""duration"": 40, ""final_planned_checks"": 31, ""paper_sensor"": ""XTINT"", ""requested_windows"": 100, ""sensor"": ""XTINV""}",anomalia,Sensor Atascado,normal,normal,fail,True,0.776002691395606,normal,False,False,False,False,0,0,,A_binary_miss
SS_bdd51a135387,SS,"{""available_independent_windows"": 31, ""duration"": 40, ""final_planned_checks"": 31, ""paper_sensor"": ""XTINT"", ""requested_windows"": 100, ""sensor"": ""XTINV""}",anomalia,Sensor Atascado,normal,normal,fail,True,0.0026284664274842,normal,False,False,False,False,0,1,,A_binary_miss
SS_5114fb6cfaa7,SS,"{""available_independent_windows"": 31, ""duration"": 40, ""final_planned_checks"": 31, ""paper_sensor"": ""XTINT"", ""requested_windows"": 100, ""sensor"": ""XTINV""}",anomalia,Sensor Atascado,normal,normal,fail,True,0.7023418847994838,normal,False,False,False,False,0,0,,A_binary_miss
SS_443d5f0c5109,SS,"{""available_independent_windows"": 31, ""duration"": 40, ""final_planned_checks"": 31, ""paper_sensor"": ""XTINT"", ""requested_windows"": 100, ""sensor"": ""XTINV""}",anomalia,Sensor Atascado,normal,normal,fail,True,0.0019866024907885,normal,False,False,False,False,0,1,,A_binary_miss
SS_cb90b6f9404a,SS,"{""available_independent_windows"": 31, ""duration"": 40, ""final_planned_checks"": 31, ""paper_sensor"": ""XTINT"", ""requested_windows"": 100, ""sensor"": ""XTINV""}",anomalia,Sensor Atascado,normal,normal,fail,True,0.0048636909547079,normal,False,False,False,False,0,0,,A_binary_miss
SS_ec9c8c84ab88,SS,"{""available_independent_windows"": 31, ""duration"": 40, ""final_planned_checks"": 31, ""paper_sensor"": ""XTINT"", ""requested_windows"": 100, ""sensor"": ""XTINV""}",anomalia,Sensor Atascado,normal,normal,fail,True,0.0021205012748436,normal,False,False,False,False,0,1,,A_binary_miss
SS_3b556a6f1e2f,SS,"{""available_independent_windows"": 31, ""duration"": 40, ""final_planned_checks"": 31, ""paper_sensor"": ""XTINT"", ""requested_windows"": 100, ""sensor"": ""XTINV""}",anomalia,Sensor Atascado,normal,normal,fail,True,0.0014476906176355,normal,False,False,False,False,0,1,,A_binary_miss
SS_c3e61d626247,SS,"{""available_independent_windows"": 31, ""duration"": 40, ""final_planned_checks"": 31, ""paper_sensor"": ""XTINT"", ""requested_windows"": 100, ""sensor"": ""XTINV""}",anomalia,Sensor Atascado,normal,normal,fail,True,0.004181050298492,normal,False,False,False,False,0,1,,A_binary_miss
SS_e2af9f28d0b9,SS,"{""available_independent_windows"": 31, ""duration"": 40, ""final_planned_checks"": 31, ""paper_sensor"": ""XTINT"", ""requested_windows"": 100, ""sensor"": ""XTINV""}",anomalia,Sensor Atascado,normal,normal,fail,True,0.6940795231536896,normal,False,False,False,False,0,0,,A_binary_miss
SS_c9c1c7485ca2,SS,"{""available_independent_windows"": 9, ""duration"": 45, ""final_planned_checks"": 9, ""paper_sensor"": ""XTINT"", ""requested_windows"": 100, ""sensor"": ""XTINV""}",anomalia,Sensor Atascado,normal,normal,fail,False,0.0129889140254152,normal,False,False,False,False,0,1,,A_binary_miss
SS_30db73e6cf41,SS,"{""available_independent_windows"": 9, ""duration"": 45, ""final_planned_checks"": 9, ""paper_sensor"": ""XTINT"", ""requested_windows"": 100, ""sensor"": ""XTINV""}",anomalia,Sensor Atascado,normal,normal,fail,False,0.0030040159688807,normal,False,False,False,False,0,0,,A_binary_miss
SS_c76bd384efd5,SS,"{""available_independent_windows"": 9, ""duration"": 45, ""final_planned_checks"": 9, ""paper_sensor"": ""XTINT"", ""requested_windows"": 100, ""sensor"": ""XTINV""}",anomalia,Sensor Atascado,normal,normal,fail,False,0.0015400635638423,normal,False,False,False,False,0,1,,A_binary_miss
SS_e358b127ccbd,SS,"{""available_independent_windows"": 9, ""duration"": 45, ""final_planned_checks"": 9, ""paper_sensor"": ""XTINT"", ""requested_windows"": 100, ""sensor"": ""XTINV""}",anomalia,Sensor Atascado,normal,normal,fail,False,0.7950150032309086,normal,False,False,False,False,0,0,,A_binary_miss
SS_17ec0fe98043,SS,"{""available_independent_windows"": 9, ""duration"": 45, ""final_planned_checks"": 9, ""paper_sensor"": ""XTINT"", ""requested_windows"": 100, ""sensor"": ""XTINV""}",anomalia,Sensor Atascado,normal,normal,fail,False,0.0016982684834175,normal,False,False,False,False,0,1,,A_binary_miss
SS_da910ac82b06,SS,"{""available_independent_windows"": 9, ""duration"": 45, ""final_planned_checks"": 9, ""paper_sensor"": ""XTINT"", ""requested_windows"": 100, ""sensor"": ""XTINV""}",anomalia,Sensor Atascado,normal,normal,fail,False,0.0024742757986529,normal,False,False,False,False,0,1,,A_binary_miss
SS_90baba5a5668,SS,"{""available_independent_windows"": 9, ""duration"": 45, ""final_planned_checks"": 9, ""paper_sensor"": ""XTINT"", ""requested_windows"": 100, ""sensor"": ""XTINV""}",anomalia,Sensor Atascado,normal,normal,fail,False,0.5404903460806026,normal,False,False,False,False,0,0,,A_binary_miss
SS_ad57db9421bd,SS,"{""available_independent_windows"": 6, ""duration"": 50, ""final_planned_checks"": 6, ""paper_sensor"": ""XTINT"", ""requested_windows"": 100, ""sensor"": ""XTINV""}",anomalia,Sensor Atascado,normal,normal,fail,False,0.0025042505555721,normal,False,False,False,False,0,1,,A_binary_miss
SS_dbf1a5b8f1cb,SS,"{""available_independent_windows"": 6, ""duration"": 50, ""final_planned_checks"": 6, ""paper_sensor"": ""XTINT"", ""requested_windows"": 100, ""sensor"": ""XTINV""}",anomalia,Sensor Atascado,normal,normal,fail,False,0.0033100303273284,normal,False,False,False,False,0,0,,A_binary_miss
SS_7d74a838ac47,SS,"{""available_independent_windows"": 6, ""duration"": 50, ""final_planned_checks"": 6, ""paper_sensor"": ""XTINT"", ""requested_windows"": 100, ""sensor"": ""XTINV""}",anomalia,Sensor Atascado,normal,normal,fail,False,0.7574284432929747,normal,False,False,False,False,0,0,,A_binary_miss
SS_4b6837253f14,SS,"{""available_independent_windows"": 6, ""duration"": 50, ""final_planned_checks"": 6, ""paper_sensor"": ""XTINT"", ""requested_windows"": 100, ""sensor"": ""XTINV""}",anomalia,Sensor Atascado,normal,normal,fail,False,0.6416036950143961,normal,False,False,False,False,0,0,,A_binary_miss
SS_339b5df97f38,SS,"{""available_independent_windows"": 2, ""duration"": 55, ""final_planned_checks"": 2, ""paper_sensor"": ""XTINT"", ""requested_windows"": 100, ""sensor"": ""XTINV""}",anomalia,Sensor Atascado,normal,normal,fail,False,0.7700809319921064,normal,False,False,False,False,0,0,,A_binary_miss
N_ce44197f75ab,N,"{""direction"": -1, ""magnitude"": 25.0, ""paper_sensor"": ""DCO2EXT"", ""sensor"": ""PCO2EXT""}",anomalia,Ruido,normal,normal,fail,,0.3832105871917816,normal,False,False,False,False,0,0,,A_binary_miss
N_3106df60dced,N,"{""direction"": -1, ""magnitude"": 25.0, ""paper_sensor"": ""DCO2EXT"", ""sensor"": ""PCO2EXT""}",anomalia,Ruido,normal,normal,fail,,0.7938018326977009,normal,False,False,False,False,0,0,,A_binary_miss
N_202aee3c978f,N,"{""direction"": -1, ""magnitude"": 25.0, ""paper_sensor"": ""DCO2EXT"", ""sensor"": ""PCO2EXT""}",anomalia,Ruido,normal,normal,fail,,0.6368544745745494,normal,False,False,False,False,0,0,,A_binary_miss
N_382e216bde80,N,"{""direction"": -1, ""magnitude"": 25.0, ""paper_sensor"": ""DCO2EXT"", ""sensor"": ""PCO2EXT""}",anomalia,Ruido,normal,normal,fail,,0.6286134593143782,normal,False,False,False,False,0,1,,A_binary_miss
N_a33ce3e6033b,N,"{""direction"": -1, ""magnitude"": 25.0, ""paper_sensor"": ""DCO2EXT"", ""sensor"": ""PCO2EXT""}",anomalia,Ruido,normal,normal,fail,,0.6996242321699161,normal,False,False,False,False,0,0,,A_binary_miss
N_3706a130eaef,N,"{""direction"": -1, ""magnitude"": 25.0, ""paper_sensor"": ""DCO2EXT"", ""sensor"": ""PCO2EXT""}",anomalia,Ruido,normal,normal,fail,,0.3740303767189644,normal,False,False,False,False,0,0,,A_binary_miss
N_f2dd8daf7918,N,"{""direction"": -1, ""magnitude"": 25.0, ""paper_sensor"": ""DCO2EXT"", ""sensor"": ""PCO2EXT""}",anomalia,Ruido,normal,normal,fail,,0.7468248271409698,normal,False,False,False,False,0,0,,A_binary_miss
N_aae8db590ffe,N,"{""direction"": -1, ""magnitude"": 25.0, ""paper_sensor"": ""DCO2EXT"", ""sensor"": ""PCO2EXT""}",anomalia,Ruido,normal,normal,fail,,0.1049693547421073,normal,False,False,False,False,0,0,,A_binary_miss
N_3d59644a942a,N,"{""direction"": -1, ""magnitude"": 25.0, ""paper_sensor"": ""DCO2EXT"", ""sensor"": ""PCO2EXT""}",anomalia,Ruido,normal,normal,fail,,0.0204442702833878,normal,False,False,False,False,0,1,,A_binary_miss
N_03129a18257b,N,"{""direction"": -1, ""magnitude"": 25.0, ""paper_sensor"": ""DCO2EXT"", ""sensor"": ""PCO2EXT""}",anomalia,Ruido,normal,normal,fail,,0.760899505193782,normal,False,False,False,False,0,0,,A_binary_miss
N_e9a9d0cdf023,N,"{""direction"": -1, ""magnitude"": 25.0, ""paper_sensor"": ""DCO2EXT"", ""sensor"": ""PCO2EXT""}",anomalia,Ruido,normal,normal,fail,,0.6222477370677002,normal,False,False,False,False,0,1,,A_binary_miss
N_3c8c7337986a,N,"{""direction"": -1, ""magnitude"": 25.0, ""paper_sensor"": ""DCO2EXT"", ""sensor"": ""PCO2EXT""}",anomalia,Ruido,normal,normal,fail,,0.3777266161256757,normal,False,False,False,False,0,0,,A_binary_miss
N_998e9f150789,N,"{""direction"": -1, ""magnitude"": 25.0, ""paper_sensor"": ""DCO2EXT"", ""sensor"": ""PCO2EXT""}",anomalia,Ruido,normal,normal,fail,,0.2415415946317884,normal,False,False,False,False,0,0,,A_binary_miss
N_005733742aa2,N,"{""direction"": -1, ""magnitude"": 25.0, ""paper_sensor"": ""DCO2EXT"", ""sensor"": ""PCO2EXT""}",anomalia,Ruido,normal,normal,fail,,0.4542241142537071,normal,False,False,False,False,0,1,,A_binary_miss
N_00a3e9c9d71b,N,"{""direction"": -1, ""magnitude"": 25.0, ""paper_sensor"": ""DCO2EXT"", ""sensor"": ""PCO2EXT""}",anomalia,Ruido,normal,normal,fail,,0.2429529855434704,normal,False,False,False,False,0,0,,A_binary_miss
N_f88f99a46343,N,"{""direction"": -1, ""magnitude"": 25.0, ""paper_sensor"": ""DCO2EXT"", ""sensor"": ""PCO2EXT""}",anomalia,Ruido,normal,normal,fail,,0.1636501022966761,normal,False,False,False,False,0,0,,A_binary_miss
N_884c83f7cceb,N,"{""direction"": -1, ""magnitude"": 25.0, ""paper_sensor"": ""DCO2EXT"", ""sensor"": ""PCO2EXT""}",anomalia,Ruido,normal,normal,fail,,0.5754040036594283,normal,False,False,False,False,0,0,,A_binary_miss
N_0150b37cdf3f,N,"{""direction"": -1, ""magnitude"": 25.0, ""paper_sensor"": ""DCO2EXT"", ""sensor"": ""PCO2EXT""}",anomalia,Ruido,normal,normal,fail,,0.302572200487397,normal,False,False,False,False,0,0,,A_binary_miss
N_4439e6ed7a59,N,"{""direction"": -1, ""magnitude"": 25.0, ""paper_sensor"": ""DCO2EXT"", ""sensor"": ""PCO2EXT""}",anomalia,Ruido,normal,normal,fail,,0.6908178121999669,normal,False,False,False,False,0,0,,A_binary_miss
N_5501f9fd7511,N,"{""direction"": -1, ""magnitude"": 25.0, ""paper_sensor"": ""DCO2EXT"", ""sensor"": ""PCO2EXT""}",anomalia,Ruido,normal,normal,fail,,0.7522152948279239,normal,False,False,False,False,0,0,,A_binary_miss
N_c070584d8de7,N,"{""direction"": -1, ""magnitude"": 25.0, ""paper_sensor"": ""DCO2EXT"", ""sensor"": ""PCO2EXT""}",anomalia,Ruido,normal,normal,fail,,0.3384627339567194,normal,False,False,False,False,0,0,,A_binary_miss
N_2d0daeaef9e4,N,"{""direction"": -1, ""magnitude"": 25.0, ""paper_sensor"": ""DCO2EXT"", ""sensor"": ""PCO2EXT""}",anomalia,Ruido,normal,normal,fail,,0.4924540236067275,normal,False,False,False,False,0,1,,A_binary_miss
N_a5d342635f79,N,"{""direction"": -1, ""magnitude"": 25.0, ""paper_sensor"": ""DCO2EXT"", ""sensor"": ""PCO2EXT""}",anomalia,Ruido,normal,normal,fail,,0.7317096140579585,normal,False,False,False,False,0,1,,A_binary_miss
N_c44251ad14df,N,"{""direction"": -1, ""magnitude"": 37.5, ""paper_sensor"": ""DCO2EXT"", ""sensor"": ""PCO2EXT""}",anomalia,Ruido,normal,normal,fail,,0.6680684548257204,normal,False,False,False,False,0,0,,A_binary_miss
N_520a914147c2,N,"{""direction"": -1, ""magnitude"": 37.5, ""paper_sensor"": ""DCO2EXT"", ""sensor"": ""PCO2EXT""}",anomalia,Ruido,normal,normal,fail,,0.5039114716139266,normal,False,False,False,False,0,0,,A_binary_miss
N_6ceadbb38209,N,"{""direction"": -1, ""magnitude"": 37.5, ""paper_sensor"": ""DCO2EXT"", ""sensor"": ""PCO2EXT""}",anomalia,Ruido,normal,normal,fail,,0.6735105784583542,normal,False,False,False,False,0,0,,A_binary_miss
N_ccc9920af02f,N,"{""direction"": -1, ""magnitude"": 37.5, ""paper_sensor"": ""DCO2EXT"", ""sensor"": ""PCO2EXT""}",anomalia,Ruido,normal,normal,fail,,0.316685983893863,normal,False,False,False,False,0,0,,A_binary_miss
N_dd5edc67e805,N,"{""direction"": -1, ""magnitude"": 62.5, ""paper_sensor"": ""DCO2EXT"", ""sensor"": ""PCO2EXT""}",anomalia,Ruido,normal,normal,fail,,0.5251121589836453,normal,False,False,False,False,0,0,,A_binary_miss
N_12646bafab6a,N,"{""direction"": 1, ""magnitude"": 25.0, ""paper_sensor"": ""DCO2EXT"", ""sensor"": ""PCO2EXT""}",anomalia,Ruido,normal,normal,fail,,0.2289899411492971,normal,False,False,False,False,0,0,,A_binary_miss
N_45de443ebcec,N,"{""direction"": 1, ""magnitude"": 25.0, ""paper_sensor"": ""DCO2EXT"", ""sensor"": ""PCO2EXT""}",anomalia,Ruido,normal,normal,fail,,0.4542839080831884,normal,False,False,False,False,0,0,,A_binary_miss
N_9359020016c6,N,"{""direction"": 1, ""magnitude"": 25.0, ""paper_sensor"": ""DCO2EXT"", ""sensor"": ""PCO2EXT""}",anomalia,Ruido,normal,normal,fail,,0.67925286129036,normal,False,False,False,False,0,0,,A_binary_miss
N_07456405e50e,N,"{""direction"": 1, ""magnitude"": 25.0, ""paper_sensor"": ""DCO2EXT"", ""sensor"": ""PCO2EXT""}",anomalia,Ruido,normal,normal,fail,,0.1308147437797643,normal,False,False,False,False,0,1,,A_binary_miss
N_9a0fb4dcb14e,N,"{""direction"": 1, ""magnitude"": 25.0, ""paper_sensor"": ""DCO2EXT"", ""sensor"": ""PCO2EXT""}",anomalia,Ruido,normal,normal,fail,,0.7699022620419421,normal,False,False,False,False,0,1,,A_binary_miss
N_4d104a282370,N,"{""direction"": 1, ""magnitude"": 25.0, ""paper_sensor"": ""DCO2EXT"", ""sensor"": ""PCO2EXT""}",anomalia,Ruido,normal,normal,fail,,0.2952578261023483,normal,False,False,False,False,0,1,,A_binary_miss
N_5c814e52c455,N,"{""direction"": 1, ""magnitude"": 25.0, ""paper_sensor"": ""DCO2EXT"", ""sensor"": ""PCO2EXT""}",anomalia,Ruido,normal,normal,fail,,0.362717310906733,normal,False,False,False,False,0,0,,A_binary_miss
N_1558b1765929,N,"{""direction"": 1, ""magnitude"": 25.0, ""paper_sensor"": ""DCO2EXT"", ""sensor"": ""PCO2EXT""}",anomalia,Ruido,normal,normal,fail,,0.692355172376038,normal,False,False,False,False,0,1,,A_binary_miss
N_95602379a558,N,"{""direction"": 1, ""magnitude"": 25.0, ""paper_sensor"": ""DCO2EXT"", ""sensor"": ""PCO2EXT""}",anomalia,Ruido,normal,normal,fail,,0.7365303920862267,normal,False,False,False,False,0,0,,A_binary_miss
N_3ee585696010,N,"{""direction"": 1, ""magnitude"": 25.0, ""paper_sensor"": ""DCO2EXT"", ""sensor"": ""PCO2EXT""}",anomalia,Ruido,normal,normal,fail,,0.1638738842638659,normal,False,False,False,False,0,1,,A_binary_miss
N_0d071eadc32e,N,"{""direction"": 1, ""magnitude"": 25.0, ""paper_sensor"": ""DCO2EXT"", ""sensor"": ""PCO2EXT""}",anomalia,Ruido,normal,normal,fail,,0.6771333648052656,normal,False,False,False,False,0,0,,A_binary_miss
N_f08227b2cb7a,N,"{""direction"": 1, ""magnitude"": 25.0, ""paper_sensor"": ""DCO2EXT"", ""sensor"": ""PCO2EXT""}",anomalia,Ruido,normal,normal,fail,,0.7820416866896853,normal,False,False,False,False,0,0,,A_binary_miss
N_4f9756f84ab1,N,"{""direction"": 1, ""magnitude"": 25.0, ""paper_sensor"": ""DCO2EXT"", ""sensor"": ""PCO2EXT""}",anomalia,Ruido,normal,normal,fail,,0.6950292570067205,normal,False,False,False,False,0,0,,A_binary_miss
N_10f21129ba9c,N,"{""direction"": 1, ""magnitude"": 25.0, ""paper_sensor"": ""DCO2EXT"", ""sensor"": ""PCO2EXT""}",anomalia,Ruido,normal,normal,fail,,0.3492483278465998,normal,False,False,False,False,0,1,,A_binary_miss
N_c7dfc9d6544e,N,"{""direction"": 1, ""magnitude"": 25.0, ""paper_sensor"": ""DCO2EXT"", ""sensor"": ""PCO2EXT""}",anomalia,Ruido,normal,normal,fail,,0.2653543970206777,normal,False,False,False,False,0,1,,A_binary_miss
N_20e6e1b1bfae,N,"{""direction"": 1, ""magnitude"": 25.0, ""paper_sensor"": ""DCO2EXT"", ""sensor"": ""PCO2EXT""}",anomalia,Ruido,normal,normal,fail,,0.6615009167990737,normal,False,False,False,False,0,1,,A_binary_miss
N_ba8c37bdd441,N,"{""direction"": 1, ""magnitude"": 25.0, ""paper_sensor"": ""DCO2EXT"", ""sensor"": ""PCO2EXT""}",anomalia,Ruido,normal,normal,fail,,0.3458480371739046,normal,False,False,False,False,0,0,,A_binary_miss
N_4280c5e7ecc6,N,"{""direction"": 1, ""magnitude"": 25.0, ""paper_sensor"": ""DCO2EXT"", ""sensor"": ""PCO2EXT""}",anomalia,Ruido,normal,normal,fail,,0.256599237051806,normal,False,False,False,False,0,1,,A_binary_miss
N_0e233c7e1f9f,N,"{""direction"": 1, ""magnitude"": 25.0, ""paper_sensor"": ""DCO2EXT"", ""sensor"": ""PCO2EXT""}",anomalia,Ruido,normal,normal,fail,,0.7103687405700675,normal,False,False,False,False,0,0,,A_binary_miss
N_32e853b434d5,N,"{""direction"": 1, ""magnitude"": 25.0, ""paper_sensor"": ""DCO2EXT"", ""sensor"": ""PCO2EXT""}",anomalia,Ruido,normal,normal,fail,,0.3405795944125935,normal,False,False,False,False,0,0,,A_binary_miss
N_3cdaa7e6c828,N,"{""direction"": 1, ""magnitude"": 25.0, ""paper_sensor"": ""DCO2EXT"", ""sensor"": ""PCO2EXT""}",anomalia,Ruido,normal,normal,fail,,0.3544581579128253,normal,False,False,False,False,0,0,,A_binary_miss
N_ce8a282850ff,N,"{""direction"": 1, ""magnitude"": 25.0, ""paper_sensor"": ""DCO2EXT"", ""sensor"": ""PCO2EXT""}",anomalia,Ruido,normal,normal,fail,,0.1305515427517736,normal,False,False,False,False,0,0,,A_binary_miss
N_3a02511452aa,N,"{""direction"": 1, ""magnitude"": 25.0, ""paper_sensor"": ""DCO2EXT"", ""sensor"": ""PCO2EXT""}",anomalia,Ruido,normal,normal,fail,,0.1302377582887197,normal,False,False,False,False,0,0,,A_binary_miss
N_d05792991011,N,"{""direction"": 1, ""magnitude"": 25.0, ""paper_sensor"": ""DCO2EXT"", ""sensor"": ""PCO2EXT""}",anomalia,Ruido,normal,normal,fail,,0.6900926949984927,normal,False,False,False,False,0,0,,A_binary_miss
N_a03edc2dbbe5,N,"{""direction"": 1, ""magnitude"": 25.0, ""paper_sensor"": ""DCO2EXT"", ""sensor"": ""PCO2EXT""}",anomalia,Ruido,normal,normal,fail,,0.0756402855104463,normal,False,False,False,False,0,0,,A_binary_miss
N_8897192cdae2,N,"{""direction"": 1, ""magnitude"": 25.0, ""paper_sensor"": ""DCO2EXT"", ""sensor"": ""PCO2EXT""}",anomalia,Ruido,normal,normal,fail,,0.0943951463241372,normal,False,False,False,False,0,0,,A_binary_miss
N_aa308546d086,N,"{""direction"": 1, ""magnitude"": 25.0, ""paper_sensor"": ""DCO2EXT"", ""sensor"": ""PCO2EXT""}",anomalia,Ruido,normal,normal,fail,,0.6845447502434353,normal,False,False,False,False,0,0,,A_binary_miss
N_4fab8ec1e16c,N,"{""direction"": 1, ""magnitude"": 25.0, ""paper_sensor"": ""DCO2EXT"", ""sensor"": ""PCO2EXT""}",anomalia,Ruido,normal,normal,fail,,0.5185066633227933,normal,False,False,False,False,0,0,,A_binary_miss
N_cfdf9a9a05bc,N,"{""direction"": 1, ""magnitude"": 25.0, ""paper_sensor"": ""DCO2EXT"", ""sensor"": ""PCO2EXT""}",anomalia,Ruido,normal,normal,fail,,0.1193667809439952,normal,False,False,False,False,0,0,,A_binary_miss
N_b198a2d24813,N,"{""direction"": 1, ""magnitude"": 25.0, ""paper_sensor"": ""DCO2EXT"", ""sensor"": ""PCO2EXT""}",anomalia,Ruido,normal,normal,fail,,0.2774200256811422,normal,False,False,False,False,0,0,,A_binary_miss
N_9929aa99cec5,N,"{""direction"": 1, ""magnitude"": 37.5, ""paper_sensor"": ""DCO2EXT"", ""sensor"": ""PCO2EXT""}",anomalia,Ruido,normal,normal,fail,,0.3414198037201764,normal,False,False,False,False,0,0,,A_binary_miss
N_778e5b17571f,N,"{""direction"": 1, ""magnitude"": 37.5, ""paper_sensor"": ""DCO2EXT"", ""sensor"": ""PCO2EXT""}",anomalia,Ruido,normal,normal,fail,,0.5810460592635895,normal,False,False,False,False,0,0,,A_binary_miss
N_3b0231a29a10,N,"{""direction"": 1, ""magnitude"": 37.5, ""paper_sensor"": ""DCO2EXT"", ""sensor"": ""PCO2EXT""}",anomalia,Ruido,normal,normal,fail,,0.7091626665509674,normal,False,False,False,False,0,0,,A_binary_miss
N_d064b6ae6585,N,"{""direction"": 1, ""magnitude"": 37.5, ""paper_sensor"": ""DCO2EXT"", ""sensor"": ""PCO2EXT""}",anomalia,Ruido,normal,normal,fail,,0.4707424538281395,normal,False,False,False,False,0,1,,A_binary_miss
N_d1597566be9c,N,"{""direction"": 1, ""magnitude"": 37.5, ""paper_sensor"": ""DCO2EXT"", ""sensor"": ""PCO2EXT""}",anomalia,Ruido,normal,normal,fail,,0.6613582884922993,normal,False,False,False,False,0,0,,A_binary_miss
N_8d93aba3c225,N,"{""direction"": 1, ""magnitude"": 37.5, ""paper_sensor"": ""DCO2EXT"", ""sensor"": ""PCO2EXT""}",anomalia,Ruido,normal,normal,fail,,0.6986777898745438,normal,False,False,False,False,0,1,,A_binary_miss
N_a52f4e4c61fa,N,"{""direction"": 1, ""magnitude"": 37.5, ""paper_sensor"": ""DCO2EXT"", ""sensor"": ""PCO2EXT""}",anomalia,Ruido,normal,normal,fail,,0.2653958694019637,normal,False,False,False,False,0,0,,A_binary_miss
N_44d6cb322a0c,N,"{""direction"": 1, ""magnitude"": 37.5, ""paper_sensor"": ""DCO2EXT"", ""sensor"": ""PCO2EXT""}",anomalia,Ruido,normal,normal,fail,,0.7872296606370992,normal,False,False,False,False,0,0,,A_binary_miss
N_83b0f47b9db8,N,"{""direction"": 1, ""magnitude"": 37.5, ""paper_sensor"": ""DCO2EXT"", ""sensor"": ""PCO2EXT""}",anomalia,Ruido,normal,normal,fail,,0.2894846201537068,normal,False,False,False,False,0,0,,A_binary_miss
N_f8d4ee10c9f1,N,"{""direction"": 1, ""magnitude"": 37.5, ""paper_sensor"": ""DCO2EXT"", ""sensor"": ""PCO2EXT""}",anomalia,Ruido,normal,normal,fail,,0.6534570902152591,normal,False,False,False,False,0,0,,A_binary_miss
N_e7bc95ba7077,N,"{""direction"": 1, ""magnitude"": 37.5, ""paper_sensor"": ""DCO2EXT"", ""sensor"": ""PCO2EXT""}",anomalia,Ruido,normal,normal,fail,,0.7951592890833914,normal,False,False,False,False,0,0,,A_binary_miss
N_dc5b0aeb6d2a,N,"{""direction"": 1, ""magnitude"": 37.5, ""paper_sensor"": ""DCO2EXT"", ""sensor"": ""PCO2EXT""}",anomalia,Ruido,normal,normal,fail,,0.6591994675166188,normal,False,False,False,False,0,0,,A_binary_miss
N_3d462cdf830d,N,"{""direction"": 1, ""magnitude"": 37.5, ""paper_sensor"": ""DCO2EXT"", ""sensor"": ""PCO2EXT""}",anomalia,Ruido,normal,normal,fail,,0.7480038242084279,normal,False,False,False,False,0,0,,A_binary_miss
N_f493d772fade,N,"{""direction"": 1, ""magnitude"": 37.5, ""paper_sensor"": ""DCO2EXT"", ""sensor"": ""PCO2EXT""}",anomalia,Ruido,normal,normal,fail,,0.567451572977864,normal,False,False,False,False,0,0,,A_binary_miss
N_bf80af5dbd9a,N,"{""direction"": 1, ""magnitude"": 37.5, ""paper_sensor"": ""DCO2EXT"", ""sensor"": ""PCO2EXT""}",anomalia,Ruido,normal,normal,fail,,0.2635819089275484,normal,False,False,False,False,0,0,,A_binary_miss
N_98632eb7c9fe,N,"{""direction"": 1, ""magnitude"": 37.5, ""paper_sensor"": ""DCO2EXT"", ""sensor"": ""PCO2EXT""}",anomalia,Ruido,normal,normal,fail,,0.7747319631984602,normal,False,False,False,False,0,0,,A_binary_miss
N_15de05930bf4,N,"{""direction"": 1, ""magnitude"": 37.5, ""paper_sensor"": ""DCO2EXT"", ""sensor"": ""PCO2EXT""}",anomalia,Ruido,normal,normal,fail,,0.7723328707736378,normal,False,False,False,False,0,0,,A_binary_miss
N_47cc9d3dafdf,N,"{""direction"": 1, ""magnitude"": 62.5, ""paper_sensor"": ""DCO2EXT"", ""sensor"": ""PCO2EXT""}",anomalia,Ruido,normal,normal,fail,,0.6226922118141617,normal,False,False,False,False,0,0,,A_binary_miss
N_745da13d3bcb,N,"{""direction"": 1, ""magnitude"": 62.5, ""paper_sensor"": ""DCO2EXT"", ""sensor"": ""PCO2EXT""}",anomalia,Ruido,normal,normal,fail,,0.7085480570243262,normal,False,False,False,False,0,1,,A_binary_miss
N_c8114d743ca8,N,"{""direction"": -1, ""magnitude"": 10.0, ""paper_sensor"": ""DHEXT"", ""sensor"": ""PHEXT""}",anomalia,Ruido,normal,normal,fail,,0.5299202134719387,normal,False,False,False,False,0,0,,A_binary_miss
N_15039ccd531a,N,"{""direction"": -1, ""magnitude"": 10.0, ""paper_sensor"": ""DHEXT"", ""sensor"": ""PHEXT""}",anomalia,Ruido,normal,normal,fail,,0.739089190867198,normal,False,False,False,False,0,0,,A_binary_miss
N_3da9a3990ecd,N,"{""direction"": -1, ""magnitude"": 10.0, ""paper_sensor"": ""DHEXT"", ""sensor"": ""PHEXT""}",anomalia,Ruido,normal,normal,fail,,0.7537332371823292,normal,False,False,False,False,0,0,,A_binary_miss
N_7469411bb85b,N,"{""direction"": -1, ""magnitude"": 10.0, ""paper_sensor"": ""DHEXT"", ""sensor"": ""PHEXT""}",anomalia,Ruido,normal,normal,fail,,0.7397846021446212,normal,False,False,False,False,0,0,,A_binary_miss
N_e7bcc4ba5b45,N,"{""direction"": -1, ""magnitude"": 10.0, ""paper_sensor"": ""DHEXT"", ""sensor"": ""PHEXT""}",anomalia,Ruido,normal,normal,fail,,0.0396858293480627,normal,False,False,False,False,0,1,,A_binary_miss
N_6e3c533fb172,N,"{""direction"": -1, ""magnitude"": 10.0, ""paper_sensor"": ""DHEXT"", ""sensor"": ""PHEXT""}",anomalia,Ruido,normal,normal,fail,,0.4876524555884809,normal,False,False,False,False,0,0,,A_binary_miss
N_9cb97b5bcc23,N,"{""direction"": -1, ""magnitude"": 10.0, ""paper_sensor"": ""DHEXT"", ""sensor"": ""PHEXT""}",anomalia,Ruido,normal,normal,fail,,0.6143802355296305,normal,False,False,False,False,0,0,,A_binary_miss
N_efcf31e4c28c,N,"{""direction"": -1, ""magnitude"": 10.0, ""paper_sensor"": ""DHEXT"", ""sensor"": ""PHEXT""}",anomalia,Ruido,normal,normal,fail,,0.7945059125085839,normal,False,False,False,False,0,0,,A_binary_miss
N_422d63293c70,N,"{""direction"": -1, ""magnitude"": 10.0, ""paper_sensor"": ""DHEXT"", ""sensor"": ""PHEXT""}",anomalia,Ruido,normal,normal,fail,,0.600788762607738,normal,False,False,False,False,0,0,,A_binary_miss
N_c4389a39879e,N,"{""direction"": -1, ""magnitude"": 10.0, ""paper_sensor"": ""DHEXT"", ""sensor"": ""PHEXT""}",anomalia,Ruido,normal,normal,fail,,0.4770321307588989,normal,False,False,False,False,0,0,,A_binary_miss
N_a11969e29ba6,N,"{""direction"": -1, ""magnitude"": 10.0, ""paper_sensor"": ""DHEXT"", ""sensor"": ""PHEXT""}",anomalia,Ruido,normal,normal,fail,,0.0826108855260606,normal,False,False,False,False,0,0,,A_binary_miss
N_6f71633d878c,N,"{""direction"": -1, ""magnitude"": 13.75, ""paper_sensor"": ""DHEXT"", ""sensor"": ""PHEXT""}",anomalia,Ruido,normal,normal,fail,,0.7402308127093227,normal,False,False,False,False,0,0,,A_binary_miss
N_05a5ca86ddbb,N,"{""direction"": -1, ""magnitude"": 13.75, ""paper_sensor"": ""DHEXT"", ""sensor"": ""PHEXT""}",anomalia,Ruido,normal,normal,fail,,0.5672151473646655,normal,False,False,False,False,0,0,,A_binary_miss
N_8bb44b3f4a71,N,"{""direction"": -1, ""magnitude"": 13.75, ""paper_sensor"": ""DHEXT"", ""sensor"": ""PHEXT""}",anomalia,Ruido,normal,normal,fail,,0.768491241365497,normal,False,False,False,False,0,0,,A_binary_miss
N_0a797c0a6fc8,N,"{""direction"": -1, ""magnitude"": 13.75, ""paper_sensor"": ""DHEXT"", ""sensor"": ""PHEXT""}",anomalia,Ruido,normal,normal,fail,,0.6751061823973641,normal,False,False,False,False,0,1,,A_binary_miss
N_d0a97303d412,N,"{""direction"": -1, ""magnitude"": 13.75, ""paper_sensor"": ""DHEXT"", ""sensor"": ""PHEXT""}",anomalia,Ruido,normal,normal,fail,,0.504478319628291,normal,False,False,False,False,0,0,,A_binary_miss
N_5dd1650a409b,N,"{""direction"": -1, ""magnitude"": 17.5, ""paper_sensor"": ""DHEXT"", ""sensor"": ""PHEXT""}",anomalia,Ruido,normal,normal,fail,,0.7913204015417086,normal,False,False,False,False,0,0,,A_binary_miss
N_d02b5d6f3a5c,N,"{""direction"": -1, ""magnitude"": 17.5, ""paper_sensor"": ""DHEXT"", ""sensor"": ""PHEXT""}",anomalia,Ruido,normal,normal,fail,,0.6026331696152813,normal,False,False,False,False,0,0,,A_binary_miss
N_026321bfa9f9,N,"{""direction"": -1, ""magnitude"": 21.25, ""paper_sensor"": ""DHEXT"", ""sensor"": ""PHEXT""}",anomalia,Ruido,normal,normal,fail,,0.6115955473017699,normal,False,False,False,False,0,0,,A_binary_miss
N_4f4f8b88a26a,N,"{""direction"": 1, ""magnitude"": 10.0, ""paper_sensor"": ""DHEXT"", ""sensor"": ""PHEXT""}",anomalia,Ruido,normal,normal,fail,,0.675562786058345,normal,False,False,False,False,0,0,,A_binary_miss
N_8c13cc75664d,N,"{""direction"": 1, ""magnitude"": 10.0, ""paper_sensor"": ""DHEXT"", ""sensor"": ""PHEXT""}",anomalia,Ruido,normal,normal,fail,,0.7583489962142982,normal,False,False,False,False,0,0,,A_binary_miss
N_69721072102d,N,"{""direction"": 1, ""magnitude"": 10.0, ""paper_sensor"": ""DHEXT"", ""sensor"": ""PHEXT""}",anomalia,Ruido,normal,normal,fail,,0.7488661508654738,normal,False,False,False,False,0,0,,A_binary_miss
N_12baaa4849b2,N,"{""direction"": 1, ""magnitude"": 10.0, ""paper_sensor"": ""DHEXT"", ""sensor"": ""PHEXT""}",anomalia,Ruido,normal,normal,fail,,0.7832019385183705,normal,False,False,False,False,0,0,,A_binary_miss
N_28b339a013b2,N,"{""direction"": 1, ""magnitude"": 10.0, ""paper_sensor"": ""DHEXT"", ""sensor"": ""PHEXT""}",anomalia,Ruido,normal,normal,fail,,0.7777269406335797,normal,False,False,False,False,0,0,,A_binary_miss
N_3d9d354e2edf,N,"{""direction"": 1, ""magnitude"": 10.0, ""paper_sensor"": ""DHEXT"", ""sensor"": ""PHEXT""}",anomalia,Ruido,normal,normal,fail,,0.5836419045558673,normal,False,False,False,False,0,0,,A_binary_miss
N_2b5d6129edf2,N,"{""direction"": 1, ""magnitude"": 10.0, ""paper_sensor"": ""DHEXT"", ""sensor"": ""PHEXT""}",anomalia,Ruido,normal,normal,fail,,0.3619915085989394,normal,False,False,False,False,0,0,,A_binary_miss
N_444576e79c45,N,"{""direction"": 1, ""magnitude"": 10.0, ""paper_sensor"": ""DHEXT"", ""sensor"": ""PHEXT""}",anomalia,Ruido,normal,normal,fail,,0.0668576667059845,normal,False,False,False,False,0,1,,A_binary_miss
N_8320e5024f22,N,"{""direction"": 1, ""magnitude"": 10.0, ""paper_sensor"": ""DHEXT"", ""sensor"": ""PHEXT""}",anomalia,Ruido,normal,normal,fail,,0.5519878209324155,normal,False,False,False,False,0,0,,A_binary_miss
N_12870892d4bf,N,"{""direction"": 1, ""magnitude"": 10.0, ""paper_sensor"": ""DHEXT"", ""sensor"": ""PHEXT""}",anomalia,Ruido,normal,normal,fail,,0.2456005086890915,normal,False,False,False,False,0,1,,A_binary_miss
N_1d29ebe6c270,N,"{""direction"": 1, ""magnitude"": 10.0, ""paper_sensor"": ""DHEXT"", ""sensor"": ""PHEXT""}",anomalia,Ruido,normal,normal,fail,,0.7029195679274705,normal,False,False,False,False,0,0,,A_binary_miss
N_932fd44e402e,N,"{""direction"": 1, ""magnitude"": 10.0, ""paper_sensor"": ""DHEXT"", ""sensor"": ""PHEXT""}",anomalia,Ruido,normal,normal,fail,,0.6685448533278657,normal,False,False,False,False,0,0,,A_binary_miss
N_ec450fbce8ba,N,"{""direction"": 1, ""magnitude"": 10.0, ""paper_sensor"": ""DHEXT"", ""sensor"": ""PHEXT""}",anomalia,Ruido,normal,normal,fail,,0.3011984146209649,normal,False,False,False,False,0,1,,A_binary_miss
N_07bc548fb316,N,"{""direction"": 1, ""magnitude"": 10.0, ""paper_sensor"": ""DHEXT"", ""sensor"": ""PHEXT""}",anomalia,Ruido,normal,normal,fail,,0.7924916388931486,normal,False,False,False,False,0,0,,A_binary_miss
N_2d78d5df8535,N,"{""direction"": 1, ""magnitude"": 10.0, ""paper_sensor"": ""DHEXT"", ""sensor"": ""PHEXT""}",anomalia,Ruido,normal,normal,fail,,0.03096058541117,normal,False,False,False,False,0,0,,A_binary_miss
N_ce14a446936e,N,"{""direction"": 1, ""magnitude"": 13.75, ""paper_sensor"": ""DHEXT"", ""sensor"": ""PHEXT""}",anomalia,Ruido,normal,normal,fail,,0.7451377261872216,normal,False,False,False,False,0,0,,A_binary_miss
N_7a089f47bc12,N,"{""direction"": 1, ""magnitude"": 21.25, ""paper_sensor"": ""DHEXT"", ""sensor"": ""PHEXT""}",anomalia,Ruido,normal,normal,fail,,0.6162353800611704,normal,False,False,False,False,0,0,,A_binary_miss
N_75bad37c3f60,N,"{""direction"": 1, ""magnitude"": 21.25, ""paper_sensor"": ""DHEXT"", ""sensor"": ""PHEXT""}",anomalia,Ruido,normal,normal,fail,,0.555962174326564,normal,False,False,False,False,0,1,,A_binary_miss
N_a4795b42a607,N,"{""direction"": 1, ""magnitude"": 25.0, ""paper_sensor"": ""DHEXT"", ""sensor"": ""PHEXT""}",anomalia,Ruido,normal,normal,fail,,0.7896265962533943,normal,False,False,False,False,0,0,,A_binary_miss
N_5cb571c8408a,N,"{""direction"": 1, ""magnitude"": 150.0, ""paper_sensor"": ""DGREXT"", ""sensor"": ""PRAD""}",anomalia,Ruido,normal,normal,fail,,0.0541842864605229,normal,False,False,False,False,0,0,,A_binary_miss
N_5d7878ba670d,N,"{""direction"": 1, ""magnitude"": 150.0, ""paper_sensor"": ""DGREXT"", ""sensor"": ""PRAD""}",anomalia,Ruido,normal,normal,fail,,0.650961902780888,normal,False,False,False,False,0,0,,A_binary_miss
N_c5ac7b2bba50,N,"{""direction"": 1, ""magnitude"": 150.0, ""paper_sensor"": ""DGREXT"", ""sensor"": ""PRAD""}",anomalia,Ruido,normal,normal,fail,,0.1358122615446632,normal,False,False,False,False,0,0,,A_binary_miss
N_c0fe380df0a4,N,"{""direction"": 1, ""magnitude"": 150.0, ""paper_sensor"": ""DGREXT"", ""sensor"": ""PRAD""}",anomalia,Ruido,anomalia,Desviacion de Correlacion,fail,,0.971467951807254,anomalia,False,False,False,False,0,0,,B_type_mismatch
N_4f9c3b765b8e,N,"{""direction"": 1, ""magnitude"": 150.0, ""paper_sensor"": ""DGREXT"", ""sensor"": ""PRAD""}",anomalia,Ruido,anomalia,Desviacion de Correlacion,fail,,0.9714598473919788,anomalia,False,False,False,False,0,0,,B_type_mismatch
N_ec0432e5a4b8,N,"{""direction"": 1, ""magnitude"": 237.5, ""paper_sensor"": ""DGREXT"", ""sensor"": ""PRAD""}",anomalia,Ruido,anomalia,Desviacion de Correlacion,fail,,0.9991897435312398,anomalia,False,False,False,False,0,0,,B_type_mismatch
N_d531f36f8c0f,N,"{""direction"": 1, ""magnitude"": 237.5, ""paper_sensor"": ""DGREXT"", ""sensor"": ""PRAD""}",anomalia,Ruido,anomalia,Desviacion de Correlacion,fail,,0.9978178155280149,anomalia,False,False,False,False,0,0,,B_type_mismatch
N_dda66888c505,N,"{""direction"": 1, ""magnitude"": 237.5, ""paper_sensor"": ""DGREXT"", ""sensor"": ""PRAD""}",anomalia,Ruido,anomalia,Desviacion de Correlacion,fail,,0.99928331451297,anomalia,False,False,False,False,0,0,,B_type_mismatch
N_6faae63bccfb,N,"{""direction"": 1, ""magnitude"": 237.5, ""paper_sensor"": ""DGREXT"", ""sensor"": ""PRAD""}",anomalia,Ruido,normal,normal,fail,,0.538743658609145,normal,False,False,False,False,0,0,,A_binary_miss
N_91d89243ba68,N,"{""direction"": 1, ""magnitude"": 237.5, ""paper_sensor"": ""DGREXT"", ""sensor"": ""PRAD""}",anomalia,Ruido,anomalia,Desviacion de Correlacion,fail,,0.9989457042800488,anomalia,False,False,False,False,0,0,,B_type_mismatch
N_9d1ff07fcaf1,N,"{""direction"": 1, ""magnitude"": 325.0, ""paper_sensor"": ""DGREXT"", ""sensor"": ""PRAD""}",anomalia,Ruido,anomalia,Desviacion de Correlacion,fail,,0.998918389989797,anomalia,False,False,False,False,0,0,,B_type_mismatch
N_013ce07f0660,N,"{""direction"": 1, ""magnitude"": 325.0, ""paper_sensor"": ""DGREXT"", ""sensor"": ""PRAD""}",anomalia,Ruido,anomalia,Desviacion de Correlacion,fail,,0.9655563221054684,anomalia,False,False,False,False,0,0,,B_type_mismatch
N_d9d9e682d84e,N,"{""direction"": 1, ""magnitude"": 412.5, ""paper_sensor"": ""DGREXT"", ""sensor"": ""PRAD""}",anomalia,Ruido,anomalia,Desviacion de Correlacion,fail,,0.9998420016540188,anomalia,False,False,False,False,0,0,,B_type_mismatch
N_024acb20ab67,N,"{""direction"": 1, ""magnitude"": 412.5, ""paper_sensor"": ""DGREXT"", ""sensor"": ""PRAD""}",anomalia,Ruido,anomalia,Desviacion de Correlacion,fail,,0.9999040253494628,anomalia,False,False,False,False,0,0,,B_type_mismatch
N_20d3b28326f4,N,"{""direction"": 1, ""magnitude"": 500.0, ""paper_sensor"": ""DGREXT"", ""sensor"": ""PRAD""}",anomalia,Ruido,anomalia,Desviacion de Correlacion,fail,,0.9990198547823934,anomalia,False,False,False,False,0,0,,B_type_mismatch
N_5f688d8980ca,N,"{""direction"": 1, ""magnitude"": 500.0, ""paper_sensor"": ""DGREXT"", ""sensor"": ""PRAD""}",anomalia,Ruido,anomalia,Desviacion de Correlacion,fail,,0.9991209935374727,anomalia,False,False,False,False,0,0,,B_type_mismatch
N_552965d0f02f,N,"{""direction"": 1, ""magnitude"": 500.0, ""paper_sensor"": ""DGREXT"", ""sensor"": ""PRAD""}",anomalia,Ruido,anomalia,Desviacion de Correlacion,fail,,0.999800840435606,anomalia,False,False,False,False,0,0,,B_type_mismatch
N_e4f67c917dbb,N,"{""direction"": 1, ""magnitude"": 500.0, ""paper_sensor"": ""DGREXT"", ""sensor"": ""PRAD""}",anomalia,Ruido,anomalia,Desviacion de Correlacion,fail,,0.9997592402212012,anomalia,False,False,False,False,0,0,,B_type_mismatch
N_621c1c6b0865,N,"{""direction"": 1, ""magnitude"": 500.0, ""paper_sensor"": ""DGREXT"", ""sensor"": ""PRAD""}",anomalia,Ruido,anomalia,Desviacion de Correlacion,fail,,0.9981864758280992,anomalia,False,False,False,False,0,0,,B_type_mismatch
N_c345adacf1da,N,"{""direction"": -1, ""magnitude"": 3.0, ""paper_sensor"": ""DTEXT"", ""sensor"": ""PTEXT""}",anomalia,Ruido,normal,normal,fail,,0.4424555056616151,normal,False,False,False,False,0,0,,A_binary_miss
N_8a5349e87cf0,N,"{""direction"": -1, ""magnitude"": 3.0, ""paper_sensor"": ""DTEXT"", ""sensor"": ""PTEXT""}",anomalia,Ruido,normal,normal,fail,,0.7958415310665065,normal,False,False,False,False,0,1,,A_binary_miss
N_7d9f1e21c26a,N,"{""direction"": -1, ""magnitude"": 3.0, ""paper_sensor"": ""DTEXT"", ""sensor"": ""PTEXT""}",anomalia,Ruido,normal,normal,fail,,0.425335324704034,normal,False,False,False,False,0,0,,A_binary_miss
N_e3b25e25cb99,N,"{""direction"": -1, ""magnitude"": 3.0, ""paper_sensor"": ""DTEXT"", ""sensor"": ""PTEXT""}",anomalia,Ruido,normal,normal,fail,,0.7516972259582838,normal,False,False,False,False,0,0,,A_binary_miss
N_68c9918e413d,N,"{""direction"": -1, ""magnitude"": 3.0, ""paper_sensor"": ""DTEXT"", ""sensor"": ""PTEXT""}",anomalia,Ruido,normal,normal,fail,,0.4337237286913973,normal,False,False,False,False,0,0,,A_binary_miss
N_d4f8fee3818e,N,"{""direction"": -1, ""magnitude"": 3.0, ""paper_sensor"": ""DTEXT"", ""sensor"": ""PTEXT""}",anomalia,Ruido,normal,normal,fail,,0.663724185124351,normal,False,False,False,False,0,0,,A_binary_miss
N_ce4d71d72e97,N,"{""direction"": -1, ""magnitude"": 3.0, ""paper_sensor"": ""DTEXT"", ""sensor"": ""PTEXT""}",anomalia,Ruido,normal,normal,fail,,0.0680067318305774,normal,False,False,False,False,0,0,,A_binary_miss
N_88a02fa32c9c,N,"{""direction"": -1, ""magnitude"": 3.0, ""paper_sensor"": ""DTEXT"", ""sensor"": ""PTEXT""}",anomalia,Ruido,normal,normal,fail,,0.7858424468151283,normal,False,False,False,False,0,1,,A_binary_miss
N_f0679122f8c5,N,"{""direction"": -1, ""magnitude"": 3.0, ""paper_sensor"": ""DTEXT"", ""sensor"": ""PTEXT""}",anomalia,Ruido,normal,normal,fail,,0.6624536679596436,normal,False,False,False,False,0,0,,A_binary_miss
N_99edf9829fae,N,"{""direction"": -1, ""magnitude"": 5.5, ""paper_sensor"": ""DTEXT"", ""sensor"": ""PTEXT""}",anomalia,Ruido,normal,normal,fail,,0.6675643828070412,normal,False,False,False,False,0,0,,A_binary_miss
N_ed397ee01370,N,"{""direction"": -1, ""magnitude"": 6.75, ""paper_sensor"": ""DTEXT"", ""sensor"": ""PTEXT""}",anomalia,Ruido,anomalia,Desviacion de Correlacion,fail,,0.9961176654693182,anomalia,False,False,False,False,0,0,,B_type_mismatch
N_7d4db058ae39,N,"{""direction"": -1, ""magnitude"": 6.75, ""paper_sensor"": ""DTEXT"", ""sensor"": ""PTEXT""}",anomalia,Ruido,anomalia,Desviacion de Correlacion,fail,,0.9968207315102464,anomalia,False,False,False,False,0,0,,B_type_mismatch
N_bb7b908e0fb2,N,"{""direction"": 1, ""magnitude"": 3.0, ""paper_sensor"": ""DTEXT"", ""sensor"": ""PTEXT""}",anomalia,Ruido,normal,normal,fail,,0.7056782786042421,normal,False,False,False,False,0,0,,A_binary_miss
N_7be30ff969b1,N,"{""direction"": 1, ""magnitude"": 3.0, ""paper_sensor"": ""DTEXT"", ""sensor"": ""PTEXT""}",anomalia,Ruido,normal,normal,fail,,0.7340954964743989,normal,False,False,False,False,0,0,,A_binary_miss
N_2ec431c98bc4,N,"{""direction"": 1, ""magnitude"": 3.0, ""paper_sensor"": ""DTEXT"", ""sensor"": ""PTEXT""}",anomalia,Ruido,normal,normal,fail,,0.718706973425967,normal,False,False,False,False,0,0,,A_binary_miss
N_9e44724a952a,N,"{""direction"": 1, ""magnitude"": 4.25, ""paper_sensor"": ""DTEXT"", ""sensor"": ""PTEXT""}",anomalia,Ruido,normal,normal,fail,,0.1098071464578262,normal,False,False,False,False,0,0,,A_binary_miss
N_5057972d0886,N,"{""direction"": 1, ""magnitude"": 4.25, ""paper_sensor"": ""DTEXT"", ""sensor"": ""PTEXT""}",anomalia,Ruido,normal,normal,fail,,0.4204584165587976,normal,False,False,False,False,0,0,,A_binary_miss
N_09e948d30df5,N,"{""direction"": 1, ""magnitude"": 5.5, ""paper_sensor"": ""DTEXT"", ""sensor"": ""PTEXT""}",anomalia,Ruido,normal,normal,fail,,0.672405506074255,normal,False,False,False,False,0,0,,A_binary_miss
N_0cdd5d45a11b,N,"{""direction"": 1, ""magnitude"": 5.0, ""paper_sensor"": ""DVEXT"", ""sensor"": ""PVV""}",anomalia,Ruido,normal,normal,fail,,0.5012882712985326,normal,False,False,False,False,0,0,,A_binary_miss
N_2ce2fe125cac,N,"{""direction"": 1, ""magnitude"": 5.0, ""paper_sensor"": ""DVEXT"", ""sensor"": ""PVV""}",anomalia,Ruido,normal,normal,fail,,0.0759015405716939,normal,False,False,False,False,0,0,,A_binary_miss
N_adf699eec0c2,N,"{""direction"": 1, ""magnitude"": 5.0, ""paper_sensor"": ""DVEXT"", ""sensor"": ""PVV""}",anomalia,Ruido,normal,normal,fail,,0.1504216148158386,normal,False,False,False,False,0,0,,A_binary_miss
N_9995a2e09bd6,N,"{""direction"": 1, ""magnitude"": 5.0, ""paper_sensor"": ""DVEXT"", ""sensor"": ""PVV""}",anomalia,Ruido,normal,normal,fail,,0.0243509314379395,normal,False,False,False,False,0,1,,A_binary_miss
N_b755d8a53b5a,N,"{""direction"": 1, ""magnitude"": 5.0, ""paper_sensor"": ""DVEXT"", ""sensor"": ""PVV""}",anomalia,Ruido,normal,normal,fail,,0.1299222736891507,normal,False,False,False,False,0,0,,A_binary_miss
N_787773db3b32,N,"{""direction"": 1, ""magnitude"": 5.0, ""paper_sensor"": ""DVEXT"", ""sensor"": ""PVV""}",anomalia,Ruido,normal,normal,fail,,0.0132772237988905,normal,False,False,False,False,0,1,,A_binary_miss
N_073cc82e94c6,N,"{""direction"": 1, ""magnitude"": 5.0, ""paper_sensor"": ""DVEXT"", ""sensor"": ""PVV""}",anomalia,Ruido,normal,normal,fail,,0.0107893068823409,normal,False,False,False,False,0,1,,A_binary_miss
N_c49b21921e64,N,"{""direction"": 1, ""magnitude"": 5.0, ""paper_sensor"": ""DVEXT"", ""sensor"": ""PVV""}",anomalia,Ruido,normal,normal,fail,,0.5884619746727725,normal,False,False,False,False,0,0,,A_binary_miss
N_7383cdc70dc2,N,"{""direction"": 1, ""magnitude"": 5.0, ""paper_sensor"": ""DVEXT"", ""sensor"": ""PVV""}",anomalia,Ruido,normal,normal,fail,,0.2398248428963292,normal,False,False,False,False,0,0,,A_binary_miss
N_2982145476f8,N,"{""direction"": 1, ""magnitude"": 5.0, ""paper_sensor"": ""DVEXT"", ""sensor"": ""PVV""}",anomalia,Ruido,normal,normal,fail,,0.1992315686579852,normal,False,False,False,False,0,1,,A_binary_miss
N_9da522be911c,N,"{""direction"": 1, ""magnitude"": 5.0, ""paper_sensor"": ""DVEXT"", ""sensor"": ""PVV""}",anomalia,Ruido,normal,normal,fail,,0.137670453222441,normal,False,False,False,False,0,1,,A_binary_miss
N_3144fa4545f1,N,"{""direction"": 1, ""magnitude"": 5.0, ""paper_sensor"": ""DVEXT"", ""sensor"": ""PVV""}",anomalia,Ruido,normal,normal,fail,,0.2821918955716706,normal,False,False,False,False,0,0,,A_binary_miss
N_b878c126ac7e,N,"{""direction"": 1, ""magnitude"": 5.0, ""paper_sensor"": ""DVEXT"", ""sensor"": ""PVV""}",anomalia,Ruido,normal,normal,fail,,0.0671009560269238,normal,False,False,False,False,0,0,,A_binary_miss
N_b6f55c5a8bfa,N,"{""direction"": 1, ""magnitude"": 5.0, ""paper_sensor"": ""DVEXT"", ""sensor"": ""PVV""}",anomalia,Ruido,normal,normal,fail,,0.2863455189460813,normal,False,False,False,False,0,0,,A_binary_miss
N_bd1062c171bb,N,"{""direction"": 1, ""magnitude"": 5.0, ""paper_sensor"": ""DVEXT"", ""sensor"": ""PVV""}",anomalia,Ruido,normal,normal,fail,,0.742805058193678,normal,False,False,False,False,0,0,,A_binary_miss
N_e3b50faef9f7,N,"{""direction"": 1, ""magnitude"": 5.0, ""paper_sensor"": ""DVEXT"", ""sensor"": ""PVV""}",anomalia,Ruido,normal,normal,fail,,0.2495575951161895,normal,False,False,False,False,0,0,,A_binary_miss
N_c81da7f283e6,N,"{""direction"": 1, ""magnitude"": 5.0, ""paper_sensor"": ""DVEXT"", ""sensor"": ""PVV""}",anomalia,Ruido,normal,normal,fail,,0.0196480177723477,normal,False,False,False,False,0,0,,A_binary_miss
N_45db1b0a6320,N,"{""direction"": 1, ""magnitude"": 5.0, ""paper_sensor"": ""DVEXT"", ""sensor"": ""PVV""}",anomalia,Ruido,normal,normal,fail,,0.1294550267140022,normal,False,False,False,False,0,1,,A_binary_miss
N_0a6c5f9e2670,N,"{""direction"": 1, ""magnitude"": 5.0, ""paper_sensor"": ""DVEXT"", ""sensor"": ""PVV""}",anomalia,Ruido,normal,normal,fail,,0.602733565567919,normal,False,False,False,False,0,0,,A_binary_miss
N_3f15641457e2,N,"{""direction"": 1, ""magnitude"": 5.0, ""paper_sensor"": ""DVEXT"", ""sensor"": ""PVV""}",anomalia,Ruido,normal,normal,fail,,0.0224339087478158,normal,False,False,False,False,0,0,,A_binary_miss
N_327309be0e88,N,"{""direction"": 1, ""magnitude"": 5.0, ""paper_sensor"": ""DVEXT"", ""sensor"": ""PVV""}",anomalia,Ruido,normal,normal,fail,,0.2196052388093334,normal,False,False,False,False,0,1,,A_binary_miss
N_6332dbaa06ff,N,"{""direction"": 1, ""magnitude"": 5.0, ""paper_sensor"": ""DVEXT"", ""sensor"": ""PVV""}",anomalia,Ruido,normal,normal,fail,,0.2727255263396951,normal,False,False,False,False,0,1,,A_binary_miss
N_2267c97272ad,N,"{""direction"": 1, ""magnitude"": 5.0, ""paper_sensor"": ""DVEXT"", ""sensor"": ""PVV""}",anomalia,Ruido,normal,normal,fail,,0.0178423810235903,normal,False,False,False,False,0,0,,A_binary_miss
N_f9af0cc4626e,N,"{""direction"": 1, ""magnitude"": 5.0, ""paper_sensor"": ""DVEXT"", ""sensor"": ""PVV""}",anomalia,Ruido,normal,normal,fail,,0.0249262960560108,normal,False,False,False,False,0,1,,A_binary_miss
N_638fdf8f02c1,N,"{""direction"": 1, ""magnitude"": 5.0, ""paper_sensor"": ""DVEXT"", ""sensor"": ""PVV""}",anomalia,Ruido,normal,normal,fail,,0.0531072160045474,normal,False,False,False,False,0,0,,A_binary_miss
N_771f5b70b5ac,N,"{""direction"": 1, ""magnitude"": 5.0, ""paper_sensor"": ""DVEXT"", ""sensor"": ""PVV""}",anomalia,Ruido,normal,normal,fail,,0.3619637871331544,normal,False,False,False,False,0,0,,A_binary_miss
N_b8e7e59922d3,N,"{""direction"": 1, ""magnitude"": 5.0, ""paper_sensor"": ""DVEXT"", ""sensor"": ""PVV""}",anomalia,Ruido,normal,normal,fail,,0.0201117371504045,normal,False,False,False,False,0,0,,A_binary_miss
N_fb75296a4c11,N,"{""direction"": 1, ""magnitude"": 5.0, ""paper_sensor"": ""DVEXT"", ""sensor"": ""PVV""}",anomalia,Ruido,normal,normal,fail,,0.0861838899711494,normal,False,False,False,False,0,0,,A_binary_miss
N_0caf8277b0b0,N,"{""direction"": 1, ""magnitude"": 5.0, ""paper_sensor"": ""DVEXT"", ""sensor"": ""PVV""}",anomalia,Ruido,normal,normal,fail,,0.0429575055937896,normal,False,False,False,False,0,0,,A_binary_miss
N_261c85e8ed63,N,"{""direction"": 1, ""magnitude"": 5.0, ""paper_sensor"": ""DVEXT"", ""sensor"": ""PVV""}",anomalia,Ruido,normal,normal,fail,,0.532260526702703,normal,False,False,False,False,0,0,,A_binary_miss
N_5fc74a55eaf1,N,"{""direction"": 1, ""magnitude"": 5.0, ""paper_sensor"": ""DVEXT"", ""sensor"": ""PVV""}",anomalia,Ruido,normal,normal,fail,,0.3202503026503935,normal,False,False,False,False,0,1,,A_binary_miss
N_bea367edad43,N,"{""direction"": 1, ""magnitude"": 5.0, ""paper_sensor"": ""DVEXT"", ""sensor"": ""PVV""}",anomalia,Ruido,normal,normal,fail,,0.7167256936840356,normal,False,False,False,False,0,0,,A_binary_miss
N_a1bc9cff1d9c,N,"{""direction"": 1, ""magnitude"": 5.0, ""paper_sensor"": ""DVEXT"", ""sensor"": ""PVV""}",anomalia,Ruido,normal,normal,fail,,0.0735903454070334,normal,False,False,False,False,0,0,,A_binary_miss
N_ecbaad188f0e,N,"{""direction"": 1, ""magnitude"": 5.0, ""paper_sensor"": ""DVEXT"", ""sensor"": ""PVV""}",anomalia,Ruido,normal,normal,fail,,0.0380730608108257,normal,False,False,False,False,0,1,,A_binary_miss
N_454de851f49c,N,"{""direction"": 1, ""magnitude"": 5.0, ""paper_sensor"": ""DVEXT"", ""sensor"": ""PVV""}",anomalia,Ruido,normal,normal,fail,,0.1251668585150357,normal,False,False,False,False,0,0,,A_binary_miss
N_9db4303838dc,N,"{""direction"": 1, ""magnitude"": 5.0, ""paper_sensor"": ""DVEXT"", ""sensor"": ""PVV""}",anomalia,Ruido,normal,normal,fail,,0.0050731339437739,normal,False,False,False,False,0,1,,A_binary_miss
N_d674ec06c903,N,"{""direction"": 1, ""magnitude"": 5.0, ""paper_sensor"": ""DVEXT"", ""sensor"": ""PVV""}",anomalia,Ruido,normal,normal,fail,,0.1570581922301467,normal,False,False,False,False,0,1,,A_binary_miss
N_30f6ce7c3d15,N,"{""direction"": 1, ""magnitude"": 5.0, ""paper_sensor"": ""DVEXT"", ""sensor"": ""PVV""}",anomalia,Ruido,normal,normal,fail,,0.2275626777501281,normal,False,False,False,False,0,0,,A_binary_miss
N_fae97c7fc7be,N,"{""direction"": 1, ""magnitude"": 5.0, ""paper_sensor"": ""DVEXT"", ""sensor"": ""PVV""}",anomalia,Ruido,normal,normal,fail,,0.4223967266556548,normal,False,False,False,False,0,0,,A_binary_miss
N_10a7cf2cae95,N,"{""direction"": 1, ""magnitude"": 5.0, ""paper_sensor"": ""DVEXT"", ""sensor"": ""PVV""}",anomalia,Ruido,normal,normal,fail,,0.0233615697794103,normal,False,False,False,False,0,1,,A_binary_miss
N_9eebe97062f0,N,"{""direction"": 1, ""magnitude"": 5.0, ""paper_sensor"": ""DVEXT"", ""sensor"": ""PVV""}",anomalia,Ruido,normal,normal,fail,,0.0752420851844004,normal,False,False,False,False,0,0,,A_binary_miss
N_c66493adbded,N,"{""direction"": 1, ""magnitude"": 5.0, ""paper_sensor"": ""DVEXT"", ""sensor"": ""PVV""}",anomalia,Ruido,normal,normal,fail,,0.4124846959076018,normal,False,False,False,False,0,0,,A_binary_miss
N_6f4c32b12134,N,"{""direction"": 1, ""magnitude"": 5.0, ""paper_sensor"": ""DVEXT"", ""sensor"": ""PVV""}",anomalia,Ruido,normal,normal,fail,,0.0617925733713793,normal,False,False,False,False,0,1,,A_binary_miss
N_8d0903d86e1d,N,"{""direction"": 1, ""magnitude"": 5.0, ""paper_sensor"": ""DVEXT"", ""sensor"": ""PVV""}",anomalia,Ruido,normal,normal,fail,,0.0474623286393245,normal,False,False,False,False,0,1,,A_binary_miss
N_1cb159266184,N,"{""direction"": 1, ""magnitude"": 5.0, ""paper_sensor"": ""DVEXT"", ""sensor"": ""PVV""}",anomalia,Ruido,normal,normal,fail,,0.0869650521058483,normal,False,False,False,False,0,0,,A_binary_miss
N_ab4adac189b9,N,"{""direction"": 1, ""magnitude"": 5.0, ""paper_sensor"": ""DVEXT"", ""sensor"": ""PVV""}",anomalia,Ruido,normal,normal,fail,,0.0865585700204031,normal,False,False,False,False,0,0,,A_binary_miss
N_c38487e9374a,N,"{""direction"": 1, ""magnitude"": 5.0, ""paper_sensor"": ""DVEXT"", ""sensor"": ""PVV""}",anomalia,Ruido,normal,normal,fail,,0.6514179477331129,normal,False,False,False,False,0,0,,A_binary_miss
N_c3d634dcda98,N,"{""direction"": 1, ""magnitude"": 5.0, ""paper_sensor"": ""DVEXT"", ""sensor"": ""PVV""}",anomalia,Ruido,normal,normal,fail,,0.2375688172545001,normal,False,False,False,False,0,0,,A_binary_miss
N_1eda02f42996,N,"{""direction"": 1, ""magnitude"": 5.0, ""paper_sensor"": ""DVEXT"", ""sensor"": ""PVV""}",anomalia,Ruido,normal,normal,fail,,0.1597680796535463,normal,False,False,False,False,0,0,,A_binary_miss
N_9d743cbce23e,N,"{""direction"": 1, ""magnitude"": 5.0, ""paper_sensor"": ""DVEXT"", ""sensor"": ""PVV""}",anomalia,Ruido,normal,normal,fail,,0.6129663785012653,normal,False,False,False,False,0,0,,A_binary_miss
N_0e0fa1d390b9,N,"{""direction"": 1, ""magnitude"": 5.0, ""paper_sensor"": ""DVEXT"", ""sensor"": ""PVV""}",anomalia,Ruido,normal,normal,fail,,0.0133353755118697,normal,False,False,False,False,0,1,,A_binary_miss
N_a1a3a0410d8d,N,"{""direction"": 1, ""magnitude"": 5.0, ""paper_sensor"": ""DVEXT"", ""sensor"": ""PVV""}",anomalia,Ruido,normal,normal,fail,,0.1563669344506135,normal,False,False,False,False,0,0,,A_binary_miss
N_0031f07d72c8,N,"{""direction"": 1, ""magnitude"": 5.0, ""paper_sensor"": ""DVEXT"", ""sensor"": ""PVV""}",anomalia,Ruido,normal,normal,fail,,0.052318392864118,normal,False,False,False,False,0,0,,A_binary_miss
N_4386793c0b9d,N,"{""direction"": 1, ""magnitude"": 5.0, ""paper_sensor"": ""DVEXT"", ""sensor"": ""PVV""}",anomalia,Ruido,normal,normal,fail,,0.0766300210054501,normal,False,False,False,False,0,0,,A_binary_miss
N_a5418e59f521,N,"{""direction"": 1, ""magnitude"": 5.0, ""paper_sensor"": ""DVEXT"", ""sensor"": ""PVV""}",anomalia,Ruido,normal,normal,fail,,0.0022758994958149,normal,False,False,False,False,0,1,,A_binary_miss
N_1664a4c5269e,N,"{""direction"": 1, ""magnitude"": 5.0, ""paper_sensor"": ""DVEXT"", ""sensor"": ""PVV""}",anomalia,Ruido,normal,normal,fail,,0.0061320749434984,normal,False,False,False,False,0,1,,A_binary_miss
N_860c4fb46a6a,N,"{""direction"": 1, ""magnitude"": 5.0, ""paper_sensor"": ""DVEXT"", ""sensor"": ""PVV""}",anomalia,Ruido,normal,normal,fail,,0.0483767708537643,normal,False,False,False,False,0,0,,A_binary_miss
N_08138f0bce73,N,"{""direction"": 1, ""magnitude"": 5.0, ""paper_sensor"": ""DVEXT"", ""sensor"": ""PVV""}",anomalia,Ruido,normal,normal,fail,,0.0079064653102157,normal,False,False,False,False,0,1,,A_binary_miss
N_f437e1e8832c,N,"{""direction"": 1, ""magnitude"": 5.0, ""paper_sensor"": ""DVEXT"", ""sensor"": ""PVV""}",anomalia,Ruido,normal,normal,fail,,0.0342468137434024,normal,False,False,False,False,0,1,,A_binary_miss
N_9343596e853d,N,"{""direction"": 1, ""magnitude"": 5.0, ""paper_sensor"": ""DVEXT"", ""sensor"": ""PVV""}",anomalia,Ruido,normal,normal,fail,,0.063250802802622,normal,False,False,False,False,0,0,,A_binary_miss
N_6f6166e80dcb,N,"{""direction"": 1, ""magnitude"": 5.0, ""paper_sensor"": ""DVEXT"", ""sensor"": ""PVV""}",anomalia,Ruido,normal,normal,fail,,0.1555241070586061,normal,False,False,False,False,0,0,,A_binary_miss
N_12d0a8e9829a,N,"{""direction"": 1, ""magnitude"": 5.0, ""paper_sensor"": ""DVEXT"", ""sensor"": ""PVV""}",anomalia,Ruido,normal,normal,fail,,0.143076840045644,normal,False,False,False,False,0,1,,A_binary_miss
N_1d1636f90079,N,"{""direction"": 1, ""magnitude"": 6.0, ""paper_sensor"": ""DVEXT"", ""sensor"": ""PVV""}",anomalia,Ruido,normal,normal,fail,,0.0153794723944479,normal,False,False,False,False,0,1,,A_binary_miss
N_a81ddd9b0326,N,"{""direction"": 1, ""magnitude"": 6.0, ""paper_sensor"": ""DVEXT"", ""sensor"": ""PVV""}",anomalia,Ruido,normal,normal,fail,,0.1480042921690935,normal,False,False,False,False,0,1,,A_binary_miss
N_bb0a639ac25f,N,"{""direction"": 1, ""magnitude"": 6.0, ""paper_sensor"": ""DVEXT"", ""sensor"": ""PVV""}",anomalia,Ruido,normal,normal,fail,,0.0375998839961817,normal,False,False,False,False,0,0,,A_binary_miss
N_59c29491ba9e,N,"{""direction"": 1, ""magnitude"": 6.0, ""paper_sensor"": ""DVEXT"", ""sensor"": ""PVV""}",anomalia,Ruido,normal,normal,fail,,0.2269200089089011,normal,False,False,False,False,0,1,,A_binary_miss
N_d22ff7417abe,N,"{""direction"": 1, ""magnitude"": 6.0, ""paper_sensor"": ""DVEXT"", ""sensor"": ""PVV""}",anomalia,Ruido,normal,normal,fail,,0.6353052014649311,normal,False,False,False,False,0,0,,A_binary_miss
N_3b5b779cf738,N,"{""direction"": 1, ""magnitude"": 6.0, ""paper_sensor"": ""DVEXT"", ""sensor"": ""PVV""}",anomalia,Ruido,normal,normal,fail,,0.3330931142934474,normal,False,False,False,False,0,0,,A_binary_miss
N_bb2d3d76583a,N,"{""direction"": 1, ""magnitude"": 6.0, ""paper_sensor"": ""DVEXT"", ""sensor"": ""PVV""}",anomalia,Ruido,normal,normal,fail,,0.0895894137206214,normal,False,False,False,False,0,1,,A_binary_miss
N_0a5ff983ff2d,N,"{""direction"": 1, ""magnitude"": 6.0, ""paper_sensor"": ""DVEXT"", ""sensor"": ""PVV""}",anomalia,Ruido,normal,normal,fail,,0.1915756697989549,normal,False,False,False,False,0,0,,A_binary_miss
N_bdb75701d4ab,N,"{""direction"": 1, ""magnitude"": 6.0, ""paper_sensor"": ""DVEXT"", ""sensor"": ""PVV""}",anomalia,Ruido,normal,normal,fail,,0.059804618650281,normal,False,False,False,False,0,0,,A_binary_miss
N_7897561eb2dd,N,"{""direction"": 1, ""magnitude"": 6.0, ""paper_sensor"": ""DVEXT"", ""sensor"": ""PVV""}",anomalia,Ruido,normal,normal,fail,,0.2146472084535825,normal,False,False,False,False,0,0,,A_binary_miss
N_3869c398152b,N,"{""direction"": 1, ""magnitude"": 6.0, ""paper_sensor"": ""DVEXT"", ""sensor"": ""PVV""}",anomalia,Ruido,normal,normal,fail,,0.2860059343702821,normal,False,False,False,False,0,0,,A_binary_miss
N_34c812ced1c1,N,"{""direction"": 1, ""magnitude"": 6.0, ""paper_sensor"": ""DVEXT"", ""sensor"": ""PVV""}",anomalia,Ruido,normal,normal,fail,,0.1915210995931884,normal,False,False,False,False,0,0,,A_binary_miss
N_2df566b944c2,N,"{""direction"": 1, ""magnitude"": 6.0, ""paper_sensor"": ""DVEXT"", ""sensor"": ""PVV""}",anomalia,Ruido,normal,normal,fail,,0.0350019792098131,normal,False,False,False,False,0,1,,A_binary_miss
N_1de5d5c606b0,N,"{""direction"": 1, ""magnitude"": 6.0, ""paper_sensor"": ""DVEXT"", ""sensor"": ""PVV""}",anomalia,Ruido,normal,normal,fail,,0.1943635176026763,normal,False,False,False,False,0,0,,A_binary_miss
N_ff729edfe1d3,N,"{""direction"": 1, ""magnitude"": 6.0, ""paper_sensor"": ""DVEXT"", ""sensor"": ""PVV""}",anomalia,Ruido,normal,normal,fail,,0.2589310399643854,normal,False,False,False,False,0,1,,A_binary_miss
N_846d95aa0e97,N,"{""direction"": 1, ""magnitude"": 6.0, ""paper_sensor"": ""DVEXT"", ""sensor"": ""PVV""}",anomalia,Ruido,normal,normal,fail,,0.1858681151010547,normal,False,False,False,False,0,1,,A_binary_miss
N_5fe931915dd8,N,"{""direction"": 1, ""magnitude"": 6.0, ""paper_sensor"": ""DVEXT"", ""sensor"": ""PVV""}",anomalia,Ruido,normal,normal,fail,,0.5515826157801179,normal,False,False,False,False,0,0,,A_binary_miss
N_fe34582de337,N,"{""direction"": 1, ""magnitude"": 6.0, ""paper_sensor"": ""DVEXT"", ""sensor"": ""PVV""}",anomalia,Ruido,normal,normal,fail,,0.6157263342108451,normal,False,False,False,False,0,0,,A_binary_miss
N_4db9797b1e05,N,"{""direction"": 1, ""magnitude"": 6.0, ""paper_sensor"": ""DVEXT"", ""sensor"": ""PVV""}",anomalia,Ruido,normal,normal,fail,,0.1378848048455553,normal,False,False,False,False,0,0,,A_binary_miss
N_e79b268a4b73,N,"{""direction"": 1, ""magnitude"": 6.0, ""paper_sensor"": ""DVEXT"", ""sensor"": ""PVV""}",anomalia,Ruido,normal,normal,fail,,0.1321074070714882,normal,False,False,False,False,0,0,,A_binary_miss
N_a2ffa4fca1bd,N,"{""direction"": 1, ""magnitude"": 6.0, ""paper_sensor"": ""DVEXT"", ""sensor"": ""PVV""}",anomalia,Ruido,normal,normal,fail,,0.1374394536380482,normal,False,False,False,False,0,0,,A_binary_miss
N_88230028548d,N,"{""direction"": 1, ""magnitude"": 6.0, ""paper_sensor"": ""DVEXT"", ""sensor"": ""PVV""}",anomalia,Ruido,normal,normal,fail,,0.0921989987793899,normal,False,False,False,False,0,1,,A_binary_miss
N_64f48df7e342,N,"{""direction"": 1, ""magnitude"": 6.0, ""paper_sensor"": ""DVEXT"", ""sensor"": ""PVV""}",anomalia,Ruido,normal,normal,fail,,0.1559470038160908,normal,False,False,False,False,0,1,,A_binary_miss
N_19f0cdaeffe8,N,"{""direction"": 1, ""magnitude"": 6.0, ""paper_sensor"": ""DVEXT"", ""sensor"": ""PVV""}",anomalia,Ruido,normal,normal,fail,,0.0136522037623904,normal,False,False,False,False,0,1,,A_binary_miss
N_74b750c4053e,N,"{""direction"": 1, ""magnitude"": 6.0, ""paper_sensor"": ""DVEXT"", ""sensor"": ""PVV""}",anomalia,Ruido,normal,normal,fail,,0.0321262360652472,normal,False,False,False,False,0,1,,A_binary_miss
N_3d0bd1254a77,N,"{""direction"": 1, ""magnitude"": 6.0, ""paper_sensor"": ""DVEXT"", ""sensor"": ""PVV""}",anomalia,Ruido,normal,normal,fail,,0.0392215772368801,normal,False,False,False,False,0,0,,A_binary_miss
N_011636c97bec,N,"{""direction"": 1, ""magnitude"": 6.0, ""paper_sensor"": ""DVEXT"", ""sensor"": ""PVV""}",anomalia,Ruido,normal,normal,fail,,0.3971912695087208,normal,False,False,False,False,0,0,,A_binary_miss
N_c0c32347d31b,N,"{""direction"": 1, ""magnitude"": 6.0, ""paper_sensor"": ""DVEXT"", ""sensor"": ""PVV""}",anomalia,Ruido,normal,normal,fail,,0.1403188414154179,normal,False,False,False,False,0,1,,A_binary_miss
N_f5b85247fb72,N,"{""direction"": 1, ""magnitude"": 6.0, ""paper_sensor"": ""DVEXT"", ""sensor"": ""PVV""}",anomalia,Ruido,normal,normal,fail,,0.1930046492076929,normal,False,False,False,False,0,0,,A_binary_miss
N_b8f83090a824,N,"{""direction"": 1, ""magnitude"": 6.0, ""paper_sensor"": ""DVEXT"", ""sensor"": ""PVV""}",anomalia,Ruido,normal,normal,fail,,0.0668247655877473,normal,False,False,False,False,0,1,,A_binary_miss
N_e7ab0648b577,N,"{""direction"": 1, ""magnitude"": 6.0, ""paper_sensor"": ""DVEXT"", ""sensor"": ""PVV""}",anomalia,Ruido,normal,normal,fail,,0.1114974216933917,normal,False,False,False,False,0,1,,A_binary_miss
N_45395538f6db,N,"{""direction"": 1, ""magnitude"": 6.0, ""paper_sensor"": ""DVEXT"", ""sensor"": ""PVV""}",anomalia,Ruido,normal,normal,fail,,0.3625620590860532,normal,False,False,False,False,0,1,,A_binary_miss
N_335cc45da47e,N,"{""direction"": 1, ""magnitude"": 6.0, ""paper_sensor"": ""DVEXT"", ""sensor"": ""PVV""}",anomalia,Ruido,normal,normal,fail,,0.0108338757153729,normal,False,False,False,False,0,1,,A_binary_miss
N_dec4cf3510a3,N,"{""direction"": 1, ""magnitude"": 6.0, ""paper_sensor"": ""DVEXT"", ""sensor"": ""PVV""}",anomalia,Ruido,normal,normal,fail,,0.2947739806600862,normal,False,False,False,False,0,0,,A_binary_miss
N_b98bea866c00,N,"{""direction"": 1, ""magnitude"": 6.0, ""paper_sensor"": ""DVEXT"", ""sensor"": ""PVV""}",anomalia,Ruido,normal,normal,fail,,0.0245975078448261,normal,False,False,False,False,0,1,,A_binary_miss
N_427ea67f76ab,N,"{""direction"": 1, ""magnitude"": 6.0, ""paper_sensor"": ""DVEXT"", ""sensor"": ""PVV""}",anomalia,Ruido,normal,normal,fail,,0.2489545650203564,normal,False,False,False,False,0,0,,A_binary_miss
N_45be2e1fbdd6,N,"{""direction"": 1, ""magnitude"": 6.0, ""paper_sensor"": ""DVEXT"", ""sensor"": ""PVV""}",anomalia,Ruido,normal,normal,fail,,0.2263077851780551,normal,False,False,False,False,0,1,,A_binary_miss
N_5f96641aabf1,N,"{""direction"": 1, ""magnitude"": 6.0, ""paper_sensor"": ""DVEXT"", ""sensor"": ""PVV""}",anomalia,Ruido,normal,normal,fail,,0.0512664424014667,normal,False,False,False,False,0,1,,A_binary_miss
N_7ae71ded2541,N,"{""direction"": 1, ""magnitude"": 6.0, ""paper_sensor"": ""DVEXT"", ""sensor"": ""PVV""}",anomalia,Ruido,normal,normal,fail,,0.3789273100736475,normal,False,False,False,False,0,0,,A_binary_miss
N_6ced806137dd,N,"{""direction"": 1, ""magnitude"": 6.0, ""paper_sensor"": ""DVEXT"", ""sensor"": ""PVV""}",anomalia,Ruido,normal,normal,fail,,0.0732590854982841,normal,False,False,False,False,0,1,,A_binary_miss
N_17ddd11f2dd2,N,"{""direction"": 1, ""magnitude"": 6.0, ""paper_sensor"": ""DVEXT"", ""sensor"": ""PVV""}",anomalia,Ruido,normal,normal,fail,,0.449166588773247,normal,False,False,False,False,0,0,,A_binary_miss
N_00a2d3e48446,N,"{""direction"": 1, ""magnitude"": 6.0, ""paper_sensor"": ""DVEXT"", ""sensor"": ""PVV""}",anomalia,Ruido,normal,normal,fail,,0.4127053682612973,normal,False,False,False,False,0,0,,A_binary_miss
N_cde003624c7e,N,"{""direction"": 1, ""magnitude"": 6.0, ""paper_sensor"": ""DVEXT"", ""sensor"": ""PVV""}",anomalia,Ruido,normal,normal,fail,,0.06064517743583,normal,False,False,False,False,0,1,,A_binary_miss
N_ed8e441571de,N,"{""direction"": 1, ""magnitude"": 6.0, ""paper_sensor"": ""DVEXT"", ""sensor"": ""PVV""}",anomalia,Ruido,normal,normal,fail,,0.017827850881131,normal,False,False,False,False,0,0,,A_binary_miss
N_e55a72cbd9aa,N,"{""direction"": 1, ""magnitude"": 6.0, ""paper_sensor"": ""DVEXT"", ""sensor"": ""PVV""}",anomalia,Ruido,normal,normal,fail,,0.0968966214542022,normal,False,False,False,False,0,0,,A_binary_miss
N_4531f430a373,N,"{""direction"": 1, ""magnitude"": 6.0, ""paper_sensor"": ""DVEXT"", ""sensor"": ""PVV""}",anomalia,Ruido,normal,normal,fail,,0.10781184299704,normal,False,False,False,False,0,0,,A_binary_miss
N_8e195ef13dc6,N,"{""direction"": 1, ""magnitude"": 6.0, ""paper_sensor"": ""DVEXT"", ""sensor"": ""PVV""}",anomalia,Ruido,normal,normal,fail,,0.0784036500343541,normal,False,False,False,False,0,0,,A_binary_miss
N_568a3a9ffd9f,N,"{""direction"": 1, ""magnitude"": 6.0, ""paper_sensor"": ""DVEXT"", ""sensor"": ""PVV""}",anomalia,Ruido,normal,normal,fail,,0.0483810175396132,normal,False,False,False,False,0,1,,A_binary_miss
N_69a5d909f157,N,"{""direction"": 1, ""magnitude"": 6.0, ""paper_sensor"": ""DVEXT"", ""sensor"": ""PVV""}",anomalia,Ruido,normal,normal,fail,,0.5741663544770899,normal,False,False,False,False,0,0,,A_binary_miss
N_7b720567c6fd,N,"{""direction"": 1, ""magnitude"": 6.0, ""paper_sensor"": ""DVEXT"", ""sensor"": ""PVV""}",anomalia,Ruido,normal,normal,fail,,0.0707294685042808,normal,False,False,False,False,0,1,,A_binary_miss
N_61cc739272cc,N,"{""direction"": 1, ""magnitude"": 6.0, ""paper_sensor"": ""DVEXT"", ""sensor"": ""PVV""}",anomalia,Ruido,normal,normal,fail,,0.0521236438223829,normal,False,False,False,False,0,1,,A_binary_miss
N_f69d0bd5cac1,N,"{""direction"": 1, ""magnitude"": 6.0, ""paper_sensor"": ""DVEXT"", ""sensor"": ""PVV""}",anomalia,Ruido,normal,normal,fail,,0.1742094106265236,normal,False,False,False,False,0,0,,A_binary_miss
N_541a896f4c24,N,"{""direction"": 1, ""magnitude"": 6.0, ""paper_sensor"": ""DVEXT"", ""sensor"": ""PVV""}",anomalia,Ruido,normal,normal,fail,,0.1213659139261052,normal,False,False,False,False,0,1,,A_binary_miss
N_8e1e72b747ca,N,"{""direction"": 1, ""magnitude"": 6.0, ""paper_sensor"": ""DVEXT"", ""sensor"": ""PVV""}",anomalia,Ruido,normal,normal,fail,,0.1876599513361037,normal,False,False,False,False,0,0,,A_binary_miss
N_582725bf61ec,N,"{""direction"": 1, ""magnitude"": 6.0, ""paper_sensor"": ""DVEXT"", ""sensor"": ""PVV""}",anomalia,Ruido,normal,normal,fail,,0.0285815120396026,normal,False,False,False,False,0,1,,A_binary_miss
N_3e26ddcb9cfe,N,"{""direction"": 1, ""magnitude"": 6.0, ""paper_sensor"": ""DVEXT"", ""sensor"": ""PVV""}",anomalia,Ruido,normal,normal,fail,,0.016033192279921,normal,False,False,False,False,0,1,,A_binary_miss
N_da9e6400981f,N,"{""direction"": 1, ""magnitude"": 6.0, ""paper_sensor"": ""DVEXT"", ""sensor"": ""PVV""}",anomalia,Ruido,normal,normal,fail,,0.124152818115181,normal,False,False,False,False,0,0,,A_binary_miss
N_2054dbf4043e,N,"{""direction"": 1, ""magnitude"": 6.0, ""paper_sensor"": ""DVEXT"", ""sensor"": ""PVV""}",anomalia,Ruido,normal,normal,fail,,0.0232624509246135,normal,False,False,False,False,0,0,,A_binary_miss
N_5af7cd5f423f,N,"{""direction"": 1, ""magnitude"": 6.0, ""paper_sensor"": ""DVEXT"", ""sensor"": ""PVV""}",anomalia,Ruido,normal,normal,fail,,0.260414587531858,normal,False,False,False,False,0,0,,A_binary_miss
N_c6f36c3f9f53,N,"{""direction"": 1, ""magnitude"": 6.0, ""paper_sensor"": ""DVEXT"", ""sensor"": ""PVV""}",anomalia,Ruido,normal,normal,fail,,0.03802778101242,normal,False,False,False,False,0,1,,A_binary_miss
N_177838b6a174,N,"{""direction"": 1, ""magnitude"": 6.0, ""paper_sensor"": ""DVEXT"", ""sensor"": ""PVV""}",anomalia,Ruido,normal,normal,fail,,0.4501767253289234,normal,False,False,False,False,0,0,,A_binary_miss
N_21149bdd6c6f,N,"{""direction"": 1, ""magnitude"": 6.0, ""paper_sensor"": ""DVEXT"", ""sensor"": ""PVV""}",anomalia,Ruido,normal,normal,fail,,0.2786447665178175,normal,False,False,False,False,0,0,,A_binary_miss
N_e3c6f97fbddf,N,"{""direction"": 1, ""magnitude"": 7.0, ""paper_sensor"": ""DVEXT"", ""sensor"": ""PVV""}",anomalia,Ruido,normal,normal,fail,,0.2047286156653058,normal,False,False,False,False,0,1,,A_binary_miss
N_8cc5763dad5d,N,"{""direction"": 1, ""magnitude"": 7.0, ""paper_sensor"": ""DVEXT"", ""sensor"": ""PVV""}",anomalia,Ruido,normal,normal,fail,,0.0437136665868656,normal,False,False,False,False,0,0,,A_binary_miss
N_97e291e5948f,N,"{""direction"": 1, ""magnitude"": 7.0, ""paper_sensor"": ""DVEXT"", ""sensor"": ""PVV""}",anomalia,Ruido,normal,normal,fail,,0.1828897342641954,normal,False,False,False,False,0,1,,A_binary_miss
N_e783a232559e,N,"{""direction"": 1, ""magnitude"": 7.0, ""paper_sensor"": ""DVEXT"", ""sensor"": ""PVV""}",anomalia,Ruido,normal,normal,fail,,0.0604051616316282,normal,False,False,False,False,0,0,,A_binary_miss
N_94d40a7ecaf6,N,"{""direction"": 1, ""magnitude"": 7.0, ""paper_sensor"": ""DVEXT"", ""sensor"": ""PVV""}",anomalia,Ruido,normal,normal,fail,,0.0915998289830165,normal,False,False,False,False,0,0,,A_binary_miss
N_94aee7b5b33d,N,"{""direction"": 1, ""magnitude"": 7.0, ""paper_sensor"": ""DVEXT"", ""sensor"": ""PVV""}",anomalia,Ruido,normal,normal,fail,,0.1383121455893589,normal,False,False,False,False,0,1,,A_binary_miss
N_363fcf332c57,N,"{""direction"": 1, ""magnitude"": 7.0, ""paper_sensor"": ""DVEXT"", ""sensor"": ""PVV""}",anomalia,Ruido,normal,normal,fail,,0.1099341397335054,normal,False,False,False,False,0,0,,A_binary_miss
N_2970d41c4847,N,"{""direction"": 1, ""magnitude"": 7.0, ""paper_sensor"": ""DVEXT"", ""sensor"": ""PVV""}",anomalia,Ruido,normal,normal,fail,,0.1470842728148889,normal,False,False,False,False,0,1,,A_binary_miss
N_5d0bfea9aa80,N,"{""direction"": 1, ""magnitude"": 7.0, ""paper_sensor"": ""DVEXT"", ""sensor"": ""PVV""}",anomalia,Ruido,normal,normal,fail,,0.3160959636771909,normal,False,False,False,False,0,0,,A_binary_miss
N_c05292210e1d,N,"{""direction"": 1, ""magnitude"": 7.0, ""paper_sensor"": ""DVEXT"", ""sensor"": ""PVV""}",anomalia,Ruido,normal,normal,fail,,0.1855132297879053,normal,False,False,False,False,0,0,,A_binary_miss
N_b6b20da67153,N,"{""direction"": 1, ""magnitude"": 7.0, ""paper_sensor"": ""DVEXT"", ""sensor"": ""PVV""}",anomalia,Ruido,normal,normal,fail,,0.1591491119311417,normal,False,False,False,False,0,0,,A_binary_miss
N_b3e320287ec1,N,"{""direction"": 1, ""magnitude"": 7.0, ""paper_sensor"": ""DVEXT"", ""sensor"": ""PVV""}",anomalia,Ruido,normal,normal,fail,,0.1217758304445872,normal,False,False,False,False,0,1,,A_binary_miss
N_4adbaf8947eb,N,"{""direction"": 1, ""magnitude"": 7.0, ""paper_sensor"": ""DVEXT"", ""sensor"": ""PVV""}",anomalia,Ruido,normal,normal,fail,,0.4148038790382317,normal,False,False,False,False,0,0,,A_binary_miss
N_95048c271713,N,"{""direction"": 1, ""magnitude"": 7.0, ""paper_sensor"": ""DVEXT"", ""sensor"": ""PVV""}",anomalia,Ruido,normal,normal,fail,,0.027418206867935,normal,False,False,False,False,0,1,,A_binary_miss
N_e3f3787c982a,N,"{""direction"": 1, ""magnitude"": 7.0, ""paper_sensor"": ""DVEXT"", ""sensor"": ""PVV""}",anomalia,Ruido,normal,normal,fail,,0.6368513671890713,normal,False,False,False,False,0,0,,A_binary_miss
N_5eb6d46391bf,N,"{""direction"": 1, ""magnitude"": 7.0, ""paper_sensor"": ""DVEXT"", ""sensor"": ""PVV""}",anomalia,Ruido,normal,normal,fail,,0.362418108198712,normal,False,False,False,False,0,0,,A_binary_miss
N_029e538472de,N,"{""direction"": 1, ""magnitude"": 7.0, ""paper_sensor"": ""DVEXT"", ""sensor"": ""PVV""}",anomalia,Ruido,normal,normal,fail,,0.0955096750167754,normal,False,False,False,False,0,1,,A_binary_miss
N_bc97a9a44a7b,N,"{""direction"": 1, ""magnitude"": 7.0, ""paper_sensor"": ""DVEXT"", ""sensor"": ""PVV""}",anomalia,Ruido,normal,normal,fail,,0.1159150443644008,normal,False,False,False,False,0,1,,A_binary_miss
N_4a97646981d0,N,"{""direction"": 1, ""magnitude"": 7.0, ""paper_sensor"": ""DVEXT"", ""sensor"": ""PVV""}",anomalia,Ruido,normal,normal,fail,,0.5713210616003153,normal,False,False,False,False,0,0,,A_binary_miss
N_b74fd309b7ff,N,"{""direction"": 1, ""magnitude"": 7.0, ""paper_sensor"": ""DVEXT"", ""sensor"": ""PVV""}",anomalia,Ruido,normal,normal,fail,,0.2507059809563825,normal,False,False,False,False,0,0,,A_binary_miss
N_b9eda6c6d9b1,N,"{""direction"": 1, ""magnitude"": 7.0, ""paper_sensor"": ""DVEXT"", ""sensor"": ""PVV""}",anomalia,Ruido,normal,normal,fail,,0.6830503369734032,normal,False,False,False,False,0,0,,A_binary_miss
N_5fd936b097a2,N,"{""direction"": 1, ""magnitude"": 7.0, ""paper_sensor"": ""DVEXT"", ""sensor"": ""PVV""}",anomalia,Ruido,normal,normal,fail,,0.0578350833360176,normal,False,False,False,False,0,0,,A_binary_miss
N_3d4133d79c27,N,"{""direction"": 1, ""magnitude"": 7.0, ""paper_sensor"": ""DVEXT"", ""sensor"": ""PVV""}",anomalia,Ruido,normal,normal,fail,,0.1905335465022943,normal,False,False,False,False,0,0,,A_binary_miss
N_8399568b3e73,N,"{""direction"": 1, ""magnitude"": 7.0, ""paper_sensor"": ""DVEXT"", ""sensor"": ""PVV""}",anomalia,Ruido,normal,normal,fail,,0.1159064643054978,normal,False,False,False,False,0,1,,A_binary_miss
N_24e5ca930227,N,"{""direction"": 1, ""magnitude"": 7.0, ""paper_sensor"": ""DVEXT"", ""sensor"": ""PVV""}",anomalia,Ruido,normal,normal,fail,,0.3104833177785828,normal,False,False,False,False,0,1,,A_binary_miss
N_5bafcb04af81,N,"{""direction"": 1, ""magnitude"": 7.0, ""paper_sensor"": ""DVEXT"", ""sensor"": ""PVV""}",anomalia,Ruido,normal,normal,fail,,0.4912409431815066,normal,False,False,False,False,0,0,,A_binary_miss
N_2e9cc87dd2e2,N,"{""direction"": 1, ""magnitude"": 7.0, ""paper_sensor"": ""DVEXT"", ""sensor"": ""PVV""}",anomalia,Ruido,normal,normal,fail,,0.6591836734668799,normal,False,False,False,False,0,0,,A_binary_miss
N_d87425885bb4,N,"{""direction"": 1, ""magnitude"": 7.0, ""paper_sensor"": ""DVEXT"", ""sensor"": ""PVV""}",anomalia,Ruido,normal,normal,fail,,0.0311951715787671,normal,False,False,False,False,0,0,,A_binary_miss
N_87bcf4d1b9a8,N,"{""direction"": 1, ""magnitude"": 7.0, ""paper_sensor"": ""DVEXT"", ""sensor"": ""PVV""}",anomalia,Ruido,normal,normal,fail,,0.2420336257035067,normal,False,False,False,False,0,0,,A_binary_miss
N_f7ac2d987daa,N,"{""direction"": 1, ""magnitude"": 7.0, ""paper_sensor"": ""DVEXT"", ""sensor"": ""PVV""}",anomalia,Ruido,normal,normal,fail,,0.3848347398905021,normal,False,False,False,False,0,1,,A_binary_miss
N_c5a7fd5423d7,N,"{""direction"": 1, ""magnitude"": 7.0, ""paper_sensor"": ""DVEXT"", ""sensor"": ""PVV""}",anomalia,Ruido,normal,normal,fail,,0.4016626782433352,normal,False,False,False,False,0,0,,A_binary_miss
N_5888d5b0856e,N,"{""direction"": 1, ""magnitude"": 7.0, ""paper_sensor"": ""DVEXT"", ""sensor"": ""PVV""}",anomalia,Ruido,normal,normal,fail,,0.5983635256792816,normal,False,False,False,False,0,1,,A_binary_miss
N_317a012bd218,N,"{""direction"": 1, ""magnitude"": 7.0, ""paper_sensor"": ""DVEXT"", ""sensor"": ""PVV""}",anomalia,Ruido,normal,normal,fail,,0.1486176610457586,normal,False,False,False,False,0,0,,A_binary_miss
N_7fbecbc6bfdb,N,"{""direction"": 1, ""magnitude"": 7.0, ""paper_sensor"": ""DVEXT"", ""sensor"": ""PVV""}",anomalia,Ruido,normal,normal,fail,,0.6334094586872073,normal,False,False,False,False,0,0,,A_binary_miss
N_0fb262cedaa3,N,"{""direction"": 1, ""magnitude"": 7.0, ""paper_sensor"": ""DVEXT"", ""sensor"": ""PVV""}",anomalia,Ruido,normal,normal,fail,,0.4726205722192992,normal,False,False,False,False,0,0,,A_binary_miss
N_376240ecad8a,N,"{""direction"": 1, ""magnitude"": 7.0, ""paper_sensor"": ""DVEXT"", ""sensor"": ""PVV""}",anomalia,Ruido,normal,normal,fail,,0.0690762822239958,normal,False,False,False,False,0,0,,A_binary_miss
N_8f074a6b74d7,N,"{""direction"": 1, ""magnitude"": 7.0, ""paper_sensor"": ""DVEXT"", ""sensor"": ""PVV""}",anomalia,Ruido,normal,normal,fail,,0.5514212523234913,normal,False,False,False,False,0,0,,A_binary_miss
N_7f9a8bf047af,N,"{""direction"": 1, ""magnitude"": 7.0, ""paper_sensor"": ""DVEXT"", ""sensor"": ""PVV""}",anomalia,Ruido,normal,normal,fail,,0.0578566934728286,normal,False,False,False,False,0,0,,A_binary_miss
N_6f9eac0c6bac,N,"{""direction"": 1, ""magnitude"": 7.0, ""paper_sensor"": ""DVEXT"", ""sensor"": ""PVV""}",anomalia,Ruido,normal,normal,fail,,0.3144594616311316,normal,False,False,False,False,0,0,,A_binary_miss
N_df023b72018b,N,"{""direction"": 1, ""magnitude"": 7.0, ""paper_sensor"": ""DVEXT"", ""sensor"": ""PVV""}",anomalia,Ruido,normal,normal,fail,,0.279801284219265,normal,False,False,False,False,0,0,,A_binary_miss
N_12144f5ad7fd,N,"{""direction"": 1, ""magnitude"": 7.0, ""paper_sensor"": ""DVEXT"", ""sensor"": ""PVV""}",anomalia,Ruido,normal,normal,fail,,0.4037265451123046,normal,False,False,False,False,0,0,,A_binary_miss
N_be615f3e8334,N,"{""direction"": 1, ""magnitude"": 7.0, ""paper_sensor"": ""DVEXT"", ""sensor"": ""PVV""}",anomalia,Ruido,normal,normal,fail,,0.2895656854802308,normal,False,False,False,False,0,1,,A_binary_miss
N_a558e7694ecf,N,"{""direction"": 1, ""magnitude"": 7.0, ""paper_sensor"": ""DVEXT"", ""sensor"": ""PVV""}",anomalia,Ruido,normal,normal,fail,,0.3290724999785832,normal,False,False,False,False,0,0,,A_binary_miss
N_53d940942a8d,N,"{""direction"": 1, ""magnitude"": 7.0, ""paper_sensor"": ""DVEXT"", ""sensor"": ""PVV""}",anomalia,Ruido,normal,normal,fail,,0.1687544108979261,normal,False,False,False,False,0,0,,A_binary_miss
N_78c9fefda6d7,N,"{""direction"": 1, ""magnitude"": 7.0, ""paper_sensor"": ""DVEXT"", ""sensor"": ""PVV""}",anomalia,Ruido,normal,normal,fail,,0.4573759369475864,normal,False,False,False,False,0,0,,A_binary_miss
N_f6715f07b257,N,"{""direction"": 1, ""magnitude"": 7.0, ""paper_sensor"": ""DVEXT"", ""sensor"": ""PVV""}",anomalia,Ruido,normal,normal,fail,,0.4909552850721872,normal,False,False,False,False,0,0,,A_binary_miss
N_02d3d54f6a34,N,"{""direction"": 1, ""magnitude"": 7.0, ""paper_sensor"": ""DVEXT"", ""sensor"": ""PVV""}",anomalia,Ruido,normal,normal,fail,,0.1611794181016396,normal,False,False,False,False,0,1,,A_binary_miss
N_d2b9c0ee303d,N,"{""direction"": 1, ""magnitude"": 7.0, ""paper_sensor"": ""DVEXT"", ""sensor"": ""PVV""}",anomalia,Ruido,normal,normal,fail,,0.1701939818367392,normal,False,False,False,False,0,1,,A_binary_miss
N_db3ecda90b2c,N,"{""direction"": 1, ""magnitude"": 7.0, ""paper_sensor"": ""DVEXT"", ""sensor"": ""PVV""}",anomalia,Ruido,normal,normal,fail,,0.2212700001262258,normal,False,False,False,False,0,1,,A_binary_miss
N_e92a4c86ad5d,N,"{""direction"": 1, ""magnitude"": 7.0, ""paper_sensor"": ""DVEXT"", ""sensor"": ""PVV""}",anomalia,Ruido,normal,normal,fail,,0.3352538424779739,normal,False,False,False,False,0,1,,A_binary_miss
N_b1b2649687c4,N,"{""direction"": 1, ""magnitude"": 7.0, ""paper_sensor"": ""DVEXT"", ""sensor"": ""PVV""}",anomalia,Ruido,normal,normal,fail,,0.1846462416024021,normal,False,False,False,False,0,1,,A_binary_miss
N_5e478c572b76,N,"{""direction"": 1, ""magnitude"": 7.0, ""paper_sensor"": ""DVEXT"", ""sensor"": ""PVV""}",anomalia,Ruido,normal,normal,fail,,0.2401151421523896,normal,False,False,False,False,0,0,,A_binary_miss
N_e9ee22a49fbb,N,"{""direction"": 1, ""magnitude"": 7.0, ""paper_sensor"": ""DVEXT"", ""sensor"": ""PVV""}",anomalia,Ruido,normal,normal,fail,,0.1555456191215873,normal,False,False,False,False,0,0,,A_binary_miss
N_05bf744589f5,N,"{""direction"": 1, ""magnitude"": 7.0, ""paper_sensor"": ""DVEXT"", ""sensor"": ""PVV""}",anomalia,Ruido,normal,normal,fail,,0.3441979745139892,normal,False,False,False,False,0,0,,A_binary_miss
N_7d962f0419a8,N,"{""direction"": 1, ""magnitude"": 8.0, ""paper_sensor"": ""DVEXT"", ""sensor"": ""PVV""}",anomalia,Ruido,normal,normal,fail,,0.2950562476550847,normal,False,False,False,False,0,1,,A_binary_miss
N_857e5a25f669,N,"{""direction"": 1, ""magnitude"": 8.0, ""paper_sensor"": ""DVEXT"", ""sensor"": ""PVV""}",anomalia,Ruido,normal,normal,fail,,0.1979674927020361,normal,False,False,False,False,0,1,,A_binary_miss
N_92be563afa47,N,"{""direction"": 1, ""magnitude"": 8.0, ""paper_sensor"": ""DVEXT"", ""sensor"": ""PVV""}",anomalia,Ruido,normal,normal,fail,,0.1626395195978271,normal,False,False,False,False,0,1,,A_binary_miss
N_58da69307d09,N,"{""direction"": 1, ""magnitude"": 8.0, ""paper_sensor"": ""DVEXT"", ""sensor"": ""PVV""}",anomalia,Ruido,normal,normal,fail,,0.4084164966047541,normal,False,False,False,False,0,0,,A_binary_miss
N_b449def8f5a6,N,"{""direction"": 1, ""magnitude"": 8.0, ""paper_sensor"": ""DVEXT"", ""sensor"": ""PVV""}",anomalia,Ruido,normal,normal,fail,,0.0429152152865493,normal,False,False,False,False,0,1,,A_binary_miss
N_5cb7cf791b6b,N,"{""direction"": 1, ""magnitude"": 8.0, ""paper_sensor"": ""DVEXT"", ""sensor"": ""PVV""}",anomalia,Ruido,normal,normal,fail,,0.1868569311002162,normal,False,False,False,False,0,1,,A_binary_miss
N_40189e11ba89,N,"{""direction"": 1, ""magnitude"": 8.0, ""paper_sensor"": ""DVEXT"", ""sensor"": ""PVV""}",anomalia,Ruido,normal,normal,fail,,0.2417227403786148,normal,False,False,False,False,0,0,,A_binary_miss
N_a20e0c992ac5,N,"{""direction"": 1, ""magnitude"": 8.0, ""paper_sensor"": ""DVEXT"", ""sensor"": ""PVV""}",anomalia,Ruido,normal,normal,fail,,0.2612592714521376,normal,False,False,False,False,0,0,,A_binary_miss
N_e3725db57b44,N,"{""direction"": 1, ""magnitude"": 8.0, ""paper_sensor"": ""DVEXT"", ""sensor"": ""PVV""}",anomalia,Ruido,normal,normal,fail,,0.5021021174048904,normal,False,False,False,False,0,0,,A_binary_miss
N_0939fd06fc90,N,"{""direction"": 1, ""magnitude"": 8.0, ""paper_sensor"": ""DVEXT"", ""sensor"": ""PVV""}",anomalia,Ruido,normal,normal,fail,,0.1674273713570698,normal,False,False,False,False,0,0,,A_binary_miss
N_ecf3e274194e,N,"{""direction"": 1, ""magnitude"": 8.0, ""paper_sensor"": ""DVEXT"", ""sensor"": ""PVV""}",anomalia,Ruido,normal,normal,fail,,0.760364472997952,normal,False,False,False,False,0,0,,A_binary_miss
N_790a502cf706,N,"{""direction"": 1, ""magnitude"": 8.0, ""paper_sensor"": ""DVEXT"", ""sensor"": ""PVV""}",anomalia,Ruido,normal,normal,fail,,0.2379945192324248,normal,False,False,False,False,0,1,,A_binary_miss
N_fbb8f0e2063c,N,"{""direction"": 1, ""magnitude"": 8.0, ""paper_sensor"": ""DVEXT"", ""sensor"": ""PVV""}",anomalia,Ruido,normal,normal,fail,,0.4024334550151771,normal,False,False,False,False,0,0,,A_binary_miss
N_3f616b97e943,N,"{""direction"": 1, ""magnitude"": 8.0, ""paper_sensor"": ""DVEXT"", ""sensor"": ""PVV""}",anomalia,Ruido,normal,normal,fail,,0.6006121476533592,normal,False,False,False,False,0,0,,A_binary_miss
N_13d4f0b8e5f9,N,"{""direction"": 1, ""magnitude"": 8.0, ""paper_sensor"": ""DVEXT"", ""sensor"": ""PVV""}",anomalia,Ruido,normal,normal,fail,,0.1955945289476426,normal,False,False,False,False,0,0,,A_binary_miss
N_8462339d20b1,N,"{""direction"": 1, ""magnitude"": 8.0, ""paper_sensor"": ""DVEXT"", ""sensor"": ""PVV""}",anomalia,Ruido,normal,normal,fail,,0.1628281591634512,normal,False,False,False,False,0,1,,A_binary_miss
N_ee7b476ea77c,N,"{""direction"": 1, ""magnitude"": 8.0, ""paper_sensor"": ""DVEXT"", ""sensor"": ""PVV""}",anomalia,Ruido,normal,normal,fail,,0.2665146742461148,normal,False,False,False,False,0,1,,A_binary_miss
N_1519570f4a5b,N,"{""direction"": 1, ""magnitude"": 8.0, ""paper_sensor"": ""DVEXT"", ""sensor"": ""PVV""}",anomalia,Ruido,normal,normal,fail,,0.4190079078337115,normal,False,False,False,False,0,0,,A_binary_miss
N_6d66c0a08c10,N,"{""direction"": 1, ""magnitude"": 8.0, ""paper_sensor"": ""DVEXT"", ""sensor"": ""PVV""}",anomalia,Ruido,normal,normal,fail,,0.1834448740522716,normal,False,False,False,False,0,0,,A_binary_miss
N_40400b80e7c7,N,"{""direction"": 1, ""magnitude"": 8.0, ""paper_sensor"": ""DVEXT"", ""sensor"": ""PVV""}",anomalia,Ruido,normal,normal,fail,,0.2942731252590669,normal,False,False,False,False,0,0,,A_binary_miss
N_06a8416f3074,N,"{""direction"": 1, ""magnitude"": 8.0, ""paper_sensor"": ""DVEXT"", ""sensor"": ""PVV""}",anomalia,Ruido,normal,normal,fail,,0.4162607410835954,normal,False,False,False,False,0,0,,A_binary_miss
N_4ada92bdfd54,N,"{""direction"": 1, ""magnitude"": 8.0, ""paper_sensor"": ""DVEXT"", ""sensor"": ""PVV""}",anomalia,Ruido,normal,normal,fail,,0.2379967779897923,normal,False,False,False,False,0,0,,A_binary_miss
N_74557ed6f586,N,"{""direction"": 1, ""magnitude"": 8.0, ""paper_sensor"": ""DVEXT"", ""sensor"": ""PVV""}",anomalia,Ruido,normal,normal,fail,,0.4170385904041666,normal,False,False,False,False,0,0,,A_binary_miss
N_8b9cbeb96472,N,"{""direction"": 1, ""magnitude"": 8.0, ""paper_sensor"": ""DVEXT"", ""sensor"": ""PVV""}",anomalia,Ruido,normal,normal,fail,,0.3017295070673977,normal,False,False,False,False,0,0,,A_binary_miss
N_b0e9753e1255,N,"{""direction"": 1, ""magnitude"": 8.0, ""paper_sensor"": ""DVEXT"", ""sensor"": ""PVV""}",anomalia,Ruido,normal,normal,fail,,0.2226778290564406,normal,False,False,False,False,0,1,,A_binary_miss
N_1eb0128e74a3,N,"{""direction"": 1, ""magnitude"": 8.0, ""paper_sensor"": ""DVEXT"", ""sensor"": ""PVV""}",anomalia,Ruido,normal,normal,fail,,0.4953621463438193,normal,False,False,False,False,0,0,,A_binary_miss
N_7aadf191c98d,N,"{""direction"": 1, ""magnitude"": 8.0, ""paper_sensor"": ""DVEXT"", ""sensor"": ""PVV""}",anomalia,Ruido,normal,normal,fail,,0.0365791753381611,normal,False,False,False,False,0,1,,A_binary_miss
N_83ce892033f6,N,"{""direction"": 1, ""magnitude"": 8.0, ""paper_sensor"": ""DVEXT"", ""sensor"": ""PVV""}",anomalia,Ruido,normal,normal,fail,,0.3562151670828144,normal,False,False,False,False,0,1,,A_binary_miss
N_ae4934c2ac02,N,"{""direction"": 1, ""magnitude"": 8.0, ""paper_sensor"": ""DVEXT"", ""sensor"": ""PVV""}",anomalia,Ruido,normal,normal,fail,,0.226878614670822,normal,False,False,False,False,0,1,,A_binary_miss
N_3a77bfdfd995,N,"{""direction"": 1, ""magnitude"": 8.0, ""paper_sensor"": ""DVEXT"", ""sensor"": ""PVV""}",anomalia,Ruido,normal,normal,fail,,0.3851984689272537,normal,False,False,False,False,0,0,,A_binary_miss
N_8b3831d545db,N,"{""direction"": 1, ""magnitude"": 8.0, ""paper_sensor"": ""DVEXT"", ""sensor"": ""PVV""}",anomalia,Ruido,normal,normal,fail,,0.0489488636148066,normal,False,False,False,False,0,0,,A_binary_miss
N_a33965a50b8a,N,"{""direction"": 1, ""magnitude"": 8.0, ""paper_sensor"": ""DVEXT"", ""sensor"": ""PVV""}",anomalia,Ruido,normal,normal,fail,,0.3460393979032744,normal,False,False,False,False,0,1,,A_binary_miss
N_2edd4c7d3eee,N,"{""direction"": 1, ""magnitude"": 8.0, ""paper_sensor"": ""DVEXT"", ""sensor"": ""PVV""}",anomalia,Ruido,normal,normal,fail,,0.7914250901342988,normal,False,False,False,False,0,1,,A_binary_miss
N_551b7a82a088,N,"{""direction"": 1, ""magnitude"": 8.0, ""paper_sensor"": ""DVEXT"", ""sensor"": ""PVV""}",anomalia,Ruido,normal,normal,fail,,0.1187331478584074,normal,False,False,False,False,0,1,,A_binary_miss
N_732bd6cf0dde,N,"{""direction"": 1, ""magnitude"": 8.0, ""paper_sensor"": ""DVEXT"", ""sensor"": ""PVV""}",anomalia,Ruido,normal,normal,fail,,0.4363622218967954,normal,False,False,False,False,0,0,,A_binary_miss
N_70c0a461de03,N,"{""direction"": 1, ""magnitude"": 8.0, ""paper_sensor"": ""DVEXT"", ""sensor"": ""PVV""}",anomalia,Ruido,normal,normal,fail,,0.4772799207596333,normal,False,False,False,False,0,0,,A_binary_miss
N_32f683286fd0,N,"{""direction"": 1, ""magnitude"": 8.0, ""paper_sensor"": ""DVEXT"", ""sensor"": ""PVV""}",anomalia,Ruido,normal,normal,fail,,0.2122919252049906,normal,False,False,False,False,0,0,,A_binary_miss
N_30bbdcb1edce,N,"{""direction"": 1, ""magnitude"": 8.0, ""paper_sensor"": ""DVEXT"", ""sensor"": ""PVV""}",anomalia,Ruido,normal,normal,fail,,0.2821318952731515,normal,False,False,False,False,0,1,,A_binary_miss
N_6e4c5a21916d,N,"{""direction"": 1, ""magnitude"": 8.0, ""paper_sensor"": ""DVEXT"", ""sensor"": ""PVV""}",anomalia,Ruido,normal,normal,fail,,0.2735852437917732,normal,False,False,False,False,0,1,,A_binary_miss
N_f491f554a347,N,"{""direction"": 1, ""magnitude"": 8.0, ""paper_sensor"": ""DVEXT"", ""sensor"": ""PVV""}",anomalia,Ruido,normal,normal,fail,,0.5820704816973554,normal,False,False,False,False,0,1,,A_binary_miss
N_64392734f043,N,"{""direction"": 1, ""magnitude"": 8.0, ""paper_sensor"": ""DVEXT"", ""sensor"": ""PVV""}",anomalia,Ruido,normal,normal,fail,,0.0652907848061879,normal,False,False,False,False,0,1,,A_binary_miss
N_35ff62ec4bab,N,"{""direction"": 1, ""magnitude"": 8.0, ""paper_sensor"": ""DVEXT"", ""sensor"": ""PVV""}",anomalia,Ruido,normal,normal,fail,,0.1902883414839922,normal,False,False,False,False,0,0,,A_binary_miss
N_f3899fb15499,N,"{""direction"": 1, ""magnitude"": 9.0, ""paper_sensor"": ""DVEXT"", ""sensor"": ""PVV""}",anomalia,Ruido,normal,normal,fail,,0.3492156463668927,normal,False,False,False,False,0,1,,A_binary_miss
N_8ed58631d5de,N,"{""direction"": 1, ""magnitude"": 9.0, ""paper_sensor"": ""DVEXT"", ""sensor"": ""PVV""}",anomalia,Ruido,normal,normal,fail,,0.3668268411498285,normal,False,False,False,False,0,1,,A_binary_miss
N_c739dcce868a,N,"{""direction"": 1, ""magnitude"": 9.0, ""paper_sensor"": ""DVEXT"", ""sensor"": ""PVV""}",anomalia,Ruido,normal,normal,fail,,0.6548256658580187,normal,False,False,False,False,0,1,,A_binary_miss
N_3160e898db13,N,"{""direction"": 1, ""magnitude"": 9.0, ""paper_sensor"": ""DVEXT"", ""sensor"": ""PVV""}",anomalia,Ruido,normal,normal,fail,,0.3200448191272818,normal,False,False,False,False,0,1,,A_binary_miss
N_955428427a5b,N,"{""direction"": 1, ""magnitude"": 9.0, ""paper_sensor"": ""DVEXT"", ""sensor"": ""PVV""}",anomalia,Ruido,normal,normal,fail,,0.7117832303464866,normal,False,False,False,False,0,0,,A_binary_miss
N_8146e2a79841,N,"{""direction"": 1, ""magnitude"": 9.0, ""paper_sensor"": ""DVEXT"", ""sensor"": ""PVV""}",anomalia,Ruido,normal,normal,fail,,0.6863978691069244,normal,False,False,False,False,0,0,,A_binary_miss
N_9d469c24f71d,N,"{""direction"": 1, ""magnitude"": 9.0, ""paper_sensor"": ""DVEXT"", ""sensor"": ""PVV""}",anomalia,Ruido,normal,normal,fail,,0.5136814860249699,normal,False,False,False,False,0,0,,A_binary_miss
N_f6cf6b2c86da,N,"{""direction"": 1, ""magnitude"": 9.0, ""paper_sensor"": ""DVEXT"", ""sensor"": ""PVV""}",anomalia,Ruido,normal,normal,fail,,0.2750477619636403,normal,False,False,False,False,0,0,,A_binary_miss
N_d9f98af92f35,N,"{""direction"": 1, ""magnitude"": 9.0, ""paper_sensor"": ""DVEXT"", ""sensor"": ""PVV""}",anomalia,Ruido,normal,normal,fail,,0.1284750261789326,normal,False,False,False,False,0,1,,A_binary_miss
N_2cb5ef4eb95e,N,"{""direction"": 1, ""magnitude"": 9.0, ""paper_sensor"": ""DVEXT"", ""sensor"": ""PVV""}",anomalia,Ruido,normal,normal,fail,,0.2416093855146033,normal,False,False,False,False,0,1,,A_binary_miss
N_07474e918daa,N,"{""direction"": 1, ""magnitude"": 9.0, ""paper_sensor"": ""DVEXT"", ""sensor"": ""PVV""}",anomalia,Ruido,normal,normal,fail,,0.3384530597876994,normal,False,False,False,False,0,0,,A_binary_miss
N_53028b1d0c90,N,"{""direction"": 1, ""magnitude"": 9.0, ""paper_sensor"": ""DVEXT"", ""sensor"": ""PVV""}",anomalia,Ruido,normal,normal,fail,,0.3827841712933546,normal,False,False,False,False,0,1,,A_binary_miss
N_7e615c2c09e9,N,"{""direction"": 1, ""magnitude"": 9.0, ""paper_sensor"": ""DVEXT"", ""sensor"": ""PVV""}",anomalia,Ruido,normal,normal,fail,,0.1425954278320163,normal,False,False,False,False,0,0,,A_binary_miss
N_b9ebe63cdb95,N,"{""direction"": 1, ""magnitude"": 9.0, ""paper_sensor"": ""DVEXT"", ""sensor"": ""PVV""}",anomalia,Ruido,normal,normal,fail,,0.4418880890519424,normal,False,False,False,False,0,0,,A_binary_miss
N_466834dd95e4,N,"{""direction"": 1, ""magnitude"": 9.0, ""paper_sensor"": ""DVEXT"", ""sensor"": ""PVV""}",anomalia,Ruido,normal,normal,fail,,0.228797712039995,normal,False,False,False,False,0,1,,A_binary_miss
N_a295c0097ce8,N,"{""direction"": 1, ""magnitude"": 9.0, ""paper_sensor"": ""DVEXT"", ""sensor"": ""PVV""}",anomalia,Ruido,normal,normal,fail,,0.3809412886706436,normal,False,False,False,False,0,0,,A_binary_miss
N_7549f05ef1c8,N,"{""direction"": 1, ""magnitude"": 9.0, ""paper_sensor"": ""DVEXT"", ""sensor"": ""PVV""}",anomalia,Ruido,normal,normal,fail,,0.175734170272591,normal,False,False,False,False,0,1,,A_binary_miss
N_086667b386f4,N,"{""direction"": 1, ""magnitude"": 9.0, ""paper_sensor"": ""DVEXT"", ""sensor"": ""PVV""}",anomalia,Ruido,normal,normal,fail,,0.3388600604319756,normal,False,False,False,False,0,1,,A_binary_miss
N_681981283b86,N,"{""direction"": -1, ""magnitude"": 60.0, ""paper_sensor"": ""XCO2INT"", ""sensor"": ""XCO2I""}",anomalia,Ruido,normal,normal,fail,,0.247024759763532,normal,False,False,False,False,0,0,,A_binary_miss
N_3d69b0698f3f,N,"{""direction"": -1, ""magnitude"": 60.0, ""paper_sensor"": ""XCO2INT"", ""sensor"": ""XCO2I""}",anomalia,Ruido,normal,normal,fail,,0.7400990771552286,normal,False,False,False,False,0,1,,A_binary_miss
N_61c04bfe7455,N,"{""direction"": -1, ""magnitude"": 60.0, ""paper_sensor"": ""XCO2INT"", ""sensor"": ""XCO2I""}",anomalia,Ruido,normal,normal,fail,,0.5152625236299984,normal,False,False,False,False,0,1,,A_binary_miss
N_0f27653313d2,N,"{""direction"": -1, ""magnitude"": 60.0, ""paper_sensor"": ""XCO2INT"", ""sensor"": ""XCO2I""}",anomalia,Ruido,normal,normal,fail,,0.5492629119585706,normal,False,False,False,False,0,0,,A_binary_miss
N_8b9b4071b8d9,N,"{""direction"": -1, ""magnitude"": 60.0, ""paper_sensor"": ""XCO2INT"", ""sensor"": ""XCO2I""}",anomalia,Ruido,normal,normal,fail,,0.3922934559962247,normal,False,False,False,False,0,0,,A_binary_miss
N_5772e4e76be4,N,"{""direction"": -1, ""magnitude"": 60.0, ""paper_sensor"": ""XCO2INT"", ""sensor"": ""XCO2I""}",anomalia,Ruido,normal,normal,fail,,0.6668770144199653,normal,False,False,False,False,0,0,,A_binary_miss
N_5c09171a3ac8,N,"{""direction"": -1, ""magnitude"": 60.0, ""paper_sensor"": ""XCO2INT"", ""sensor"": ""XCO2I""}",anomalia,Ruido,normal,normal,fail,,0.785403212433231,normal,False,False,False,False,0,0,,A_binary_miss
N_d180105c7d3f,N,"{""direction"": -1, ""magnitude"": 60.0, ""paper_sensor"": ""XCO2INT"", ""sensor"": ""XCO2I""}",anomalia,Ruido,normal,normal,fail,,0.792837973639598,normal,False,False,False,False,0,0,,A_binary_miss
N_289a79925cc9,N,"{""direction"": -1, ""magnitude"": 60.0, ""paper_sensor"": ""XCO2INT"", ""sensor"": ""XCO2I""}",anomalia,Ruido,normal,normal,fail,,0.144384711603846,normal,False,False,False,False,0,1,,A_binary_miss
N_c7d329e61d20,N,"{""direction"": -1, ""magnitude"": 60.0, ""paper_sensor"": ""XCO2INT"", ""sensor"": ""XCO2I""}",anomalia,Ruido,normal,normal,fail,,0.7442208921820851,normal,False,False,False,False,0,0,,A_binary_miss
N_f89fe6b29188,N,"{""direction"": -1, ""magnitude"": 60.0, ""paper_sensor"": ""XCO2INT"", ""sensor"": ""XCO2I""}",anomalia,Ruido,normal,normal,fail,,0.3768520046923668,normal,False,False,False,False,0,0,,A_binary_miss
N_6f1598c8d702,N,"{""direction"": -1, ""magnitude"": 60.0, ""paper_sensor"": ""XCO2INT"", ""sensor"": ""XCO2I""}",anomalia,Ruido,normal,normal,fail,,0.5704938168597693,normal,False,False,False,False,0,0,,A_binary_miss
N_c98620a86c3b,N,"{""direction"": -1, ""magnitude"": 60.0, ""paper_sensor"": ""XCO2INT"", ""sensor"": ""XCO2I""}",anomalia,Ruido,normal,normal,fail,,0.5466491644002174,normal,False,False,False,False,0,1,,A_binary_miss
N_e397ea2c6b96,N,"{""direction"": -1, ""magnitude"": 60.0, ""paper_sensor"": ""XCO2INT"", ""sensor"": ""XCO2I""}",anomalia,Ruido,normal,normal,fail,,0.6298045971641164,normal,False,False,False,False,0,1,,A_binary_miss
N_7e5e0a8d9d08,N,"{""direction"": -1, ""magnitude"": 85.0, ""paper_sensor"": ""XCO2INT"", ""sensor"": ""XCO2I""}",anomalia,Ruido,normal,normal,fail,,0.7958899018990687,normal,False,False,False,False,0,0,,A_binary_miss
N_1c106cfbb591,N,"{""direction"": -1, ""magnitude"": 135.0, ""paper_sensor"": ""XCO2INT"", ""sensor"": ""XCO2I""}",anomalia,Ruido,normal,normal,fail,,0.7832908251083013,normal,False,False,False,False,0,1,,A_binary_miss
N_8b4ddf3a0f64,N,"{""direction"": 1, ""magnitude"": 60.0, ""paper_sensor"": ""XCO2INT"", ""sensor"": ""XCO2I""}",anomalia,Ruido,normal,normal,fail,,0.4943599834239608,normal,False,False,False,False,0,0,,A_binary_miss
N_74829ba0f131,N,"{""direction"": 1, ""magnitude"": 60.0, ""paper_sensor"": ""XCO2INT"", ""sensor"": ""XCO2I""}",anomalia,Ruido,normal,normal,fail,,0.5760276744989173,normal,False,False,False,False,0,0,,A_binary_miss
N_22e0f8447141,N,"{""direction"": 1, ""magnitude"": 60.0, ""paper_sensor"": ""XCO2INT"", ""sensor"": ""XCO2I""}",anomalia,Ruido,normal,normal,fail,,0.6804523407049382,normal,False,False,False,False,0,0,,A_binary_miss
N_f7ecf5543580,N,"{""direction"": 1, ""magnitude"": 60.0, ""paper_sensor"": ""XCO2INT"", ""sensor"": ""XCO2I""}",anomalia,Ruido,normal,normal,fail,,0.2990265749304833,normal,False,False,False,False,0,1,,A_binary_miss
N_2ae2d9b6f7e2,N,"{""direction"": 1, ""magnitude"": 60.0, ""paper_sensor"": ""XCO2INT"", ""sensor"": ""XCO2I""}",anomalia,Ruido,normal,normal,fail,,0.3498511518910204,normal,False,False,False,False,0,0,,A_binary_miss
N_cb62f9ddf179,N,"{""direction"": 1, ""magnitude"": 60.0, ""paper_sensor"": ""XCO2INT"", ""sensor"": ""XCO2I""}",anomalia,Ruido,normal,normal,fail,,0.7832145086810253,normal,False,False,False,False,0,0,,A_binary_miss
N_14203cf28c5c,N,"{""direction"": 1, ""magnitude"": 60.0, ""paper_sensor"": ""XCO2INT"", ""sensor"": ""XCO2I""}",anomalia,Ruido,normal,normal,fail,,0.7885126055566688,normal,False,False,False,False,0,0,,A_binary_miss
N_4c8c13ba956f,N,"{""direction"": 1, ""magnitude"": 60.0, ""paper_sensor"": ""XCO2INT"", ""sensor"": ""XCO2I""}",anomalia,Ruido,normal,normal,fail,,0.6161224741341034,normal,False,False,False,False,0,0,,A_binary_miss
N_ce4343611557,N,"{""direction"": 1, ""magnitude"": 60.0, ""paper_sensor"": ""XCO2INT"", ""sensor"": ""XCO2I""}",anomalia,Ruido,normal,normal,fail,,0.6410458221181099,normal,False,False,False,False,0,0,,A_binary_miss
N_d219bcc2c745,N,"{""direction"": 1, ""magnitude"": 60.0, ""paper_sensor"": ""XCO2INT"", ""sensor"": ""XCO2I""}",anomalia,Ruido,normal,normal,fail,,0.668764986997224,normal,False,False,False,False,0,0,,A_binary_miss
N_6ee23a08f71d,N,"{""direction"": 1, ""magnitude"": 60.0, ""paper_sensor"": ""XCO2INT"", ""sensor"": ""XCO2I""}",anomalia,Ruido,normal,normal,fail,,0.798590223239616,normal,False,False,False,False,0,0,,A_binary_miss
N_95a784dc2cb2,N,"{""direction"": 1, ""magnitude"": 85.0, ""paper_sensor"": ""XCO2INT"", ""sensor"": ""XCO2I""}",anomalia,Ruido,normal,normal,fail,,0.626699303563709,normal,False,False,False,False,0,0,,A_binary_miss
N_19435a5afe46,N,"{""direction"": 1, ""magnitude"": 85.0, ""paper_sensor"": ""XCO2INT"", ""sensor"": ""XCO2I""}",anomalia,Ruido,normal,normal,fail,,0.3683112942189387,normal,False,False,False,False,0,0,,A_binary_miss
N_96ac65442a67,N,"{""direction"": 1, ""magnitude"": 160.0, ""paper_sensor"": ""XCO2INT"", ""sensor"": ""XCO2I""}",anomalia,Ruido,normal,normal,fail,,0.7902120088405482,normal,False,False,False,False,0,0,,A_binary_miss
N_a4f6a72fff72,N,"{""direction"": 1, ""magnitude"": 80.0, ""paper_sensor"": ""XGRINT"", ""sensor"": ""PRGINT""}",anomalia,Ruido,normal,normal,fail,,0.7840274570401589,normal,False,False,False,False,0,0,,A_binary_miss
N_b64b1bb1c79f,N,"{""direction"": 1, ""magnitude"": 80.0, ""paper_sensor"": ""XGRINT"", ""sensor"": ""PRGINT""}",anomalia,Ruido,normal,normal,fail,,0.1787433596104837,normal,False,False,False,False,0,0,,A_binary_miss
N_2b2365bd8c31,N,"{""direction"": 1, ""magnitude"": 80.0, ""paper_sensor"": ""XGRINT"", ""sensor"": ""PRGINT""}",anomalia,Ruido,normal,normal,fail,,0.0363385084188452,normal,False,False,False,False,0,0,,A_binary_miss
N_5d53595bcc0d,N,"{""direction"": 1, ""magnitude"": 80.0, ""paper_sensor"": ""XGRINT"", ""sensor"": ""PRGINT""}",anomalia,Ruido,normal,normal,fail,,0.5994286062562407,normal,False,False,False,False,0,0,,A_binary_miss
N_7712f260a46d,N,"{""direction"": 1, ""magnitude"": 80.0, ""paper_sensor"": ""XGRINT"", ""sensor"": ""PRGINT""}",anomalia,Ruido,normal,normal,fail,,0.6652266037289951,normal,False,False,False,False,0,0,,A_binary_miss
N_d7945dd42489,N,"{""direction"": 1, ""magnitude"": 80.0, ""paper_sensor"": ""XGRINT"", ""sensor"": ""PRGINT""}",anomalia,Ruido,normal,normal,fail,,0.3098796816131309,normal,False,False,False,False,0,0,,A_binary_miss
N_26f643d242c5,N,"{""direction"": 1, ""magnitude"": 80.0, ""paper_sensor"": ""XGRINT"", ""sensor"": ""PRGINT""}",anomalia,Ruido,normal,normal,fail,,0.1639031417038532,normal,False,False,False,False,0,0,,A_binary_miss
N_e745fc63590e,N,"{""direction"": 1, ""magnitude"": 80.0, ""paper_sensor"": ""XGRINT"", ""sensor"": ""PRGINT""}",anomalia,Ruido,normal,normal,fail,,0.281239333221071,normal,False,False,False,False,0,0,,A_binary_miss
N_70c8be857a26,N,"{""direction"": 1, ""magnitude"": 80.0, ""paper_sensor"": ""XGRINT"", ""sensor"": ""PRGINT""}",anomalia,Ruido,normal,normal,fail,,0.2966148546628003,normal,False,False,False,False,0,0,,A_binary_miss
N_e11d12704d3d,N,"{""direction"": 1, ""magnitude"": 80.0, ""paper_sensor"": ""XGRINT"", ""sensor"": ""PRGINT""}",anomalia,Ruido,normal,normal,fail,,0.7064414364662216,normal,False,False,False,False,0,0,,A_binary_miss
N_b966541df59c,N,"{""direction"": 1, ""magnitude"": 80.0, ""paper_sensor"": ""XGRINT"", ""sensor"": ""PRGINT""}",anomalia,Ruido,normal,normal,fail,,0.4006563908805833,normal,False,False,False,False,0,0,,A_binary_miss
N_caca9b40a627,N,"{""direction"": 1, ""magnitude"": 80.0, ""paper_sensor"": ""XGRINT"", ""sensor"": ""PRGINT""}",anomalia,Ruido,normal,normal,fail,,0.3524598291237744,normal,False,False,False,False,0,0,,A_binary_miss
N_73abf7bbd67c,N,"{""direction"": 1, ""magnitude"": 80.0, ""paper_sensor"": ""XGRINT"", ""sensor"": ""PRGINT""}",anomalia,Ruido,normal,normal,fail,,0.6268238779765144,normal,False,False,False,False,0,0,,A_binary_miss
N_64b6038191d5,N,"{""direction"": 1, ""magnitude"": 80.0, ""paper_sensor"": ""XGRINT"", ""sensor"": ""PRGINT""}",anomalia,Ruido,normal,normal,fail,,0.1233750114764585,normal,False,False,False,False,0,0,,A_binary_miss
N_086d4736a8cd,N,"{""direction"": 1, ""magnitude"": 80.0, ""paper_sensor"": ""XGRINT"", ""sensor"": ""PRGINT""}",anomalia,Ruido,normal,normal,fail,,0.0679245667173917,normal,False,False,False,False,0,0,,A_binary_miss
N_b5c364fa554b,N,"{""direction"": 1, ""magnitude"": 80.0, ""paper_sensor"": ""XGRINT"", ""sensor"": ""PRGINT""}",anomalia,Ruido,normal,normal,fail,,0.4715841696123764,normal,False,False,False,False,0,0,,A_binary_miss
N_6617d8594892,N,"{""direction"": 1, ""magnitude"": 80.0, ""paper_sensor"": ""XGRINT"", ""sensor"": ""PRGINT""}",anomalia,Ruido,normal,normal,fail,,0.1109008657482044,normal,False,False,False,False,0,0,,A_binary_miss
N_3f8d60ffc11a,N,"{""direction"": 1, ""magnitude"": 80.0, ""paper_sensor"": ""XGRINT"", ""sensor"": ""PRGINT""}",anomalia,Ruido,normal,normal,fail,,0.4343647507414206,normal,False,False,False,False,0,0,,A_binary_miss
N_972b0d709102,N,"{""direction"": 1, ""magnitude"": 80.0, ""paper_sensor"": ""XGRINT"", ""sensor"": ""PRGINT""}",anomalia,Ruido,normal,normal,fail,,0.7480831245243106,normal,False,False,False,False,0,0,,A_binary_miss
N_1c4964e6a732,N,"{""direction"": 1, ""magnitude"": 80.0, ""paper_sensor"": ""XGRINT"", ""sensor"": ""PRGINT""}",anomalia,Ruido,normal,normal,fail,,0.690772629450369,normal,False,False,False,False,0,0,,A_binary_miss
N_e3b7acd0c2f4,N,"{""direction"": 1, ""magnitude"": 80.0, ""paper_sensor"": ""XGRINT"", ""sensor"": ""PRGINT""}",anomalia,Ruido,normal,normal,fail,,0.5125893766593177,normal,False,False,False,False,0,0,,A_binary_miss
N_cadc17fb8093,N,"{""direction"": 1, ""magnitude"": 80.0, ""paper_sensor"": ""XGRINT"", ""sensor"": ""PRGINT""}",anomalia,Ruido,normal,normal,fail,,0.0729561717112724,normal,False,False,False,False,0,0,,A_binary_miss
N_79adb67196e6,N,"{""direction"": 1, ""magnitude"": 80.0, ""paper_sensor"": ""XGRINT"", ""sensor"": ""PRGINT""}",anomalia,Ruido,normal,normal,fail,,0.7883655160856218,normal,False,False,False,False,0,1,,A_binary_miss
N_e16e49b14d67,N,"{""direction"": 1, ""magnitude"": 122.5, ""paper_sensor"": ""XGRINT"", ""sensor"": ""PRGINT""}",anomalia,Ruido,normal,normal,fail,,0.7474049249496074,normal,False,False,False,False,0,1,,A_binary_miss
N_2155f9bad0bd,N,"{""direction"": 1, ""magnitude"": 122.5, ""paper_sensor"": ""XGRINT"", ""sensor"": ""PRGINT""}",anomalia,Ruido,normal,normal,fail,,0.6350210910759889,normal,False,False,False,False,0,0,,A_binary_miss
N_ebbbdd541848,N,"{""direction"": 1, ""magnitude"": 122.5, ""paper_sensor"": ""XGRINT"", ""sensor"": ""PRGINT""}",anomalia,Ruido,normal,normal,fail,,0.7757730389330783,normal,False,False,False,False,0,0,,A_binary_miss
N_0f8d7d602fb1,N,"{""direction"": 1, ""magnitude"": 122.5, ""paper_sensor"": ""XGRINT"", ""sensor"": ""PRGINT""}",anomalia,Ruido,normal,normal,fail,,0.6471687782067088,normal,False,False,False,False,0,0,,A_binary_miss
N_e74af893af92,N,"{""direction"": 1, ""magnitude"": 122.5, ""paper_sensor"": ""XGRINT"", ""sensor"": ""PRGINT""}",anomalia,Ruido,normal,normal,fail,,0.758440263125056,normal,False,False,False,False,0,0,,A_binary_miss
N_255a85ef4d03,N,"{""direction"": 1, ""magnitude"": 165.0, ""paper_sensor"": ""XGRINT"", ""sensor"": ""PRGINT""}",anomalia,Ruido,normal,normal,fail,,0.7802724797702565,normal,False,False,False,False,0,0,,A_binary_miss
N_6ca4aac04b97,N,"{""direction"": 1, ""magnitude"": 165.0, ""paper_sensor"": ""XGRINT"", ""sensor"": ""PRGINT""}",anomalia,Ruido,normal,normal,fail,,0.7474457120714532,normal,False,False,False,False,0,0,,A_binary_miss
N_8f379ced7453,N,"{""direction"": 1, ""magnitude"": 207.5, ""paper_sensor"": ""XGRINT"", ""sensor"": ""PRGINT""}",anomalia,Ruido,normal,normal,fail,,0.4529671027004547,normal,False,False,False,False,0,0,,A_binary_miss
N_fdcba09dedaa,N,"{""direction"": 1, ""magnitude"": 207.5, ""paper_sensor"": ""XGRINT"", ""sensor"": ""PRGINT""}",anomalia,Ruido,normal,normal,fail,,0.5733708035602251,normal,False,False,False,False,0,0,,A_binary_miss
N_398651444896,N,"{""direction"": -1, ""magnitude"": 10.0, ""paper_sensor"": ""XHINT"", ""sensor"": ""XHINV""}",anomalia,Ruido,normal,normal,fail,,0.5097384863531502,normal,False,False,False,False,0,0,,A_binary_miss
N_83aef1508d30,N,"{""direction"": -1, ""magnitude"": 10.0, ""paper_sensor"": ""XHINT"", ""sensor"": ""XHINV""}",anomalia,Ruido,normal,normal,fail,,0.4784037167023147,normal,False,False,False,False,0,0,,A_binary_miss
N_51af78e4fb9f,N,"{""direction"": -1, ""magnitude"": 10.0, ""paper_sensor"": ""XHINT"", ""sensor"": ""XHINV""}",anomalia,Ruido,normal,normal,fail,,0.647490159088533,normal,False,False,False,False,0,0,,A_binary_miss
N_f7a4bda060c2,N,"{""direction"": -1, ""magnitude"": 10.0, ""paper_sensor"": ""XHINT"", ""sensor"": ""XHINV""}",anomalia,Ruido,normal,normal,fail,,0.6890261355214606,normal,False,False,False,False,0,0,,A_binary_miss
N_c4654c325f8d,N,"{""direction"": -1, ""magnitude"": 10.0, ""paper_sensor"": ""XHINT"", ""sensor"": ""XHINV""}",anomalia,Ruido,normal,normal,fail,,0.3385876784804704,normal,False,False,False,False,0,1,,A_binary_miss
N_c3f52567b835,N,"{""direction"": -1, ""magnitude"": 10.0, ""paper_sensor"": ""XHINT"", ""sensor"": ""XHINV""}",anomalia,Ruido,normal,normal,fail,,0.4027595989586162,normal,False,False,False,False,0,0,,A_binary_miss
N_8b272d852a08,N,"{""direction"": -1, ""magnitude"": 10.0, ""paper_sensor"": ""XHINT"", ""sensor"": ""XHINV""}",anomalia,Ruido,normal,normal,fail,,0.0852263867438614,normal,False,False,False,False,0,0,,A_binary_miss
N_05e75f55fa73,N,"{""direction"": -1, ""magnitude"": 10.0, ""paper_sensor"": ""XHINT"", ""sensor"": ""XHINV""}",anomalia,Ruido,normal,normal,fail,,0.2443719089992959,normal,False,False,False,False,0,0,,A_binary_miss
N_95ba3d4cad02,N,"{""direction"": -1, ""magnitude"": 10.0, ""paper_sensor"": ""XHINT"", ""sensor"": ""XHINV""}",anomalia,Ruido,normal,normal,fail,,0.6429134833889144,normal,False,False,False,False,0,0,,A_binary_miss
N_e7eba10ec1bf,N,"{""direction"": -1, ""magnitude"": 10.0, ""paper_sensor"": ""XHINT"", ""sensor"": ""XHINV""}",anomalia,Ruido,normal,normal,fail,,0.0564509858711463,normal,False,False,False,False,0,0,,A_binary_miss
N_3bff7e6c4948,N,"{""direction"": -1, ""magnitude"": 10.0, ""paper_sensor"": ""XHINT"", ""sensor"": ""XHINV""}",anomalia,Ruido,normal,normal,fail,,0.5254881857104774,normal,False,False,False,False,0,0,,A_binary_miss
N_5622f411e5ce,N,"{""direction"": -1, ""magnitude"": 10.0, ""paper_sensor"": ""XHINT"", ""sensor"": ""XHINV""}",anomalia,Ruido,normal,normal,fail,,0.5342965774136498,normal,False,False,False,False,0,0,,A_binary_miss
N_06394348fe27,N,"{""direction"": -1, ""magnitude"": 10.0, ""paper_sensor"": ""XHINT"", ""sensor"": ""XHINV""}",anomalia,Ruido,normal,normal,fail,,0.7796326988767867,normal,False,False,False,False,0,0,,A_binary_miss
N_049fb47ed078,N,"{""direction"": -1, ""magnitude"": 10.0, ""paper_sensor"": ""XHINT"", ""sensor"": ""XHINV""}",anomalia,Ruido,normal,normal,fail,,0.3259657673080278,normal,False,False,False,False,0,0,,A_binary_miss
N_ca94934996b0,N,"{""direction"": -1, ""magnitude"": 10.0, ""paper_sensor"": ""XHINT"", ""sensor"": ""XHINV""}",anomalia,Ruido,normal,normal,fail,,0.5271699727353054,normal,False,False,False,False,0,0,,A_binary_miss
N_adb11e7fe2ca,N,"{""direction"": -1, ""magnitude"": 10.0, ""paper_sensor"": ""XHINT"", ""sensor"": ""XHINV""}",anomalia,Ruido,normal,normal,fail,,0.7827222882390139,normal,False,False,False,False,0,0,,A_binary_miss
N_0df0e731b9e5,N,"{""direction"": -1, ""magnitude"": 10.0, ""paper_sensor"": ""XHINT"", ""sensor"": ""XHINV""}",anomalia,Ruido,normal,normal,fail,,0.6341462435853902,normal,False,False,False,False,0,0,,A_binary_miss
N_710204591a63,N,"{""direction"": -1, ""magnitude"": 10.0, ""paper_sensor"": ""XHINT"", ""sensor"": ""XHINV""}",anomalia,Ruido,normal,normal,fail,,0.3631249025793033,normal,False,False,False,False,0,0,,A_binary_miss
N_5fb184ce0fc8,N,"{""direction"": -1, ""magnitude"": 10.0, ""paper_sensor"": ""XHINT"", ""sensor"": ""XHINV""}",anomalia,Ruido,normal,normal,fail,,0.1408517111381487,normal,False,False,False,False,0,0,,A_binary_miss
N_fe359876c95f,N,"{""direction"": -1, ""magnitude"": 10.0, ""paper_sensor"": ""XHINT"", ""sensor"": ""XHINV""}",anomalia,Ruido,normal,normal,fail,,0.3272937665804681,normal,False,False,False,False,0,0,,A_binary_miss
N_185912f96722,N,"{""direction"": -1, ""magnitude"": 13.75, ""paper_sensor"": ""XHINT"", ""sensor"": ""XHINV""}",anomalia,Ruido,normal,normal,fail,,0.6955301534237461,normal,False,False,False,False,0,0,,A_binary_miss
N_292006b9bece,N,"{""direction"": -1, ""magnitude"": 13.75, ""paper_sensor"": ""XHINT"", ""sensor"": ""XHINV""}",anomalia,Ruido,normal,normal,fail,,0.7869832090606079,normal,False,False,False,False,0,0,,A_binary_miss
N_2f5839070247,N,"{""direction"": -1, ""magnitude"": 13.75, ""paper_sensor"": ""XHINT"", ""sensor"": ""XHINV""}",anomalia,Ruido,normal,normal,fail,,0.5542795569538604,normal,False,False,False,False,0,0,,A_binary_miss
N_9816cda91696,N,"{""direction"": -1, ""magnitude"": 21.25, ""paper_sensor"": ""XHINT"", ""sensor"": ""XHINV""}",anomalia,Ruido,normal,normal,fail,,0.2288776702779212,normal,False,False,False,False,0,0,,A_binary_miss
N_5ebb6acfeac1,N,"{""direction"": -1, ""magnitude"": 21.25, ""paper_sensor"": ""XHINT"", ""sensor"": ""XHINV""}",anomalia,Ruido,anomalia,Contextual,fail,,0.9999048003952754,anomalia,False,False,False,False,0,0,,B_type_mismatch
N_543d87ced1fe,N,"{""direction"": -1, ""magnitude"": 21.25, ""paper_sensor"": ""XHINT"", ""sensor"": ""XHINV""}",anomalia,Ruido,normal,normal,fail,,0.5354341773606575,normal,False,False,False,False,0,0,,A_binary_miss
N_6389850efd50,N,"{""direction"": -1, ""magnitude"": 21.25, ""paper_sensor"": ""XHINT"", ""sensor"": ""XHINV""}",anomalia,Ruido,normal,normal,fail,,0.6390969864078426,normal,False,False,False,False,0,0,,A_binary_miss
N_6cd463ad8e5b,N,"{""direction"": -1, ""magnitude"": 25.0, ""paper_sensor"": ""XHINT"", ""sensor"": ""XHINV""}",anomalia,Ruido,normal,normal,fail,,0.7709207602918785,normal,False,False,False,False,0,0,,A_binary_miss
N_0d32de4b4970,N,"{""direction"": 1, ""magnitude"": 10.0, ""paper_sensor"": ""XHINT"", ""sensor"": ""XHINV""}",anomalia,Ruido,normal,normal,fail,,0.7653678449276878,normal,False,False,False,False,0,0,,A_binary_miss
N_6e02422aa178,N,"{""direction"": 1, ""magnitude"": 10.0, ""paper_sensor"": ""XHINT"", ""sensor"": ""XHINV""}",anomalia,Ruido,normal,normal,fail,,0.7920593366868397,normal,False,False,False,False,0,0,,A_binary_miss
N_2a93f67a81b8,N,"{""direction"": 1, ""magnitude"": 10.0, ""paper_sensor"": ""XHINT"", ""sensor"": ""XHINV""}",anomalia,Ruido,normal,normal,fail,,0.2426150862044716,normal,False,False,False,False,0,0,,A_binary_miss
N_5c71a36b0107,N,"{""direction"": 1, ""magnitude"": 10.0, ""paper_sensor"": ""XHINT"", ""sensor"": ""XHINV""}",anomalia,Ruido,normal,normal,fail,,0.7796760316781323,normal,False,False,False,False,0,0,,A_binary_miss
N_695eccccad98,N,"{""direction"": 1, ""magnitude"": 10.0, ""paper_sensor"": ""XHINT"", ""sensor"": ""XHINV""}",anomalia,Ruido,normal,normal,fail,,0.6181371038627627,normal,False,False,False,False,0,1,,A_binary_miss
N_ad6ec5c1f481,N,"{""direction"": 1, ""magnitude"": 10.0, ""paper_sensor"": ""XHINT"", ""sensor"": ""XHINV""}",anomalia,Ruido,normal,normal,fail,,0.5183120428814469,normal,False,False,False,False,0,0,,A_binary_miss
N_8ceab3666d3f,N,"{""direction"": 1, ""magnitude"": 10.0, ""paper_sensor"": ""XHINT"", ""sensor"": ""XHINV""}",anomalia,Ruido,normal,normal,fail,,0.6060613655391835,normal,False,False,False,False,0,0,,A_binary_miss
N_69205bb97506,N,"{""direction"": 1, ""magnitude"": 10.0, ""paper_sensor"": ""XHINT"", ""sensor"": ""XHINV""}",anomalia,Ruido,normal,normal,fail,,0.5968048263255531,normal,False,False,False,False,0,1,,A_binary_miss
N_bccdc97ae77e,N,"{""direction"": 1, ""magnitude"": 10.0, ""paper_sensor"": ""XHINT"", ""sensor"": ""XHINV""}",anomalia,Ruido,normal,normal,fail,,0.2597131134051846,normal,False,False,False,False,0,0,,A_binary_miss
N_58dd163d8026,N,"{""direction"": 1, ""magnitude"": 10.0, ""paper_sensor"": ""XHINT"", ""sensor"": ""XHINV""}",anomalia,Ruido,normal,normal,fail,,0.5178848203342568,normal,False,False,False,False,0,0,,A_binary_miss
N_57e96c71b34f,N,"{""direction"": 1, ""magnitude"": 10.0, ""paper_sensor"": ""XHINT"", ""sensor"": ""XHINV""}",anomalia,Ruido,normal,normal,fail,,0.2614367622285797,normal,False,False,False,False,0,0,,A_binary_miss
N_2e9ea9f88b42,N,"{""direction"": 1, ""magnitude"": 10.0, ""paper_sensor"": ""XHINT"", ""sensor"": ""XHINV""}",anomalia,Ruido,normal,normal,fail,,0.4795098127012138,normal,False,False,False,False,0,0,,A_binary_miss
N_2ab1639b70bd,N,"{""direction"": 1, ""magnitude"": 10.0, ""paper_sensor"": ""XHINT"", ""sensor"": ""XHINV""}",anomalia,Ruido,normal,normal,fail,,0.572639818726631,normal,False,False,False,False,0,0,,A_binary_miss
N_ff1fe069d908,N,"{""direction"": 1, ""magnitude"": 10.0, ""paper_sensor"": ""XHINT"", ""sensor"": ""XHINV""}",anomalia,Ruido,normal,normal,fail,,0.2041789946674053,normal,False,False,False,False,0,1,,A_binary_miss
N_de48b637a966,N,"{""direction"": 1, ""magnitude"": 10.0, ""paper_sensor"": ""XHINT"", ""sensor"": ""XHINV""}",anomalia,Ruido,normal,normal,fail,,0.1459771427578608,normal,False,False,False,False,0,0,,A_binary_miss
N_002ea4f782c2,N,"{""direction"": 1, ""magnitude"": 10.0, ""paper_sensor"": ""XHINT"", ""sensor"": ""XHINV""}",anomalia,Ruido,normal,normal,fail,,0.0169953803866138,normal,False,False,False,False,0,0,,A_binary_miss
N_abe3ff5c7643,N,"{""direction"": 1, ""magnitude"": 10.0, ""paper_sensor"": ""XHINT"", ""sensor"": ""XHINV""}",anomalia,Ruido,normal,normal,fail,,0.4306749187238901,normal,False,False,False,False,0,0,,A_binary_miss
N_635f0e65b0cc,N,"{""direction"": 1, ""magnitude"": 10.0, ""paper_sensor"": ""XHINT"", ""sensor"": ""XHINV""}",anomalia,Ruido,normal,normal,fail,,0.4374604915798177,normal,False,False,False,False,0,0,,A_binary_miss
N_2e2986e249dc,N,"{""direction"": 1, ""magnitude"": 10.0, ""paper_sensor"": ""XHINT"", ""sensor"": ""XHINV""}",anomalia,Ruido,normal,normal,fail,,0.093483726485686,normal,False,False,False,False,0,0,,A_binary_miss
N_7155b89291ba,N,"{""direction"": 1, ""magnitude"": 13.75, ""paper_sensor"": ""XHINT"", ""sensor"": ""XHINV""}",anomalia,Ruido,normal,normal,fail,,0.5336863978156274,normal,False,False,False,False,0,0,,A_binary_miss
N_4a14d4d5ebe2,N,"{""direction"": 1, ""magnitude"": 13.75, ""paper_sensor"": ""XHINT"", ""sensor"": ""XHINV""}",anomalia,Ruido,normal,normal,fail,,0.0655195493279533,normal,False,False,False,False,0,0,,A_binary_miss
N_93c478172f56,N,"{""direction"": 1, ""magnitude"": 13.75, ""paper_sensor"": ""XHINT"", ""sensor"": ""XHINV""}",anomalia,Ruido,normal,normal,fail,,0.4441291452936943,normal,False,False,False,False,0,0,,A_binary_miss
N_1993cf0dd7f0,N,"{""direction"": 1, ""magnitude"": 13.75, ""paper_sensor"": ""XHINT"", ""sensor"": ""XHINV""}",anomalia,Ruido,normal,normal,fail,,0.5240846869191702,normal,False,False,False,False,0,0,,A_binary_miss
N_2ac51b58a949,N,"{""direction"": 1, ""magnitude"": 13.75, ""paper_sensor"": ""XHINT"", ""sensor"": ""XHINV""}",anomalia,Ruido,normal,normal,fail,,0.5290286755887501,normal,False,False,False,False,0,0,,A_binary_miss
N_7a132f939408,N,"{""direction"": 1, ""magnitude"": 17.5, ""paper_sensor"": ""XHINT"", ""sensor"": ""XHINV""}",anomalia,Ruido,normal,normal,fail,,0.7617249771200416,normal,False,False,False,False,0,0,,A_binary_miss
N_3072fb94c85c,N,"{""direction"": 1, ""magnitude"": 21.25, ""paper_sensor"": ""XHINT"", ""sensor"": ""XHINV""}",anomalia,Ruido,normal,normal,fail,,0.7052813338291593,normal,False,False,False,False,0,0,,A_binary_miss
N_53ec789a86f1,N,"{""direction"": 1, ""magnitude"": 25.0, ""paper_sensor"": ""XHINT"", ""sensor"": ""XHINV""}",anomalia,Ruido,normal,normal,fail,,0.7812648569778332,normal,False,False,False,False,0,0,,A_binary_miss
N_9328e3e2d002,N,"{""direction"": 1, ""magnitude"": 25.0, ""paper_sensor"": ""XHINT"", ""sensor"": ""XHINV""}",anomalia,Ruido,normal,normal,fail,,0.1493032448817232,normal,False,False,False,False,0,0,,A_binary_miss
N_84e07d4b8572,N,"{""direction"": -1, ""magnitude"": 3.0, ""paper_sensor"": ""XTINT"", ""sensor"": ""XTINV""}",anomalia,Ruido,normal,normal,fail,,0.7452907809278687,normal,False,False,False,False,0,0,,A_binary_miss
N_ee05b93ae5f3,N,"{""direction"": -1, ""magnitude"": 3.0, ""paper_sensor"": ""XTINT"", ""sensor"": ""XTINV""}",anomalia,Ruido,normal,normal,fail,,0.5801155636636542,normal,False,False,False,False,0,0,,A_binary_miss
N_282b05caefd8,N,"{""direction"": -1, ""magnitude"": 3.0, ""paper_sensor"": ""XTINT"", ""sensor"": ""XTINV""}",anomalia,Ruido,normal,normal,fail,,0.7067344360542883,normal,False,False,False,False,0,0,,A_binary_miss
N_cd8c5a0de7e1,N,"{""direction"": -1, ""magnitude"": 4.25, ""paper_sensor"": ""XTINT"", ""sensor"": ""XTINV""}",anomalia,Ruido,normal,normal,fail,,0.7232348396819877,normal,False,False,False,False,0,0,,A_binary_miss
N_34ca24b2976e,N,"{""direction"": -1, ""magnitude"": 5.5, ""paper_sensor"": ""XTINT"", ""sensor"": ""XTINV""}",anomalia,Ruido,anomalia,Contextual,fail,,0.9993170081099846,anomalia,False,False,False,False,0,0,,B_type_mismatch
N_38aea1cc39e5,N,"{""direction"": -1, ""magnitude"": 5.5, ""paper_sensor"": ""XTINT"", ""sensor"": ""XTINV""}",anomalia,Ruido,anomalia,Contextual,fail,,0.9994069012443422,anomalia,False,False,False,False,0,0,,B_type_mismatch
N_b5fd0a42e210,N,"{""direction"": -1, ""magnitude"": 6.75, ""paper_sensor"": ""XTINT"", ""sensor"": ""XTINV""}",anomalia,Ruido,anomalia,Contextual,fail,,0.9995395081722052,anomalia,False,False,False,False,0,0,,B_type_mismatch
N_e886d0b25a40,N,"{""direction"": -1, ""magnitude"": 6.75, ""paper_sensor"": ""XTINT"", ""sensor"": ""XTINV""}",anomalia,Ruido,anomalia,Contextual,fail,,0.9994511968814294,anomalia,False,False,False,False,0,0,,B_type_mismatch
N_c2f03271456b,N,"{""direction"": -1, ""magnitude"": 6.75, ""paper_sensor"": ""XTINT"", ""sensor"": ""XTINV""}",anomalia,Ruido,anomalia,Contextual,fail,,0.9987773807646668,anomalia,False,False,False,False,0,0,,B_type_mismatch
N_575ca87a7976,N,"{""direction"": -1, ""magnitude"": 6.75, ""paper_sensor"": ""XTINT"", ""sensor"": ""XTINV""}",anomalia,Ruido,anomalia,Contextual,fail,,0.9973135902081328,anomalia,False,False,False,False,0,0,,B_type_mismatch
N_4a831e8aa4db,N,"{""direction"": -1, ""magnitude"": 6.75, ""paper_sensor"": ""XTINT"", ""sensor"": ""XTINV""}",anomalia,Ruido,anomalia,Contextual,fail,,0.9998789173667542,anomalia,False,False,False,False,0,0,,B_type_mismatch
N_77573361683b,N,"{""direction"": -1, ""magnitude"": 6.75, ""paper_sensor"": ""XTINT"", ""sensor"": ""XTINV""}",anomalia,Ruido,anomalia,Contextual,fail,,0.9997275941312378,anomalia,False,False,False,False,0,0,,B_type_mismatch
N_b6a4da7627b9,N,"{""direction"": -1, ""magnitude"": 8.0, ""paper_sensor"": ""XTINT"", ""sensor"": ""XTINV""}",anomalia,Ruido,anomalia,Contextual,fail,,0.9996388188088312,anomalia,False,False,False,False,0,0,,B_type_mismatch
N_660431ce9065,N,"{""direction"": -1, ""magnitude"": 8.0, ""paper_sensor"": ""XTINT"", ""sensor"": ""XTINV""}",anomalia,Ruido,anomalia,Contextual,fail,,0.999265022153072,anomalia,False,False,False,False,0,0,,B_type_mismatch
N_c06b2d976ed0,N,"{""direction"": -1, ""magnitude"": 8.0, ""paper_sensor"": ""XTINT"", ""sensor"": ""XTINV""}",anomalia,Ruido,anomalia,Contextual,fail,,0.9997688405549706,anomalia,False,False,False,False,0,0,,B_type_mismatch
N_387d6656e026,N,"{""direction"": 1, ""magnitude"": 3.0, ""paper_sensor"": ""XTINT"", ""sensor"": ""XTINV""}",anomalia,Ruido,normal,normal,fail,,0.7567895785497931,normal,False,False,False,False,0,0,,A_binary_miss
N_c47b9fd20259,N,"{""direction"": 1, ""magnitude"": 3.0, ""paper_sensor"": ""XTINT"", ""sensor"": ""XTINV""}",anomalia,Ruido,normal,normal,fail,,0.3453382312874781,normal,False,False,False,False,0,0,,A_binary_miss
N_80aacc088d3e,N,"{""direction"": 1, ""magnitude"": 3.0, ""paper_sensor"": ""XTINT"", ""sensor"": ""XTINV""}",anomalia,Ruido,normal,normal,fail,,0.5638783746070255,normal,False,False,False,False,0,1,,A_binary_miss
N_510bd0e200f2,N,"{""direction"": 1, ""magnitude"": 3.0, ""paper_sensor"": ""XTINT"", ""sensor"": ""XTINV""}",anomalia,Ruido,normal,normal,fail,,0.2938501736939634,normal,False,False,False,False,0,0,,A_binary_miss
N_638211315114,N,"{""direction"": 1, ""magnitude"": 3.0, ""paper_sensor"": ""XTINT"", ""sensor"": ""XTINV""}",anomalia,Ruido,normal,normal,fail,,0.6830680884959388,normal,False,False,False,False,0,1,,A_binary_miss
N_a2fe9e7c0841,N,"{""direction"": 1, ""magnitude"": 3.0, ""paper_sensor"": ""XTINT"", ""sensor"": ""XTINV""}",anomalia,Ruido,normal,normal,fail,,0.7587038482288218,normal,False,False,False,False,0,0,,A_binary_miss
N_7e24cdc48337,N,"{""direction"": 1, ""magnitude"": 8.0, ""paper_sensor"": ""XTINT"", ""sensor"": ""XTINV""}",anomalia,Ruido,normal,normal,fail,,0.4619788781645279,normal,False,False,False,False,0,0,,A_binary_miss
CA_9f61f3d83f97,CA,"{""dynamic"": ""radiation"", ""ratio"": 0.05, ""target"": ""PRGINT""}",anomalia,Contextual,normal,normal,fail,,0.6127849787973427,normal,False,False,False,False,0,0,,A_binary_miss
CA_e0d377e7ec04,CA,"{""co2"": 700.0, ""duration"": 3, ""dynamic"": ""co2_vent"", ""target"": ""XCO2I""}",anomalia,Contextual,anomalia,Ruido,fail,,0.8602568402322557,anomalia,False,False,False,False,0,0,,B_type_mismatch
CA_d21de5332972,CA,"{""co2"": 700.0, ""duration"": 3, ""dynamic"": ""co2_vent"", ""target"": ""XCO2I""}",anomalia,Contextual,anomalia,Sensor Atascado,fail,,0.97232815253305,anomalia,False,False,False,False,0,0,,B_type_mismatch
CA_a34bc309d3b2,CA,"{""co2"": 700.0, ""duration"": 3, ""dynamic"": ""co2_vent"", ""target"": ""XCO2I""}",anomalia,Contextual,normal,normal,fail,,0.7906721202557991,normal,False,False,False,False,0,0,,A_binary_miss
CA_6698a5e64291,CA,"{""co2"": 700.0, ""duration"": 3, ""dynamic"": ""co2_vent"", ""target"": ""XCO2I""}",anomalia,Contextual,anomalia,Sensor Atascado,fail,,0.8947256088394261,anomalia,False,False,False,False,0,0,,B_type_mismatch
CA_d98760caa4b7,CA,"{""co2"": 700.0, ""duration"": 8, ""dynamic"": ""co2_vent"", ""target"": ""XCO2I""}",anomalia,Contextual,anomalia,Sensor Atascado,fail,,0.9992104442480614,anomalia,False,False,False,False,0,0,,B_type_mismatch
CA_44ecd00f0012,CA,"{""co2"": 1200.0, ""duration"": 3, ""dynamic"": ""co2_vent"", ""target"": ""XCO2I""}",anomalia,Contextual,normal,normal,fail,,0.6976509658639165,normal,False,False,False,False,0,0,,A_binary_miss
CA_41aefbce1efa,CA,"{""co2"": 1200.0, ""duration"": 5, ""dynamic"": ""co2_vent"", ""target"": ""XCO2I""}",anomalia,Contextual,anomalia,Sensor Atascado,fail,,0.9942902817503196,anomalia,False,False,False,False,0,0,,B_type_mismatch
CA_2ebaf464e035,CA,"{""co2"": 1200.0, ""duration"": 5, ""dynamic"": ""co2_vent"", ""target"": ""XCO2I""}",anomalia,Contextual,anomalia,Sensor Atascado,fail,,0.9975178718888276,anomalia,False,False,False,False,0,0,,B_type_mismatch
CA_a33ad200288b,CA,"{""delta"": 3.0, ""dynamic"": ""temp_inversion"", ""target"": ""XTINV""}",anomalia,Contextual,anomalia,Ruido,fail,,0.9278698067622192,anomalia,False,False,False,False,0,0,,B_type_mismatch
CD_c632966a3826,CD,"{""corr_sign"": 1, ""reference"": ""PRGINT"", ""reference_quartile"": ""low"", ""target"": ""PRAD""}",anomalia,Desviacion de Correlacion,anomalia,Ruido,fail,,0.9995048288903629,anomalia,False,False,False,False,0,0,,B_type_mismatch
CD_37403aa7fab6,CD,"{""corr_sign"": 1, ""reference"": ""PRGINT"", ""reference_quartile"": ""low"", ""target"": ""PRAD""}",anomalia,Desviacion de Correlacion,anomalia,Ruido,fail,,0.9983754567824832,anomalia,False,False,False,False,0,0,,B_type_mismatch
CD_d25372387486,CD,"{""corr_sign"": 1, ""reference"": ""PRGINT"", ""reference_quartile"": ""low"", ""target"": ""PRAD""}",anomalia,Desviacion de Correlacion,anomalia,Ruido,fail,,0.9988557219950648,anomalia,False,False,False,False,0,0,,B_type_mismatch
CD_9fc81b335798,CD,"{""corr_sign"": 1, ""reference"": ""PRGINT"", ""reference_quartile"": ""low"", ""target"": ""PRAD""}",anomalia,Desviacion de Correlacion,anomalia,Ruido,fail,,0.9911573476358913,anomalia,False,False,False,False,0,0,,B_type_mismatch
CD_3ccfc7df7200,CD,"{""corr_sign"": 1, ""reference"": ""PRGINT"", ""reference_quartile"": ""low"", ""target"": ""PRAD""}",anomalia,Desviacion de Correlacion,anomalia,Ruido,fail,,0.9961507839158216,anomalia,False,False,False,False,0,0,,B_type_mismatch
CD_0da722ef23d3,CD,"{""corr_sign"": 1, ""reference"": ""PRGINT"", ""reference_quartile"": ""low"", ""target"": ""PRAD""}",anomalia,Desviacion de Correlacion,anomalia,Ruido,fail,,0.981593333939628,anomalia,False,False,False,False,0,0,,B_type_mismatch
CD_83e2944aaf10,CD,"{""corr_sign"": 1, ""reference"": ""PRGINT"", ""reference_quartile"": ""low"", ""target"": ""PRAD""}",anomalia,Desviacion de Correlacion,anomalia,Ruido,fail,,0.9981999221280828,anomalia,False,False,False,False,0,0,,B_type_mismatch
CD_c6e5b3d8609f,CD,"{""corr_sign"": 1, ""reference"": ""PRGINT"", ""reference_quartile"": ""low"", ""target"": ""PRAD""}",anomalia,Desviacion de Correlacion,anomalia,Ruido,fail,,0.997968326880052,anomalia,False,False,False,False,0,0,,B_type_mismatch
CD_40ecf7bd9bf5,CD,"{""corr_sign"": 1, ""reference"": ""PRGINT"", ""reference_quartile"": ""low"", ""target"": ""PRAD""}",anomalia,Desviacion de Correlacion,anomalia,Ruido,fail,,0.9978999298561774,anomalia,False,False,False,False,0,0,,B_type_mismatch
CD_e485c4f3fa08,CD,"{""corr_sign"": 1, ""reference"": ""PRGINT"", ""reference_quartile"": ""low"", ""target"": ""PRAD""}",anomalia,Desviacion de Correlacion,anomalia,Ruido,fail,,0.9896153617863196,anomalia,False,False,False,False,0,0,,B_type_mismatch
CD_178db38f2951,CD,"{""corr_sign"": 1, ""reference"": ""PRGINT"", ""reference_quartile"": ""low"", ""target"": ""PRAD""}",anomalia,Desviacion de Correlacion,anomalia,Ruido,fail,,0.9987687589833592,anomalia,False,False,False,False,0,0,,B_type_mismatch
CD_772fc0f813b4,CD,"{""corr_sign"": 1, ""reference"": ""PRGINT"", ""reference_quartile"": ""low"", ""target"": ""PRAD""}",anomalia,Desviacion de Correlacion,anomalia,Ruido,fail,,0.9992014021725262,anomalia,False,False,False,False,0,0,,B_type_mismatch
CD_da2300ce5313,CD,"{""corr_sign"": 1, ""reference"": ""PRGINT"", ""reference_quartile"": ""low"", ""target"": ""PRAD""}",anomalia,Desviacion de Correlacion,anomalia,Ruido,fail,,0.9929731616223824,anomalia,False,False,False,False,0,0,,B_type_mismatch
CD_b9692c9c33a8,CD,"{""corr_sign"": 1, ""reference"": ""PRGINT"", ""reference_quartile"": ""low"", ""target"": ""PRAD""}",anomalia,Desviacion de Correlacion,anomalia,Ruido,fail,,0.9987157395717045,anomalia,False,False,False,False,0,0,,B_type_mismatch
CD_744e7aa7fe67,CD,"{""corr_sign"": 1, ""reference"": ""PRGINT"", ""reference_quartile"": ""low"", ""target"": ""PRAD""}",anomalia,Desviacion de Correlacion,anomalia,Ruido,fail,,0.9994657072905128,anomalia,False,False,False,False,0,0,,B_type_mismatch
CD_6a0a63ba6c78,CD,"{""corr_sign"": 1, ""reference"": ""PRGINT"", ""reference_quartile"": ""low"", ""target"": ""PRAD""}",anomalia,Desviacion de Correlacion,anomalia,Ruido,fail,,0.998753808008807,anomalia,False,False,False,False,0,0,,B_type_mismatch
CD_8724f2e0d307,CD,"{""corr_sign"": 1, ""reference"": ""PRGINT"", ""reference_quartile"": ""low"", ""target"": ""PRAD""}",anomalia,Desviacion de Correlacion,anomalia,Ruido,fail,,0.9990566496826596,anomalia,False,False,False,False,0,0,,B_type_mismatch
CD_52d8862f93c0,CD,"{""corr_sign"": 1, ""reference"": ""PRGINT"", ""reference_quartile"": ""low"", ""target"": ""PRAD""}",anomalia,Desviacion de Correlacion,anomalia,Ruido,fail,,0.9989754176753578,anomalia,False,False,False,False,0,0,,B_type_mismatch
CD_04529bc3181d,CD,"{""corr_sign"": 1, ""reference"": ""PRGINT"", ""reference_quartile"": ""low"", ""target"": ""PRAD""}",anomalia,Desviacion de Correlacion,anomalia,Ruido,fail,,0.9962088256861054,anomalia,False,False,False,False,0,0,,B_type_mismatch
CD_411d04db2597,CD,"{""corr_sign"": 1, ""reference"": ""PRGINT"", ""reference_quartile"": ""low"", ""target"": ""PRAD""}",anomalia,Desviacion de Correlacion,anomalia,Ruido,fail,,0.9989152845627848,anomalia,False,False,False,False,0,0,,B_type_mismatch
CD_9f0b417a25bc,CD,"{""corr_sign"": 1, ""reference"": ""PRGINT"", ""reference_quartile"": ""low"", ""target"": ""PRAD""}",anomalia,Desviacion de Correlacion,anomalia,Ruido,fail,,0.993408993401862,anomalia,False,False,False,False,0,0,,B_type_mismatch
CD_ee5d38b5df41,CD,"{""corr_sign"": 1, ""reference"": ""PRGINT"", ""reference_quartile"": ""low"", ""target"": ""PRAD""}",anomalia,Desviacion de Correlacion,anomalia,Ruido,fail,,0.998795412364885,anomalia,False,False,False,False,0,0,,B_type_mismatch
CD_bbf0bc4b5227,CD,"{""corr_sign"": 1, ""reference"": ""PRGINT"", ""reference_quartile"": ""low"", ""target"": ""PRAD""}",anomalia,Desviacion de Correlacion,anomalia,Ruido,fail,,0.9990410963610172,anomalia,False,False,False,False,0,0,,B_type_mismatch
CD_c8ee4474bda6,CD,"{""corr_sign"": 1, ""reference"": ""PRGINT"", ""reference_quartile"": ""low"", ""target"": ""PRAD""}",anomalia,Desviacion de Correlacion,anomalia,Ruido,fail,,0.9994434894802716,anomalia,False,False,False,False,0,0,,B_type_mismatch
CD_74820d129f78,CD,"{""corr_sign"": 1, ""reference"": ""PRGINT"", ""reference_quartile"": ""low"", ""target"": ""PRAD""}",anomalia,Desviacion de Correlacion,anomalia,Ruido,fail,,0.9989593288292872,anomalia,False,False,False,False,0,0,,B_type_mismatch
CD_b9eb09282f15,CD,"{""corr_sign"": 1, ""reference"": ""PRGINT"", ""reference_quartile"": ""low"", ""target"": ""PRAD""}",anomalia,Desviacion de Correlacion,anomalia,Ruido,fail,,0.9995904226803296,anomalia,False,False,False,False,0,0,,B_type_mismatch
CD_70829b8655fc,CD,"{""corr_sign"": 1, ""reference"": ""PRGINT"", ""reference_quartile"": ""low"", ""target"": ""PRAD""}",anomalia,Desviacion de Correlacion,anomalia,Ruido,fail,,0.9962980091068018,anomalia,False,False,False,False,0,0,,B_type_mismatch
CD_2a79041f08aa,CD,"{""corr_sign"": 1, ""reference"": ""PRGINT"", ""reference_quartile"": ""low"", ""target"": ""PRAD""}",anomalia,Desviacion de Correlacion,anomalia,Ruido,fail,,0.9985352441104072,anomalia,False,False,False,False,0,0,,B_type_mismatch
CD_7f09129885a9,CD,"{""corr_sign"": 1, ""reference"": ""PRGINT"", ""reference_quartile"": ""low"", ""target"": ""PRAD""}",anomalia,Desviacion de Correlacion,anomalia,Ruido,fail,,0.9972982919676048,anomalia,False,False,False,False,0,0,,B_type_mismatch
CD_0f8266bbcff2,CD,"{""corr_sign"": 1, ""reference"": ""PRGINT"", ""reference_quartile"": ""low"", ""target"": ""PRAD""}",anomalia,Desviacion de Correlacion,anomalia,Ruido,fail,,0.9986312300036244,anomalia,False,False,False,False,0,0,,B_type_mismatch
CD_b3c0a01e0709,CD,"{""corr_sign"": 1, ""reference"": ""PRGINT"", ""reference_quartile"": ""low"", ""target"": ""PRAD""}",anomalia,Desviacion de Correlacion,anomalia,Ruido,fail,,0.9987832124967164,anomalia,False,False,False,False,0,0,,B_type_mismatch
CD_be4e538884fd,CD,"{""corr_sign"": 1, ""reference"": ""PRGINT"", ""reference_quartile"": ""low"", ""target"": ""PRAD""}",anomalia,Desviacion de Correlacion,anomalia,Ruido,fail,,0.99941258568395,anomalia,False,False,False,False,0,0,,B_type_mismatch
CD_a45f8f12d127,CD,"{""corr_sign"": 1, ""reference"": ""PRGINT"", ""reference_quartile"": ""low"", ""target"": ""PRAD""}",anomalia,Desviacion de Correlacion,anomalia,Ruido,fail,,0.9991169199138468,anomalia,False,False,False,False,0,0,,B_type_mismatch
CD_7bd9f06b911e,CD,"{""corr_sign"": 1, ""reference"": ""PRGINT"", ""reference_quartile"": ""low"", ""target"": ""PRAD""}",anomalia,Desviacion de Correlacion,anomalia,Ruido,fail,,0.999776768346794,anomalia,False,False,False,False,0,0,,B_type_mismatch
CD_4dbde64f2534,CD,"{""corr_sign"": 1, ""reference"": ""PRGINT"", ""reference_quartile"": ""low"", ""target"": ""PRAD""}",anomalia,Desviacion de Correlacion,anomalia,Ruido,fail,,0.9984554843970254,anomalia,False,False,False,False,0,0,,B_type_mismatch
CD_ef4fa4b91e71,CD,"{""corr_sign"": 1, ""reference"": ""PRGINT"", ""reference_quartile"": ""low"", ""target"": ""PRAD""}",anomalia,Desviacion de Correlacion,anomalia,Ruido,fail,,0.9987498737626888,anomalia,False,False,False,False,0,0,,B_type_mismatch
CD_34b7943be579,CD,"{""corr_sign"": 1, ""reference"": ""PRGINT"", ""reference_quartile"": ""low"", ""target"": ""PRAD""}",anomalia,Desviacion de Correlacion,anomalia,Ruido,fail,,0.9989474915413996,anomalia,False,False,False,False,0,0,,B_type_mismatch
CD_b0dd3d116fd2,CD,"{""corr_sign"": 1, ""reference"": ""PRGINT"", ""reference_quartile"": ""low"", ""target"": ""PRAD""}",anomalia,Desviacion de Correlacion,anomalia,Ruido,fail,,0.9995776053854122,anomalia,False,False,False,False,0,0,,B_type_mismatch
CD_3e016edc2e0d,CD,"{""corr_sign"": 1, ""reference"": ""PRGINT"", ""reference_quartile"": ""low"", ""target"": ""PRAD""}",anomalia,Desviacion de Correlacion,anomalia,Ruido,fail,,0.9982438216166764,anomalia,False,False,False,False,0,0,,B_type_mismatch
CD_f78e4cb0c8bb,CD,"{""corr_sign"": 1, ""reference"": ""PRGINT"", ""reference_quartile"": ""low"", ""target"": ""PRAD""}",anomalia,Desviacion de Correlacion,anomalia,Ruido,fail,,0.9990272037062664,anomalia,False,False,False,False,0,0,,B_type_mismatch
CD_11f2202d06ba,CD,"{""corr_sign"": 1, ""reference"": ""PRGINT"", ""reference_quartile"": ""low"", ""target"": ""PRAD""}",anomalia,Desviacion de Correlacion,anomalia,Ruido,fail,,0.9987788339670256,anomalia,False,False,False,False,0,0,,B_type_mismatch
CD_e5ba47b3da31,CD,"{""corr_sign"": 1, ""reference"": ""PRGINT"", ""reference_quartile"": ""low"", ""target"": ""PRAD""}",anomalia,Desviacion de Correlacion,anomalia,Ruido,fail,,0.9990379886731128,anomalia,False,False,False,False,0,0,,B_type_mismatch
CD_2f2ee686c431,CD,"{""corr_sign"": 1, ""reference"": ""PRGINT"", ""reference_quartile"": ""low"", ""target"": ""PRAD""}",anomalia,Desviacion de Correlacion,anomalia,Ruido,fail,,0.9974801166822652,anomalia,False,False,False,False,0,0,,B_type_mismatch
CD_fbfdb103c63f,CD,"{""corr_sign"": 1, ""reference"": ""PRGINT"", ""reference_quartile"": ""low"", ""target"": ""PRAD""}",anomalia,Desviacion de Correlacion,anomalia,Ruido,fail,,0.9975925632443636,anomalia,False,False,False,False,0,0,,B_type_mismatch
CD_02adc2554e94,CD,"{""corr_sign"": 1, ""reference"": ""PRGINT"", ""reference_quartile"": ""low"", ""target"": ""PRAD""}",anomalia,Desviacion de Correlacion,anomalia,Ruido,fail,,0.9993187560115916,anomalia,False,False,False,False,0,0,,B_type_mismatch
CD_1b06dc44172e,CD,"{""corr_sign"": 1, ""reference"": ""PRGINT"", ""reference_quartile"": ""low"", ""target"": ""PRAD""}",anomalia,Desviacion de Correlacion,anomalia,Ruido,fail,,0.9962664151984488,anomalia,False,False,False,False,0,0,,B_type_mismatch
CD_3c7ca9198425,CD,"{""corr_sign"": 1, ""reference"": ""PRGINT"", ""reference_quartile"": ""low"", ""target"": ""PRAD""}",anomalia,Desviacion de Correlacion,anomalia,Ruido,fail,,0.9983394576558936,anomalia,False,False,False,False,0,0,,B_type_mismatch
CD_85c7c67fdbd0,CD,"{""corr_sign"": 1, ""reference"": ""PRGINT"", ""reference_quartile"": ""low"", ""target"": ""PRAD""}",anomalia,Desviacion de Correlacion,anomalia,Ruido,fail,,0.9977162799101844,anomalia,False,False,False,False,0,0,,B_type_mismatch
CD_8c649ff72f40,CD,"{""corr_sign"": 1, ""reference"": ""PRGINT"", ""reference_quartile"": ""low"", ""target"": ""PRAD""}",anomalia,Desviacion de Correlacion,anomalia,Ruido,fail,,0.999173261522909,anomalia,False,False,False,False,0,0,,B_type_mismatch
CD_0b0204fd0268,CD,"{""corr_sign"": 1, ""reference"": ""PRGINT"", ""reference_quartile"": ""low"", ""target"": ""PRAD""}",anomalia,Desviacion de Correlacion,anomalia,Ruido,fail,,0.9989462105156774,anomalia,False,False,False,False,0,0,,B_type_mismatch
CD_d57761ab2a7c,CD,"{""corr_sign"": 1, ""reference"": ""PRGINT"", ""reference_quartile"": ""low"", ""target"": ""PRAD""}",anomalia,Desviacion de Correlacion,anomalia,Ruido,fail,,0.9958409759945968,anomalia,False,False,False,False,0,0,,B_type_mismatch
CD_fcd414dcf5b2,CD,"{""corr_sign"": 1, ""reference"": ""PRGINT"", ""reference_quartile"": ""low"", ""target"": ""PRAD""}",anomalia,Desviacion de Correlacion,anomalia,Ruido,fail,,0.999002722343888,anomalia,False,False,False,False,0,0,,B_type_mismatch
CD_4e7f249e8244,CD,"{""corr_sign"": 1, ""reference"": ""PRGINT"", ""reference_quartile"": ""low"", ""target"": ""PRAD""}",anomalia,Desviacion de Correlacion,anomalia,Ruido,fail,,0.999169169668854,anomalia,False,False,False,False,0,0,,B_type_mismatch
CD_c8b7378d9723,CD,"{""corr_sign"": 1, ""reference"": ""PRGINT"", ""reference_quartile"": ""low"", ""target"": ""PRAD""}",anomalia,Desviacion de Correlacion,anomalia,Ruido,fail,,0.9991777377317708,anomalia,False,False,False,False,0,0,,B_type_mismatch
CD_c17861e30466,CD,"{""corr_sign"": 1, ""reference"": ""PRGINT"", ""reference_quartile"": ""low"", ""target"": ""PRAD""}",anomalia,Desviacion de Correlacion,anomalia,Ruido,fail,,0.9987353612094534,anomalia,False,False,False,False,0,0,,B_type_mismatch
CD_789d8af3dff3,CD,"{""corr_sign"": 1, ""reference"": ""PRGINT"", ""reference_quartile"": ""low"", ""target"": ""PRAD""}",anomalia,Desviacion de Correlacion,anomalia,Ruido,fail,,0.9996973399244224,anomalia,False,False,False,False,0,0,,B_type_mismatch
CD_10307c961ca8,CD,"{""corr_sign"": 1, ""reference"": ""PRGINT"", ""reference_quartile"": ""low"", ""target"": ""PRAD""}",anomalia,Desviacion de Correlacion,anomalia,Ruido,fail,,0.9977725686757865,anomalia,False,False,False,False,0,0,,B_type_mismatch
CD_0073b88c43c3,CD,"{""corr_sign"": 1, ""reference"": ""PRGINT"", ""reference_quartile"": ""low"", ""target"": ""PRAD""}",anomalia,Desviacion de Correlacion,anomalia,Ruido,fail,,0.9971012322724836,anomalia,False,False,False,False,0,0,,B_type_mismatch
CD_88fdc289e5a3,CD,"{""corr_sign"": 1, ""reference"": ""PRGINT"", ""reference_quartile"": ""low"", ""target"": ""PRAD""}",anomalia,Desviacion de Correlacion,anomalia,Ruido,fail,,0.997823532777286,anomalia,False,False,False,False,0,0,,B_type_mismatch
CD_e41c5ddf534f,CD,"{""corr_sign"": 1, ""reference"": ""PRGINT"", ""reference_quartile"": ""low"", ""target"": ""PRAD""}",anomalia,Desviacion de Correlacion,anomalia,Ruido,fail,,0.9982209435956592,anomalia,False,False,False,False,0,0,,B_type_mismatch
CD_b4c89ae0c5b3,CD,"{""corr_sign"": 1, ""reference"": ""PRGINT"", ""reference_quartile"": ""low"", ""target"": ""PRAD""}",anomalia,Desviacion de Correlacion,anomalia,Ruido,fail,,0.9987509096423614,anomalia,False,False,False,False,0,0,,B_type_mismatch
CD_1ec62ab9b99a,CD,"{""corr_sign"": 1, ""reference"": ""PRGINT"", ""reference_quartile"": ""low"", ""target"": ""PRAD""}",anomalia,Desviacion de Correlacion,anomalia,Ruido,fail,,0.9987539429922824,anomalia,False,False,False,False,0,0,,B_type_mismatch
CD_ca3506417955,CD,"{""corr_sign"": 1, ""reference"": ""PRGINT"", ""reference_quartile"": ""low"", ""target"": ""PRAD""}",anomalia,Desviacion de Correlacion,anomalia,Ruido,fail,,0.9964925995479048,anomalia,False,False,False,False,0,0,,B_type_mismatch
CD_9be4faaa4469,CD,"{""corr_sign"": 1, ""reference"": ""PRGINT"", ""reference_quartile"": ""low"", ""target"": ""PRAD""}",anomalia,Desviacion de Correlacion,anomalia,Ruido,fail,,0.9993520576196544,anomalia,False,False,False,False,0,0,,B_type_mismatch
CD_bf6ea1f93110,CD,"{""corr_sign"": 1, ""reference"": ""PRGINT"", ""reference_quartile"": ""low"", ""target"": ""PRAD""}",anomalia,Desviacion de Correlacion,anomalia,Ruido,fail,,0.9975668400432188,anomalia,False,False,False,False,0,0,,B_type_mismatch
CD_6170b431b19b,CD,"{""corr_sign"": 1, ""reference"": ""PRGINT"", ""reference_quartile"": ""low"", ""target"": ""PRAD""}",anomalia,Desviacion de Correlacion,anomalia,Ruido,fail,,0.9972603403803963,anomalia,False,False,False,False,0,0,,B_type_mismatch
CD_c4afac676c46,CD,"{""corr_sign"": 1, ""reference"": ""PRGINT"", ""reference_quartile"": ""low"", ""target"": ""PRAD""}",anomalia,Desviacion de Correlacion,anomalia,Ruido,fail,,0.9991672275116968,anomalia,False,False,False,False,0,0,,B_type_mismatch
CD_cb04b829691b,CD,"{""corr_sign"": 1, ""reference"": ""PRGINT"", ""reference_quartile"": ""low"", ""target"": ""PRAD""}",anomalia,Desviacion de Correlacion,anomalia,Ruido,fail,,0.9929705242867952,anomalia,False,False,False,False,0,0,,B_type_mismatch
CD_0c045c58908a,CD,"{""corr_sign"": 1, ""reference"": ""PRGINT"", ""reference_quartile"": ""low"", ""target"": ""PRAD""}",anomalia,Desviacion de Correlacion,anomalia,Ruido,fail,,0.9984935623834352,anomalia,False,False,False,False,0,0,,B_type_mismatch
CD_b4a854674de0,CD,"{""corr_sign"": 1, ""reference"": ""PRGINT"", ""reference_quartile"": ""low"", ""target"": ""PRAD""}",anomalia,Desviacion de Correlacion,anomalia,Ruido,fail,,0.9986263609492836,anomalia,False,False,False,False,0,0,,B_type_mismatch
CD_8a7b45618a13,CD,"{""corr_sign"": 1, ""reference"": ""PRGINT"", ""reference_quartile"": ""low"", ""target"": ""PRAD""}",anomalia,Desviacion de Correlacion,anomalia,Ruido,fail,,0.9990850214795254,anomalia,False,False,False,False,0,0,,B_type_mismatch
CD_8a3f184e0e34,CD,"{""corr_sign"": 1, ""reference"": ""PRGINT"", ""reference_quartile"": ""low"", ""target"": ""PRAD""}",anomalia,Desviacion de Correlacion,anomalia,Ruido,fail,,0.9984470295673232,anomalia,False,False,False,False,0,0,,B_type_mismatch
CD_bccf5d3efb0f,CD,"{""corr_sign"": 1, ""reference"": ""PRGINT"", ""reference_quartile"": ""low"", ""target"": ""PRAD""}",anomalia,Desviacion de Correlacion,anomalia,Ruido,fail,,0.9993611870629748,anomalia,False,False,False,False,0,0,,B_type_mismatch
CD_1ff574ececb8,CD,"{""corr_sign"": 1, ""reference"": ""PRGINT"", ""reference_quartile"": ""low"", ""target"": ""PRAD""}",anomalia,Desviacion de Correlacion,anomalia,Ruido,fail,,0.993895657999462,anomalia,False,False,False,False,0,0,,B_type_mismatch
CD_87950e1888a6,CD,"{""corr_sign"": 1, ""reference"": ""PRGINT"", ""reference_quartile"": ""low"", ""target"": ""PRAD""}",anomalia,Desviacion de Correlacion,anomalia,Ruido,fail,,0.998583039070633,anomalia,False,False,False,False,0,0,,B_type_mismatch
CD_d97b21fe86c6,CD,"{""corr_sign"": 1, ""reference"": ""PRGINT"", ""reference_quartile"": ""low"", ""target"": ""PRAD""}",anomalia,Desviacion de Correlacion,anomalia,Ruido,fail,,0.9989435831832242,anomalia,False,False,False,False,0,0,,B_type_mismatch
CD_9efedd06355b,CD,"{""corr_sign"": 1, ""reference"": ""PRGINT"", ""reference_quartile"": ""low"", ""target"": ""PRAD""}",anomalia,Desviacion de Correlacion,anomalia,Ruido,fail,,0.9984975693936834,anomalia,False,False,False,False,0,0,,B_type_mismatch
CD_40bd07ea92f7,CD,"{""corr_sign"": 1, ""reference"": ""PRGINT"", ""reference_quartile"": ""low"", ""target"": ""PRAD""}",anomalia,Desviacion de Correlacion,anomalia,Ruido,fail,,0.9937515835017324,anomalia,False,False,False,False,0,0,,B_type_mismatch
CD_ee5de367d2ff,CD,"{""corr_sign"": 1, ""reference"": ""PRGINT"", ""reference_quartile"": ""low"", ""target"": ""PRAD""}",anomalia,Desviacion de Correlacion,anomalia,Ruido,fail,,0.9923373510338852,anomalia,False,False,False,False,0,0,,B_type_mismatch
CD_fb2d50890ec0,CD,"{""corr_sign"": 1, ""reference"": ""PRGINT"", ""reference_quartile"": ""low"", ""target"": ""PRAD""}",anomalia,Desviacion de Correlacion,anomalia,Ruido,fail,,0.999171599979192,anomalia,False,False,False,False,0,0,,B_type_mismatch
CD_173764bd3aaa,CD,"{""corr_sign"": 1, ""reference"": ""PRGINT"", ""reference_quartile"": ""low"", ""target"": ""PRAD""}",anomalia,Desviacion de Correlacion,anomalia,Ruido,fail,,0.997564660816253,anomalia,False,False,False,False,0,0,,B_type_mismatch
CD_49ed0fef59b9,CD,"{""corr_sign"": 1, ""reference"": ""PRGINT"", ""reference_quartile"": ""low"", ""target"": ""PRAD""}",anomalia,Desviacion de Correlacion,anomalia,Ruido,fail,,0.9990687928485876,anomalia,False,False,False,False,0,0,,B_type_mismatch
CD_fa596c4858b3,CD,"{""corr_sign"": 1, ""reference"": ""PRGINT"", ""reference_quartile"": ""low"", ""target"": ""PRAD""}",anomalia,Desviacion de Correlacion,anomalia,Ruido,fail,,0.9962689577472827,anomalia,False,False,False,False,0,0,,B_type_mismatch
CD_86d33d622c1b,CD,"{""corr_sign"": 1, ""reference"": ""PRGINT"", ""reference_quartile"": ""low"", ""target"": ""PRAD""}",anomalia,Desviacion de Correlacion,anomalia,Ruido,fail,,0.9979754870214704,anomalia,False,False,False,False,0,0,,B_type_mismatch
CD_e3bf1cb0e360,CD,"{""corr_sign"": 1, ""reference"": ""PRGINT"", ""reference_quartile"": ""low"", ""target"": ""PRAD""}",anomalia,Desviacion de Correlacion,anomalia,Ruido,fail,,0.999262937888746,anomalia,False,False,False,False,0,0,,B_type_mismatch
CD_6e0c806dd58c,CD,"{""corr_sign"": 1, ""reference"": ""PRGINT"", ""reference_quartile"": ""low"", ""target"": ""PRAD""}",anomalia,Desviacion de Correlacion,anomalia,Ruido,fail,,0.9997465055818884,anomalia,False,False,False,False,0,0,,B_type_mismatch
CD_f9101f789ba4,CD,"{""corr_sign"": 1, ""reference"": ""PRGINT"", ""reference_quartile"": ""low"", ""target"": ""PRAD""}",anomalia,Desviacion de Correlacion,anomalia,Ruido,fail,,0.9972814188509576,anomalia,False,False,False,False,0,0,,B_type_mismatch
CD_fa3e353b8aca,CD,"{""corr_sign"": 1, ""reference"": ""PRGINT"", ""reference_quartile"": ""low"", ""target"": ""PRAD""}",anomalia,Desviacion de Correlacion,anomalia,Ruido,fail,,0.99049008675565,anomalia,False,False,False,False,0,0,,B_type_mismatch
CD_37ae713a0558,CD,"{""corr_sign"": 1, ""reference"": ""PRGINT"", ""reference_quartile"": ""low"", ""target"": ""PRAD""}",anomalia,Desviacion de Correlacion,anomalia,Ruido,fail,,0.9990698119227231,anomalia,False,False,False,False,0,0,,B_type_mismatch
CD_254e7414c449,CD,"{""corr_sign"": 1, ""reference"": ""PRGINT"", ""reference_quartile"": ""low"", ""target"": ""PRAD""}",anomalia,Desviacion de Correlacion,anomalia,Ruido,fail,,0.9971145382590296,anomalia,False,False,False,False,0,0,,B_type_mismatch
CD_03dab5f0c380,CD,"{""corr_sign"": 1, ""reference"": ""PRGINT"", ""reference_quartile"": ""low"", ""target"": ""PRAD""}",anomalia,Desviacion de Correlacion,anomalia,Ruido,fail,,0.9994830142153224,anomalia,False,False,False,False,0,0,,B_type_mismatch
CD_f0beae2b3ef4,CD,"{""corr_sign"": 1, ""reference"": ""PRGINT"", ""reference_quartile"": ""low"", ""target"": ""PRAD""}",anomalia,Desviacion de Correlacion,anomalia,Ruido,fail,,0.9961746208700752,anomalia,False,False,False,False,0,0,,B_type_mismatch
CD_80dfc283e067,CD,"{""corr_sign"": 1, ""reference"": ""PRGINT"", ""reference_quartile"": ""low"", ""target"": ""PRAD""}",anomalia,Desviacion de Correlacion,anomalia,Ruido,fail,,0.9957904261872448,anomalia,False,False,False,False,0,0,,B_type_mismatch
CD_2a4f30adc30b,CD,"{""corr_sign"": 1, ""reference"": ""PRGINT"", ""reference_quartile"": ""low"", ""target"": ""PRAD""}",anomalia,Desviacion de Correlacion,anomalia,Ruido,fail,,0.998548182916143,anomalia,False,False,False,False,0,0,,B_type_mismatch
CD_156bd632d39d,CD,"{""corr_sign"": 1, ""reference"": ""PRGINT"", ""reference_quartile"": ""low"", ""target"": ""PRAD""}",anomalia,Desviacion de Correlacion,anomalia,Ruido,fail,,0.9995008143006274,anomalia,False,False,False,False,0,0,,B_type_mismatch
CD_f6a1e2802a61,CD,"{""corr_sign"": 1, ""reference"": ""PRGINT"", ""reference_quartile"": ""low"", ""target"": ""PRAD""}",anomalia,Desviacion de Correlacion,anomalia,Ruido,fail,,0.9982557855150328,anomalia,False,False,False,False,0,0,,B_type_mismatch
CD_0dbb531278f9,CD,"{""corr_sign"": 1, ""reference"": ""PRGINT"", ""reference_quartile"": ""low"", ""target"": ""PRAD""}",anomalia,Desviacion de Correlacion,anomalia,Ruido,fail,,0.9978590201347788,anomalia,False,False,False,False,0,0,,B_type_mismatch
CD_f800be9a5586,CD,"{""corr_sign"": 1, ""reference"": ""PRGINT"", ""reference_quartile"": ""low"", ""target"": ""PRAD""}",anomalia,Desviacion de Correlacion,anomalia,Ruido,fail,,0.999626854057522,anomalia,False,False,False,False,0,0,,B_type_mismatch
CD_53b69a391248,CD,"{""corr_sign"": 1, ""reference"": ""PRGINT"", ""reference_quartile"": ""low"", ""target"": ""PRAD""}",anomalia,Desviacion de Correlacion,anomalia,Ruido,fail,,0.9988724605002368,anomalia,False,False,False,False,0,0,,B_type_mismatch
CD_11b6e4bc6e5d,CD,"{""corr_sign"": 1, ""reference"": ""PRGINT"", ""reference_quartile"": ""low"", ""target"": ""PRAD""}",anomalia,Desviacion de Correlacion,anomalia,Ruido,fail,,0.9978323237436302,anomalia,False,False,False,False,0,0,,B_type_mismatch
CD_754b795e8e23,CD,"{""corr_sign"": 1, ""reference"": ""PRGINT"", ""reference_quartile"": ""low"", ""target"": ""PRAD""}",anomalia,Desviacion de Correlacion,anomalia,Ruido,fail,,0.999662048323662,anomalia,False,False,False,False,0,0,,B_type_mismatch
CD_628a89a149ce,CD,"{""corr_sign"": 1, ""reference"": ""PRGINT"", ""reference_quartile"": ""low"", ""target"": ""PRAD""}",anomalia,Desviacion de Correlacion,anomalia,Ruido,fail,,0.999152768503397,anomalia,False,False,False,False,0,0,,B_type_mismatch
CD_ab9a2c1d7133,CD,"{""corr_sign"": 1, ""reference"": ""PRGINT"", ""reference_quartile"": ""low"", ""target"": ""PRAD""}",anomalia,Desviacion de Correlacion,anomalia,Ruido,fail,,0.9990890329502444,anomalia,False,False,False,False,0,0,,B_type_mismatch
CD_54411c724f51,CD,"{""corr_sign"": 1, ""reference"": ""PRGINT"", ""reference_quartile"": ""low"", ""target"": ""PRAD""}",anomalia,Desviacion de Correlacion,anomalia,Ruido,fail,,0.9958610182697618,anomalia,False,False,False,False,0,0,,B_type_mismatch
CD_3de4611456dd,CD,"{""corr_sign"": 1, ""reference"": ""PRGINT"", ""reference_quartile"": ""low"", ""target"": ""PRAD""}",anomalia,Desviacion de Correlacion,anomalia,Ruido,fail,,0.9992630458882076,anomalia,False,False,False,False,0,0,,B_type_mismatch
CD_44bc0494d489,CD,"{""corr_sign"": 1, ""reference"": ""PRGINT"", ""reference_quartile"": ""low"", ""target"": ""PRAD""}",anomalia,Desviacion de Correlacion,anomalia,Ruido,fail,,0.9977795522934528,anomalia,False,False,False,False,0,0,,B_type_mismatch
CD_535a7766b8cc,CD,"{""corr_sign"": 1, ""reference"": ""PRGINT"", ""reference_quartile"": ""low"", ""target"": ""PRAD""}",anomalia,Desviacion de Correlacion,anomalia,Ruido,fail,,0.9963071281646644,anomalia,False,False,False,False,0,0,,B_type_mismatch
CD_6f1325807d51,CD,"{""corr_sign"": 1, ""reference"": ""PRGINT"", ""reference_quartile"": ""low"", ""target"": ""PRAD""}",anomalia,Desviacion de Correlacion,anomalia,Ruido,fail,,0.9984298082659064,anomalia,False,False,False,False,0,0,,B_type_mismatch
CD_6af329730fdd,CD,"{""corr_sign"": 1, ""reference"": ""PRGINT"", ""reference_quartile"": ""low"", ""target"": ""PRAD""}",anomalia,Desviacion de Correlacion,anomalia,Ruido,fail,,0.9988224820227014,anomalia,False,False,False,False,0,0,,B_type_mismatch
CD_724fb4553687,CD,"{""corr_sign"": 1, ""reference"": ""PRGINT"", ""reference_quartile"": ""low"", ""target"": ""PRAD""}",anomalia,Desviacion de Correlacion,anomalia,Ruido,fail,,0.9988135864414052,anomalia,False,False,False,False,0,0,,B_type_mismatch
CD_07d3aefe0a9d,CD,"{""corr_sign"": 1, ""reference"": ""PRGINT"", ""reference_quartile"": ""low"", ""target"": ""PRAD""}",anomalia,Desviacion de Correlacion,anomalia,Ruido,fail,,0.9997108834234087,anomalia,False,False,False,False,0,0,,B_type_mismatch
CD_dc92cc08d589,CD,"{""corr_sign"": 1, ""reference"": ""PRGINT"", ""reference_quartile"": ""low"", ""target"": ""PRAD""}",anomalia,Desviacion de Correlacion,anomalia,Ruido,fail,,0.9909693619575674,anomalia,False,False,False,False,0,0,,B_type_mismatch
CD_2596d43b8810,CD,"{""corr_sign"": 1, ""reference"": ""PRGINT"", ""reference_quartile"": ""low"", ""target"": ""PRAD""}",anomalia,Desviacion de Correlacion,anomalia,Ruido,fail,,0.9982197116271592,anomalia,False,False,False,False,0,0,,B_type_mismatch
CD_75ca46ef9baf,CD,"{""corr_sign"": 1, ""reference"": ""PRGINT"", ""reference_quartile"": ""low"", ""target"": ""PRAD""}",anomalia,Desviacion de Correlacion,anomalia,Ruido,fail,,0.9989544768605167,anomalia,False,False,False,False,0,0,,B_type_mismatch
CD_f9abdd53ebba,CD,"{""corr_sign"": 1, ""reference"": ""PRGINT"", ""reference_quartile"": ""low"", ""target"": ""PRAD""}",anomalia,Desviacion de Correlacion,anomalia,Ruido,fail,,0.996671433013073,anomalia,False,False,False,False,0,0,,B_type_mismatch
CD_55915e38bc43,CD,"{""corr_sign"": 1, ""reference"": ""PRGINT"", ""reference_quartile"": ""low"", ""target"": ""PRAD""}",anomalia,Desviacion de Correlacion,anomalia,Ruido,fail,,0.9982583088512113,anomalia,False,False,False,False,0,0,,B_type_mismatch
CD_88edbf822da9,CD,"{""corr_sign"": 1, ""reference"": ""PRGINT"", ""reference_quartile"": ""low"", ""target"": ""PRAD""}",anomalia,Desviacion de Correlacion,anomalia,Contextual,fail,,0.9965830395115084,anomalia,False,False,False,False,0,0,,B_type_mismatch
CD_cf2656fa4f4f,CD,"{""corr_sign"": 1, ""reference"": ""PRGINT"", ""reference_quartile"": ""low"", ""target"": ""PRAD""}",anomalia,Desviacion de Correlacion,anomalia,Ruido,fail,,0.999710447225056,anomalia,False,False,False,False,0,0,,B_type_mismatch
CD_82e87d4e7ea8,CD,"{""corr_sign"": 1, ""reference"": ""PRGINT"", ""reference_quartile"": ""low"", ""target"": ""PRAD""}",anomalia,Desviacion de Correlacion,anomalia,Ruido,fail,,0.994420387300738,anomalia,False,False,False,False,0,0,,B_type_mismatch
CD_af6e309b000c,CD,"{""corr_sign"": 1, ""reference"": ""PRGINT"", ""reference_quartile"": ""low"", ""target"": ""PRAD""}",anomalia,Desviacion de Correlacion,anomalia,Ruido,fail,,0.9989022655807976,anomalia,False,False,False,False,0,0,,B_type_mismatch
CD_88e93fa6593e,CD,"{""corr_sign"": 1, ""reference"": ""PRGINT"", ""reference_quartile"": ""low"", ""target"": ""PRAD""}",anomalia,Desviacion de Correlacion,anomalia,Ruido,fail,,0.997851322402876,anomalia,False,False,False,False,0,0,,B_type_mismatch
CD_458346301f35,CD,"{""corr_sign"": 1, ""reference"": ""PRGINT"", ""reference_quartile"": ""low"", ""target"": ""PRAD""}",anomalia,Desviacion de Correlacion,anomalia,Ruido,fail,,0.9980266971135652,anomalia,False,False,False,False,0,0,,B_type_mismatch
CD_69815819de74,CD,"{""corr_sign"": 1, ""reference"": ""PRGINT"", ""reference_quartile"": ""low"", ""target"": ""PRAD""}",anomalia,Desviacion de Correlacion,anomalia,Ruido,fail,,0.9991135871792968,anomalia,False,False,False,False,0,0,,B_type_mismatch
CD_a113d1f0862d,CD,"{""corr_sign"": 1, ""reference"": ""PRGINT"", ""reference_quartile"": ""low"", ""target"": ""PRAD""}",anomalia,Desviacion de Correlacion,anomalia,Ruido,fail,,0.9983422468470848,anomalia,False,False,False,False,0,0,,B_type_mismatch
CD_c797d86ff7bd,CD,"{""corr_sign"": 1, ""reference"": ""PRGINT"", ""reference_quartile"": ""low"", ""target"": ""PRAD""}",anomalia,Desviacion de Correlacion,anomalia,Ruido,fail,,0.997822368714898,anomalia,False,False,False,False,0,0,,B_type_mismatch
CD_4a1494471747,CD,"{""corr_sign"": 1, ""reference"": ""PRGINT"", ""reference_quartile"": ""low"", ""target"": ""PRAD""}",anomalia,Desviacion de Correlacion,anomalia,Ruido,fail,,0.9986115225706736,anomalia,False,False,False,False,0,0,,B_type_mismatch
CD_f88e46fbd5db,CD,"{""corr_sign"": 1, ""reference"": ""PRGINT"", ""reference_quartile"": ""low"", ""target"": ""PRAD""}",anomalia,Desviacion de Correlacion,anomalia,Ruido,fail,,0.9992301415867813,anomalia,False,False,False,False,0,0,,B_type_mismatch
CD_840b4cd6c344,CD,"{""corr_sign"": 1, ""reference"": ""PRGINT"", ""reference_quartile"": ""low"", ""target"": ""PRAD""}",anomalia,Desviacion de Correlacion,anomalia,Ruido,fail,,0.9988686016701132,anomalia,False,False,False,False,0,0,,B_type_mismatch
CD_c7d7de0683c8,CD,"{""corr_sign"": 1, ""reference"": ""PRGINT"", ""reference_quartile"": ""low"", ""target"": ""PRAD""}",anomalia,Desviacion de Correlacion,anomalia,Ruido,fail,,0.9991933376718845,anomalia,False,False,False,False,0,0,,B_type_mismatch
CD_b5f3112d6dd8,CD,"{""corr_sign"": 1, ""reference"": ""PRGINT"", ""reference_quartile"": ""low"", ""target"": ""PRAD""}",anomalia,Desviacion de Correlacion,anomalia,Ruido,fail,,0.999448798623852,anomalia,False,False,False,False,0,0,,B_type_mismatch
CD_757acfccaade,CD,"{""corr_sign"": 1, ""reference"": ""PRGINT"", ""reference_quartile"": ""low"", ""target"": ""PRAD""}",anomalia,Desviacion de Correlacion,anomalia,Ruido,fail,,0.9684013997806714,anomalia,False,False,False,False,0,0,,B_type_mismatch
CD_fc2f544460b0,CD,"{""corr_sign"": 1, ""reference"": ""PRGINT"", ""reference_quartile"": ""low"", ""target"": ""PRAD""}",anomalia,Desviacion de Correlacion,anomalia,Ruido,fail,,0.9979510260611512,anomalia,False,False,False,False,0,0,,B_type_mismatch
CD_d771866ac1d4,CD,"{""corr_sign"": 1, ""reference"": ""PRGINT"", ""reference_quartile"": ""low"", ""target"": ""PRAD""}",anomalia,Desviacion de Correlacion,anomalia,Ruido,fail,,0.9995687942639968,anomalia,False,False,False,False,0,0,,B_type_mismatch
CD_7a0eb9d0e1b1,CD,"{""corr_sign"": 1, ""reference"": ""PRGINT"", ""reference_quartile"": ""low"", ""target"": ""PRAD""}",anomalia,Desviacion de Correlacion,anomalia,Ruido,fail,,0.9880769307416918,anomalia,False,False,False,False,0,0,,B_type_mismatch
CD_d08d88d86847,CD,"{""corr_sign"": 1, ""reference"": ""PRGINT"", ""reference_quartile"": ""low"", ""target"": ""PRAD""}",anomalia,Desviacion de Correlacion,anomalia,Ruido,fail,,0.998492772004352,anomalia,False,False,False,False,0,0,,B_type_mismatch
CD_985c8971a17c,CD,"{""corr_sign"": 1, ""reference"": ""PRGINT"", ""reference_quartile"": ""low"", ""target"": ""PRAD""}",anomalia,Desviacion de Correlacion,anomalia,Ruido,fail,,0.9961467412249494,anomalia,False,False,False,False,0,0,,B_type_mismatch
CD_9582cdefc719,CD,"{""corr_sign"": 1, ""reference"": ""PRGINT"", ""reference_quartile"": ""low"", ""target"": ""PRAD""}",anomalia,Desviacion de Correlacion,anomalia,Ruido,fail,,0.9965004599107802,anomalia,False,False,False,False,0,0,,B_type_mismatch
CD_ff8bca5be83c,CD,"{""corr_sign"": 1, ""reference"": ""PRGINT"", ""reference_quartile"": ""low"", ""target"": ""PRAD""}",anomalia,Desviacion de Correlacion,anomalia,Ruido,fail,,0.9989915059223962,anomalia,False,False,False,False,0,0,,B_type_mismatch
CD_c12ebac9238e,CD,"{""corr_sign"": 1, ""reference"": ""PRGINT"", ""reference_quartile"": ""low"", ""target"": ""PRAD""}",anomalia,Desviacion de Correlacion,anomalia,Ruido,fail,,0.9917002574421449,anomalia,False,False,False,False,0,0,,B_type_mismatch
CD_4cd3f74ca02d,CD,"{""corr_sign"": 1, ""reference"": ""PRGINT"", ""reference_quartile"": ""low"", ""target"": ""PRAD""}",anomalia,Desviacion de Correlacion,anomalia,Ruido,fail,,0.9989759413475104,anomalia,False,False,False,False,0,0,,B_type_mismatch
CD_4e174c9fc3a8,CD,"{""corr_sign"": 1, ""reference"": ""PRGINT"", ""reference_quartile"": ""low"", ""target"": ""PRAD""}",anomalia,Desviacion de Correlacion,anomalia,Ruido,fail,,0.999247598127878,anomalia,False,False,False,False,0,0,,B_type_mismatch
CD_e3d510db1f0c,CD,"{""corr_sign"": 1, ""reference"": ""PRGINT"", ""reference_quartile"": ""low"", ""target"": ""PRAD""}",anomalia,Desviacion de Correlacion,anomalia,Ruido,fail,,0.998356439849691,anomalia,False,False,False,False,0,0,,B_type_mismatch
CD_b9c6beba7759,CD,"{""corr_sign"": 1, ""reference"": ""PRGINT"", ""reference_quartile"": ""low"", ""target"": ""PRAD""}",anomalia,Desviacion de Correlacion,anomalia,Ruido,fail,,0.9985518289130364,anomalia,False,False,False,False,0,0,,B_type_mismatch
CD_e988b3657476,CD,"{""corr_sign"": 1, ""reference"": ""PRGINT"", ""reference_quartile"": ""low"", ""target"": ""PRAD""}",anomalia,Desviacion de Correlacion,anomalia,Ruido,fail,,0.9970974190657736,anomalia,False,False,False,False,0,0,,B_type_mismatch
CD_ba14ee64df91,CD,"{""corr_sign"": 1, ""reference"": ""PRGINT"", ""reference_quartile"": ""low"", ""target"": ""PRAD""}",anomalia,Desviacion de Correlacion,anomalia,Ruido,fail,,0.9942042223232552,anomalia,False,False,False,False,0,0,,B_type_mismatch
CD_dd75b7e7f3b1,CD,"{""corr_sign"": 1, ""reference"": ""PRGINT"", ""reference_quartile"": ""low"", ""target"": ""PRAD""}",anomalia,Desviacion de Correlacion,anomalia,Ruido,fail,,0.9994280898564318,anomalia,False,False,False,False,0,0,,B_type_mismatch
CD_edc5801edea0,CD,"{""corr_sign"": 1, ""reference"": ""PRGINT"", ""reference_quartile"": ""low"", ""target"": ""PRAD""}",anomalia,Desviacion de Correlacion,anomalia,Ruido,fail,,0.9983820109244588,anomalia,False,False,False,False,0,0,,B_type_mismatch
CD_72cecbe00fe0,CD,"{""corr_sign"": 1, ""reference"": ""PRGINT"", ""reference_quartile"": ""low"", ""target"": ""PRAD""}",anomalia,Desviacion de Correlacion,anomalia,Ruido,fail,,0.9993784044694228,anomalia,False,False,False,False,0,0,,B_type_mismatch
CD_02658b700b16,CD,"{""corr_sign"": 1, ""reference"": ""PRGINT"", ""reference_quartile"": ""low"", ""target"": ""PRAD""}",anomalia,Desviacion de Correlacion,anomalia,Ruido,fail,,0.9995085802785992,anomalia,False,False,False,False,0,0,,B_type_mismatch
CD_07c5c155a97b,CD,"{""corr_sign"": 1, ""reference"": ""PRGINT"", ""reference_quartile"": ""low"", ""target"": ""PRAD""}",anomalia,Desviacion de Correlacion,anomalia,Ruido,fail,,0.9964471514094216,anomalia,False,False,False,False,0,0,,B_type_mismatch
CD_4055b3d0d911,CD,"{""corr_sign"": 1, ""reference"": ""PRGINT"", ""reference_quartile"": ""low"", ""target"": ""PRAD""}",anomalia,Desviacion de Correlacion,anomalia,Ruido,fail,,0.9986782846208296,anomalia,False,False,False,False,0,0,,B_type_mismatch
CD_b0a47bfab546,CD,"{""corr_sign"": 1, ""reference"": ""PRGINT"", ""reference_quartile"": ""low"", ""target"": ""PRAD""}",anomalia,Desviacion de Correlacion,anomalia,Ruido,fail,,0.9949838624047362,anomalia,False,False,False,False,0,0,,B_type_mismatch
CD_1c56f5ce0bcb,CD,"{""corr_sign"": 1, ""reference"": ""PRGINT"", ""reference_quartile"": ""low"", ""target"": ""PRAD""}",anomalia,Desviacion de Correlacion,anomalia,Ruido,fail,,0.9985187722583408,anomalia,False,False,False,False,0,0,,B_type_mismatch
CD_aaca61a5705c,CD,"{""corr_sign"": 1, ""reference"": ""PRGINT"", ""reference_quartile"": ""low"", ""target"": ""PRAD""}",anomalia,Desviacion de Correlacion,anomalia,Ruido,fail,,0.9991296563516284,anomalia,False,False,False,False,0,0,,B_type_mismatch
CD_17af25d2cd4b,CD,"{""corr_sign"": 1, ""reference"": ""PRGINT"", ""reference_quartile"": ""low"", ""target"": ""PRAD""}",anomalia,Desviacion de Correlacion,anomalia,Ruido,fail,,0.9981250665383667,anomalia,False,False,False,False,0,0,,B_type_mismatch
CD_95fa7e82cbef,CD,"{""corr_sign"": 1, ""reference"": ""PRGINT"", ""reference_quartile"": ""low"", ""target"": ""PRAD""}",anomalia,Desviacion de Correlacion,anomalia,Ruido,fail,,0.99548764431494,anomalia,False,False,False,False,0,0,,B_type_mismatch
CD_e27d4742ccce,CD,"{""corr_sign"": 1, ""reference"": ""PRGINT"", ""reference_quartile"": ""low"", ""target"": ""PRAD""}",anomalia,Desviacion de Correlacion,anomalia,Ruido,fail,,0.999382727871942,anomalia,False,False,False,False,0,0,,B_type_mismatch
CD_843b65dd1186,CD,"{""corr_sign"": 1, ""reference"": ""PRGINT"", ""reference_quartile"": ""low"", ""target"": ""PRAD""}",anomalia,Desviacion de Correlacion,anomalia,Ruido,fail,,0.9990374172264,anomalia,False,False,False,False,0,0,,B_type_mismatch
CD_9bc018dca672,CD,"{""corr_sign"": 1, ""reference"": ""PRGINT"", ""reference_quartile"": ""low"", ""target"": ""PRAD""}",anomalia,Desviacion de Correlacion,anomalia,Ruido,fail,,0.998553835519442,anomalia,False,False,False,False,0,0,,B_type_mismatch
CD_8ca494975678,CD,"{""corr_sign"": 1, ""reference"": ""PRGINT"", ""reference_quartile"": ""low"", ""target"": ""PRAD""}",anomalia,Desviacion de Correlacion,anomalia,Ruido,fail,,0.999031791395852,anomalia,False,False,False,False,0,0,,B_type_mismatch
CD_8c62a0c2d484,CD,"{""corr_sign"": 1, ""reference"": ""PRGINT"", ""reference_quartile"": ""low"", ""target"": ""PRAD""}",anomalia,Desviacion de Correlacion,anomalia,Ruido,fail,,0.9976349570962494,anomalia,False,False,False,False,0,0,,B_type_mismatch
CD_17c63c9692cd,CD,"{""corr_sign"": 1, ""reference"": ""PRGINT"", ""reference_quartile"": ""low"", ""target"": ""PRAD""}",anomalia,Desviacion de Correlacion,anomalia,Ruido,fail,,0.9991500397229424,anomalia,False,False,False,False,0,0,,B_type_mismatch
CD_7a9308323fdb,CD,"{""corr_sign"": 1, ""reference"": ""PRGINT"", ""reference_quartile"": ""low"", ""target"": ""PRAD""}",anomalia,Desviacion de Correlacion,anomalia,Ruido,fail,,0.9992042897822216,anomalia,False,False,False,False,0,0,,B_type_mismatch
CD_636a18f7b6ed,CD,"{""corr_sign"": 1, ""reference"": ""PRGINT"", ""reference_quartile"": ""low"", ""target"": ""PRAD""}",anomalia,Desviacion de Correlacion,anomalia,Ruido,fail,,0.9983972381304262,anomalia,False,False,False,False,0,0,,B_type_mismatch
CD_80593df76a96,CD,"{""corr_sign"": 1, ""reference"": ""PRGINT"", ""reference_quartile"": ""low"", ""target"": ""PRAD""}",anomalia,Desviacion de Correlacion,anomalia,Ruido,fail,,0.9970339316263156,anomalia,False,False,False,False,0,0,,B_type_mismatch
CD_ce74787ffafb,CD,"{""corr_sign"": 1, ""reference"": ""PRGINT"", ""reference_quartile"": ""low"", ""target"": ""PRAD""}",anomalia,Desviacion de Correlacion,anomalia,Ruido,fail,,0.9939810078640604,anomalia,False,False,False,False,0,0,,B_type_mismatch
CD_8339bd5ee15a,CD,"{""corr_sign"": 1, ""reference"": ""PRGINT"", ""reference_quartile"": ""low"", ""target"": ""PRAD""}",anomalia,Desviacion de Correlacion,anomalia,Ruido,fail,,0.997371328317276,anomalia,False,False,False,False,0,0,,B_type_mismatch
CD_d9f4da2860af,CD,"{""corr_sign"": 1, ""reference"": ""PRGINT"", ""reference_quartile"": ""low"", ""target"": ""PRAD""}",anomalia,Desviacion de Correlacion,anomalia,Ruido,fail,,0.9983826929557456,anomalia,False,False,False,False,0,0,,B_type_mismatch
CD_3d99bfe367a6,CD,"{""corr_sign"": 1, ""reference"": ""PRGINT"", ""reference_quartile"": ""low"", ""target"": ""PRAD""}",anomalia,Desviacion de Correlacion,anomalia,Ruido,fail,,0.9964879937283404,anomalia,False,False,False,False,0,0,,B_type_mismatch
CD_16f4a443dc96,CD,"{""corr_sign"": 1, ""reference"": ""PRGINT"", ""reference_quartile"": ""low"", ""target"": ""PRAD""}",anomalia,Desviacion de Correlacion,anomalia,Ruido,fail,,0.9992182597408904,anomalia,False,False,False,False,0,0,,B_type_mismatch
CD_357208184dd1,CD,"{""corr_sign"": 1, ""reference"": ""PRGINT"", ""reference_quartile"": ""low"", ""target"": ""PRAD""}",anomalia,Desviacion de Correlacion,anomalia,Ruido,fail,,0.9966845919893472,anomalia,False,False,False,False,0,0,,B_type_mismatch
CD_7fd728dc83cb,CD,"{""corr_sign"": 1, ""reference"": ""PRGINT"", ""reference_quartile"": ""low"", ""target"": ""PRAD""}",anomalia,Desviacion de Correlacion,anomalia,Ruido,fail,,0.9942328824330504,anomalia,False,False,False,False,0,0,,B_type_mismatch
CD_dac748ad2b8f,CD,"{""corr_sign"": 1, ""reference"": ""PRGINT"", ""reference_quartile"": ""low"", ""target"": ""PRAD""}",anomalia,Desviacion de Correlacion,anomalia,Ruido,fail,,0.9989182936648334,anomalia,False,False,False,False,0,0,,B_type_mismatch
CD_d6439c28adde,CD,"{""corr_sign"": 1, ""reference"": ""PRGINT"", ""reference_quartile"": ""low"", ""target"": ""PRAD""}",anomalia,Desviacion de Correlacion,anomalia,Ruido,fail,,0.9975820206685432,anomalia,False,False,False,False,0,0,,B_type_mismatch
CD_c158bc018e3a,CD,"{""corr_sign"": 1, ""reference"": ""PRGINT"", ""reference_quartile"": ""low"", ""target"": ""PRAD""}",anomalia,Desviacion de Correlacion,anomalia,Ruido,fail,,0.9985094226384422,anomalia,False,False,False,False,0,0,,B_type_mismatch
CD_5fa749ccae02,CD,"{""corr_sign"": 1, ""reference"": ""PRGINT"", ""reference_quartile"": ""low"", ""target"": ""PRAD""}",anomalia,Desviacion de Correlacion,anomalia,Ruido,fail,,0.9996620485543029,anomalia,False,False,False,False,0,0,,B_type_mismatch
CD_1621b9db2a88,CD,"{""corr_sign"": 1, ""reference"": ""PRGINT"", ""reference_quartile"": ""low"", ""target"": ""PRAD""}",anomalia,Desviacion de Correlacion,anomalia,Ruido,fail,,0.9986097225909027,anomalia,False,False,False,False,0,0,,B_type_mismatch
CD_0c69bbfd3b8b,CD,"{""corr_sign"": 1, ""reference"": ""PRGINT"", ""reference_quartile"": ""low"", ""target"": ""PRAD""}",anomalia,Desviacion de Correlacion,anomalia,Ruido,fail,,0.9975847562105364,anomalia,False,False,False,False,0,0,,B_type_mismatch
CD_169fe4d2d60c,CD,"{""corr_sign"": 1, ""reference"": ""PRGINT"", ""reference_quartile"": ""low"", ""target"": ""PRAD""}",anomalia,Desviacion de Correlacion,anomalia,Contextual,fail,,0.993092375620506,anomalia,False,False,False,False,0,0,,B_type_mismatch
CD_1cea5ae7d71e,CD,"{""corr_sign"": 1, ""reference"": ""PRGINT"", ""reference_quartile"": ""low"", ""target"": ""PRAD""}",anomalia,Desviacion de Correlacion,anomalia,Ruido,fail,,0.998912169430483,anomalia,False,False,False,False,0,0,,B_type_mismatch
CD_678b471c5030,CD,"{""corr_sign"": 1, ""reference"": ""PRGINT"", ""reference_quartile"": ""low"", ""target"": ""PRAD""}",anomalia,Desviacion de Correlacion,anomalia,Ruido,fail,,0.998667341303818,anomalia,False,False,False,False,0,0,,B_type_mismatch
CD_e23f0c16ef83,CD,"{""corr_sign"": 1, ""reference"": ""PRGINT"", ""reference_quartile"": ""low"", ""target"": ""PRAD""}",anomalia,Desviacion de Correlacion,anomalia,Ruido,fail,,0.996179012703866,anomalia,False,False,False,False,0,0,,B_type_mismatch
CD_bd89f02f944e,CD,"{""corr_sign"": 1, ""reference"": ""PRGINT"", ""reference_quartile"": ""low"", ""target"": ""PRAD""}",anomalia,Desviacion de Correlacion,anomalia,Ruido,fail,,0.9988653369380164,anomalia,False,False,False,False,0,0,,B_type_mismatch
CD_fb8916a9c22b,CD,"{""corr_sign"": 1, ""reference"": ""PRGINT"", ""reference_quartile"": ""low"", ""target"": ""PRAD""}",anomalia,Desviacion de Correlacion,anomalia,Ruido,fail,,0.9976326582958456,anomalia,False,False,False,False,0,0,,B_type_mismatch
CD_442eb318dc87,CD,"{""corr_sign"": 1, ""reference"": ""PRGINT"", ""reference_quartile"": ""low"", ""target"": ""PRAD""}",anomalia,Desviacion de Correlacion,anomalia,Ruido,fail,,0.9974533383373296,anomalia,False,False,False,False,0,0,,B_type_mismatch
CD_e6a313ebb34d,CD,"{""corr_sign"": 1, ""reference"": ""PRGINT"", ""reference_quartile"": ""low"", ""target"": ""PRAD""}",anomalia,Desviacion de Correlacion,anomalia,Ruido,fail,,0.9986332697157282,anomalia,False,False,False,False,0,0,,B_type_mismatch
CD_96ced6f754a4,CD,"{""corr_sign"": 1, ""reference"": ""PRGINT"", ""reference_quartile"": ""low"", ""target"": ""PRAD""}",anomalia,Desviacion de Correlacion,anomalia,Ruido,fail,,0.9995183303868204,anomalia,False,False,False,False,0,0,,B_type_mismatch
CD_e34f9930b2e3,CD,"{""corr_sign"": 1, ""reference"": ""PRGINT"", ""reference_quartile"": ""low"", ""target"": ""PRAD""}",anomalia,Desviacion de Correlacion,anomalia,Ruido,fail,,0.9980517793160828,anomalia,False,False,False,False,0,0,,B_type_mismatch
CD_5f19bc15baea,CD,"{""corr_sign"": -1, ""reference"": ""XHINV"", ""reference_quartile"": ""low"", ""target"": ""XTINV""}",anomalia,Desviacion de Correlacion,anomalia,Contextual,fail,,0.9991923897441788,anomalia,False,False,False,False,0,0,,B_type_mismatch
CD_82ffb58688bd,CD,"{""corr_sign"": -1, ""reference"": ""XHINV"", ""reference_quartile"": ""low"", ""target"": ""XTINV""}",anomalia,Desviacion de Correlacion,anomalia,Contextual,fail,,0.9996848091180928,anomalia,False,False,False,False,0,0,,B_type_mismatch
CD_09acfd3bf2d1,CD,"{""corr_sign"": -1, ""reference"": ""XHINV"", ""reference_quartile"": ""low"", ""target"": ""XTINV""}",anomalia,Desviacion de Correlacion,anomalia,Ruido,fail,,0.9998181159853003,anomalia,False,False,False,False,0,0,,B_type_mismatch
CD_c7e32137c24a,CD,"{""corr_sign"": -1, ""reference"": ""XHINV"", ""reference_quartile"": ""low"", ""target"": ""XTINV""}",anomalia,Desviacion de Correlacion,anomalia,Ruido,fail,,0.998168419291526,anomalia,False,False,False,False,0,0,,B_type_mismatch
CD_0685aee267f0,CD,"{""corr_sign"": -1, ""reference"": ""XHINV"", ""reference_quartile"": ""low"", ""target"": ""XTINV""}",anomalia,Desviacion de Correlacion,anomalia,Contextual,fail,,0.9996362318718992,anomalia,False,False,False,False,0,0,,B_type_mismatch
CD_925ed22d0561,CD,"{""corr_sign"": -1, ""reference"": ""XHINV"", ""reference_quartile"": ""low"", ""target"": ""XTINV""}",anomalia,Desviacion de Correlacion,anomalia,Contextual,fail,,0.9998651858336968,anomalia,False,False,False,False,0,0,,B_type_mismatch
CD_bab80f10d22e,CD,"{""corr_sign"": -1, ""reference"": ""XHINV"", ""reference_quartile"": ""low"", ""target"": ""XTINV""}",anomalia,Desviacion de Correlacion,anomalia,Contextual,fail,,0.9998258449338572,anomalia,False,False,False,False,0,0,,B_type_mismatch
CD_57ec9605f95a,CD,"{""corr_sign"": -1, ""reference"": ""XHINV"", ""reference_quartile"": ""low"", ""target"": ""XTINV""}",anomalia,Desviacion de Correlacion,anomalia,Contextual,fail,,0.999670982701771,anomalia,False,False,False,False,0,0,,B_type_mismatch
CD_e3eb2bc95304,CD,"{""corr_sign"": -1, ""reference"": ""XHINV"", ""reference_quartile"": ""low"", ""target"": ""XTINV""}",anomalia,Desviacion de Correlacion,anomalia,Contextual,fail,,0.9996206571308592,anomalia,False,False,False,False,0,0,,B_type_mismatch
CD_a575166f63c1,CD,"{""corr_sign"": -1, ""reference"": ""XHINV"", ""reference_quartile"": ""low"", ""target"": ""XTINV""}",anomalia,Desviacion de Correlacion,anomalia,Ruido,fail,,0.9996328100574138,anomalia,False,False,False,False,0,0,,B_type_mismatch
CD_f79277a2423d,CD,"{""corr_sign"": -1, ""reference"": ""XHINV"", ""reference_quartile"": ""low"", ""target"": ""XTINV""}",anomalia,Desviacion de Correlacion,anomalia,Ruido,fail,,0.9998324061278652,anomalia,False,False,False,False,0,0,,B_type_mismatch
CD_499cbc48d503,CD,"{""corr_sign"": -1, ""reference"": ""XHINV"", ""reference_quartile"": ""low"", ""target"": ""XTINV""}",anomalia,Desviacion de Correlacion,anomalia,Contextual,fail,,0.9995990757903276,anomalia,False,False,False,False,0,0,,B_type_mismatch
CD_d05abdca4cea,CD,"{""corr_sign"": -1, ""reference"": ""XHINV"", ""reference_quartile"": ""low"", ""target"": ""XTINV""}",anomalia,Desviacion de Correlacion,anomalia,Contextual,fail,,0.9996208061499984,anomalia,False,False,False,False,0,0,,B_type_mismatch
CD_30d68b490d59,CD,"{""corr_sign"": -1, ""reference"": ""XHINV"", ""reference_quartile"": ""low"", ""target"": ""XTINV""}",anomalia,Desviacion de Correlacion,anomalia,Contextual,fail,,0.999662893344659,anomalia,False,False,False,False,0,0,,B_type_mismatch
CD_4578cb366cdf,CD,"{""corr_sign"": -1, ""reference"": ""XHINV"", ""reference_quartile"": ""low"", ""target"": ""XTINV""}",anomalia,Desviacion de Correlacion,anomalia,Ruido,fail,,0.9903498713266016,anomalia,False,False,False,False,0,1,,B_type_mismatch
CD_04dce8350703,CD,"{""corr_sign"": -1, ""reference"": ""XHINV"", ""reference_quartile"": ""low"", ""target"": ""XTINV""}",anomalia,Desviacion de Correlacion,anomalia,Contextual,fail,,0.999792600548207,anomalia,False,False,False,False,0,0,,B_type_mismatch
CD_8bc08688a86f,CD,"{""corr_sign"": -1, ""reference"": ""XHINV"", ""reference_quartile"": ""low"", ""target"": ""XTINV""}",anomalia,Desviacion de Correlacion,anomalia,Contextual,fail,,0.9997702620551532,anomalia,False,False,False,False,0,0,,B_type_mismatch
CD_49d73aaefe0f,CD,"{""corr_sign"": -1, ""reference"": ""XHINV"", ""reference_quartile"": ""low"", ""target"": ""XTINV""}",anomalia,Desviacion de Correlacion,anomalia,Contextual,fail,,0.9999244111298888,anomalia,False,False,False,False,0,0,,B_type_mismatch
CD_d6c265cf91a3,CD,"{""corr_sign"": -1, ""reference"": ""XHINV"", ""reference_quartile"": ""low"", ""target"": ""XTINV""}",anomalia,Desviacion de Correlacion,anomalia,Contextual,fail,,0.9911524811451616,anomalia,False,False,False,False,0,0,,B_type_mismatch
CD_9b2e5a9f5ba5,CD,"{""corr_sign"": -1, ""reference"": ""XHINV"", ""reference_quartile"": ""low"", ""target"": ""XTINV""}",anomalia,Desviacion de Correlacion,anomalia,Contextual,fail,,0.9998531312259205,anomalia,False,False,False,False,0,0,,B_type_mismatch
CD_78334aa4646c,CD,"{""corr_sign"": -1, ""reference"": ""XHINV"", ""reference_quartile"": ""low"", ""target"": ""XTINV""}",anomalia,Desviacion de Correlacion,anomalia,Contextual,fail,,0.999879961906822,anomalia,False,False,False,False,0,0,,B_type_mismatch
CD_b2121f775f9f,CD,"{""corr_sign"": -1, ""reference"": ""XHINV"", ""reference_quartile"": ""low"", ""target"": ""XTINV""}",anomalia,Desviacion de Correlacion,anomalia,Contextual,fail,,0.99962608280588,anomalia,False,False,False,False,0,0,,B_type_mismatch
CD_a55d77313dac,CD,"{""corr_sign"": -1, ""reference"": ""XHINV"", ""reference_quartile"": ""low"", ""target"": ""XTINV""}",anomalia,Desviacion de Correlacion,anomalia,Contextual,fail,,0.9995888756960976,anomalia,False,False,False,False,0,0,,B_type_mismatch
CD_b8bdc9894f72,CD,"{""corr_sign"": -1, ""reference"": ""XHINV"", ""reference_quartile"": ""low"", ""target"": ""XTINV""}",anomalia,Desviacion de Correlacion,anomalia,Contextual,fail,,0.9997495184704872,anomalia,False,False,False,False,0,0,,B_type_mismatch
CD_01fa71dfde0b,CD,"{""corr_sign"": -1, ""reference"": ""XHINV"", ""reference_quartile"": ""low"", ""target"": ""XTINV""}",anomalia,Desviacion de Correlacion,anomalia,Contextual,fail,,0.99992078525435,anomalia,False,False,False,False,0,0,,B_type_mismatch
CD_a46c0469d4fa,CD,"{""corr_sign"": -1, ""reference"": ""XHINV"", ""reference_quartile"": ""low"", ""target"": ""XTINV""}",anomalia,Desviacion de Correlacion,anomalia,Contextual,fail,,0.9994459790400492,anomalia,False,False,False,False,0,0,,B_type_mismatch
CD_3fe13e596569,CD,"{""corr_sign"": -1, ""reference"": ""XHINV"", ""reference_quartile"": ""low"", ""target"": ""XTINV""}",anomalia,Desviacion de Correlacion,anomalia,Ruido,fail,,0.9998427426352444,anomalia,False,False,False,False,0,0,,B_type_mismatch
CD_dcec53c14d74,CD,"{""corr_sign"": -1, ""reference"": ""XHINV"", ""reference_quartile"": ""low"", ""target"": ""XTINV""}",anomalia,Desviacion de Correlacion,anomalia,Contextual,fail,,0.9997475687173942,anomalia,False,False,False,False,0,0,,B_type_mismatch
CD_bef7c0299e46,CD,"{""corr_sign"": -1, ""reference"": ""XHINV"", ""reference_quartile"": ""low"", ""target"": ""XTINV""}",anomalia,Desviacion de Correlacion,anomalia,Ruido,fail,,0.9987411661185436,anomalia,False,False,False,False,0,0,,B_type_mismatch
CD_b7f1d1992753,CD,"{""corr_sign"": -1, ""reference"": ""XHINV"", ""reference_quartile"": ""low"", ""target"": ""XTINV""}",anomalia,Desviacion de Correlacion,anomalia,Contextual,fail,,0.9997578271713408,anomalia,False,False,False,False,0,0,,B_type_mismatch
CD_c6941404090d,CD,"{""corr_sign"": -1, ""reference"": ""XHINV"", ""reference_quartile"": ""low"", ""target"": ""XTINV""}",anomalia,Desviacion de Correlacion,anomalia,Contextual,fail,,0.9998360050943726,anomalia,False,False,False,False,0,0,,B_type_mismatch
CD_1dafbec8f27f,CD,"{""corr_sign"": -1, ""reference"": ""XHINV"", ""reference_quartile"": ""low"", ""target"": ""XTINV""}",anomalia,Desviacion de Correlacion,anomalia,Contextual,fail,,0.9997072827216122,anomalia,False,False,False,False,0,0,,B_type_mismatch
CD_7983f0ee48fa,CD,"{""corr_sign"": -1, ""reference"": ""XHINV"", ""reference_quartile"": ""low"", ""target"": ""XTINV""}",anomalia,Desviacion de Correlacion,anomalia,Contextual,fail,,0.9998929715322752,anomalia,False,False,False,False,0,0,,B_type_mismatch
CD_41b9ea143745,CD,"{""corr_sign"": -1, ""reference"": ""XHINV"", ""reference_quartile"": ""low"", ""target"": ""XTINV""}",anomalia,Desviacion de Correlacion,anomalia,Contextual,fail,,0.9997293469970804,anomalia,False,False,False,False,0,0,,B_type_mismatch
CD_209c23146336,CD,"{""corr_sign"": -1, ""reference"": ""XHINV"", ""reference_quartile"": ""low"", ""target"": ""XTINV""}",anomalia,Desviacion de Correlacion,anomalia,Ruido,fail,,0.9994238179836936,anomalia,False,False,False,False,0,0,,B_type_mismatch
CD_49091ffa222d,CD,"{""corr_sign"": -1, ""reference"": ""XHINV"", ""reference_quartile"": ""low"", ""target"": ""XTINV""}",anomalia,Desviacion de Correlacion,anomalia,Ruido,fail,,0.9964750289814328,anomalia,False,False,False,False,0,0,,B_type_mismatch
CD_309063753438,CD,"{""corr_sign"": -1, ""reference"": ""XHINV"", ""reference_quartile"": ""low"", ""target"": ""XTINV""}",anomalia,Desviacion de Correlacion,anomalia,Ruido,fail,,0.9998752466029176,anomalia,False,False,False,False,0,0,,B_type_mismatch
CD_9235d21a3a77,CD,"{""corr_sign"": -1, ""reference"": ""XHINV"", ""reference_quartile"": ""low"", ""target"": ""XTINV""}",anomalia,Desviacion de Correlacion,anomalia,Contextual,fail,,0.9997008933992634,anomalia,False,False,False,False,0,0,,B_type_mismatch
CD_8e3545e4bc55,CD,"{""corr_sign"": -1, ""reference"": ""XHINV"", ""reference_quartile"": ""low"", ""target"": ""XTINV""}",anomalia,Desviacion de Correlacion,anomalia,Contextual,fail,,0.999843579050641,anomalia,False,False,False,False,0,0,,B_type_mismatch
CD_372aa898aec3,CD,"{""corr_sign"": -1, ""reference"": ""XHINV"", ""reference_quartile"": ""low"", ""target"": ""XTINV""}",anomalia,Desviacion de Correlacion,anomalia,Contextual,fail,,0.9998424582091666,anomalia,False,False,False,False,0,0,,B_type_mismatch
CD_0327ac575606,CD,"{""corr_sign"": -1, ""reference"": ""XHINV"", ""reference_quartile"": ""low"", ""target"": ""XTINV""}",anomalia,Desviacion de Correlacion,anomalia,Ruido,fail,,0.9987476448893507,anomalia,False,False,False,False,0,0,,B_type_mismatch
CD_60547defc1b8,CD,"{""corr_sign"": -1, ""reference"": ""XHINV"", ""reference_quartile"": ""low"", ""target"": ""XTINV""}",anomalia,Desviacion de Correlacion,anomalia,Contextual,fail,,0.99988330181723,anomalia,False,False,False,False,0,0,,B_type_mismatch
CD_cd13a5dbff32,CD,"{""corr_sign"": -1, ""reference"": ""XHINV"", ""reference_quartile"": ""low"", ""target"": ""XTINV""}",anomalia,Desviacion de Correlacion,anomalia,Contextual,fail,,0.9997967560413268,anomalia,False,False,False,False,0,0,,B_type_mismatch
CD_edab17a040b8,CD,"{""corr_sign"": -1, ""reference"": ""XHINV"", ""reference_quartile"": ""low"", ""target"": ""XTINV""}",anomalia,Desviacion de Correlacion,anomalia,Contextual,fail,,0.9998307576728478,anomalia,False,False,False,False,0,0,,B_type_mismatch
CD_94d1cf209320,CD,"{""corr_sign"": -1, ""reference"": ""XHINV"", ""reference_quartile"": ""low"", ""target"": ""XTINV""}",anomalia,Desviacion de Correlacion,anomalia,Contextual,fail,,0.9998388342886444,anomalia,False,False,False,False,0,0,,B_type_mismatch
CD_5ce49e1b7298,CD,"{""corr_sign"": -1, ""reference"": ""XHINV"", ""reference_quartile"": ""low"", ""target"": ""XTINV""}",anomalia,Desviacion de Correlacion,anomalia,Contextual,fail,,0.9999208547389536,anomalia,False,False,False,False,0,0,,B_type_mismatch
CD_a3e96c275225,CD,"{""corr_sign"": -1, ""reference"": ""XHINV"", ""reference_quartile"": ""low"", ""target"": ""XTINV""}",anomalia,Desviacion de Correlacion,anomalia,Contextual,fail,,0.9998422418536832,anomalia,False,False,False,False,0,0,,B_type_mismatch
CD_676f481605e7,CD,"{""corr_sign"": -1, ""reference"": ""XHINV"", ""reference_quartile"": ""low"", ""target"": ""XTINV""}",anomalia,Desviacion de Correlacion,anomalia,Contextual,fail,,0.9997886319809496,anomalia,False,False,False,False,0,0,,B_type_mismatch
CD_a41fc2bd31e3,CD,"{""corr_sign"": -1, ""reference"": ""XHINV"", ""reference_quartile"": ""low"", ""target"": ""XTINV""}",anomalia,Desviacion de Correlacion,anomalia,Ruido,fail,,0.9973247126202246,anomalia,False,False,False,False,0,0,,B_type_mismatch
CD_2b2d82bfb3b4,CD,"{""corr_sign"": -1, ""reference"": ""XHINV"", ""reference_quartile"": ""low"", ""target"": ""XTINV""}",anomalia,Desviacion de Correlacion,anomalia,Contextual,fail,,0.999841445750795,anomalia,False,False,False,False,0,0,,B_type_mismatch
CD_5e0ec8aa48d1,CD,"{""corr_sign"": -1, ""reference"": ""XHINV"", ""reference_quartile"": ""low"", ""target"": ""XTINV""}",anomalia,Desviacion de Correlacion,anomalia,Contextual,fail,,0.9996333383882008,anomalia,False,False,False,False,0,0,,B_type_mismatch
CD_e9ba1b9193af,CD,"{""corr_sign"": -1, ""reference"": ""XHINV"", ""reference_quartile"": ""low"", ""target"": ""XTINV""}",anomalia,Desviacion de Correlacion,anomalia,Contextual,fail,,0.9987219689426892,anomalia,False,False,False,False,0,0,,B_type_mismatch
CD_aeb041160348,CD,"{""corr_sign"": -1, ""reference"": ""XHINV"", ""reference_quartile"": ""low"", ""target"": ""XTINV""}",anomalia,Desviacion de Correlacion,anomalia,Ruido,fail,,0.9997906516087852,anomalia,False,False,False,False,0,0,,B_type_mismatch
CD_7674554e9a36,CD,"{""corr_sign"": -1, ""reference"": ""XHINV"", ""reference_quartile"": ""low"", ""target"": ""XTINV""}",anomalia,Desviacion de Correlacion,anomalia,Contextual,fail,,0.9995401708664032,anomalia,False,False,False,False,0,0,,B_type_mismatch
CD_7c749e16d04e,CD,"{""corr_sign"": -1, ""reference"": ""XHINV"", ""reference_quartile"": ""low"", ""target"": ""XTINV""}",anomalia,Desviacion de Correlacion,anomalia,Contextual,fail,,0.9998797450742568,anomalia,False,False,False,False,0,0,,B_type_mismatch
CD_f8e20a8f2c9d,CD,"{""corr_sign"": -1, ""reference"": ""XHINV"", ""reference_quartile"": ""low"", ""target"": ""XTINV""}",anomalia,Desviacion de Correlacion,anomalia,Ruido,fail,,0.9998313709711564,anomalia,False,False,False,False,0,0,,B_type_mismatch
CD_39f44a0ffe3d,CD,"{""corr_sign"": -1, ""reference"": ""XHINV"", ""reference_quartile"": ""low"", ""target"": ""XTINV""}",anomalia,Desviacion de Correlacion,anomalia,Contextual,fail,,0.999795016026174,anomalia,False,False,False,False,0,0,,B_type_mismatch
CD_d533b9a6c609,CD,"{""corr_sign"": -1, ""reference"": ""XHINV"", ""reference_quartile"": ""low"", ""target"": ""XTINV""}",anomalia,Desviacion de Correlacion,anomalia,Contextual,fail,,0.9996007107690332,anomalia,False,False,False,False,0,0,,B_type_mismatch
CD_20b23cd2d28d,CD,"{""corr_sign"": -1, ""reference"": ""XHINV"", ""reference_quartile"": ""low"", ""target"": ""XTINV""}",anomalia,Desviacion de Correlacion,anomalia,Ruido,fail,,0.9938661746633805,anomalia,False,False,False,False,0,0,,B_type_mismatch
CD_203fb6d29764,CD,"{""corr_sign"": -1, ""reference"": ""XHINV"", ""reference_quartile"": ""low"", ""target"": ""XTINV""}",anomalia,Desviacion de Correlacion,anomalia,Ruido,fail,,0.9985199493644992,anomalia,False,False,False,False,0,0,,B_type_mismatch
CD_5f98ec976b2e,CD,"{""corr_sign"": -1, ""reference"": ""XHINV"", ""reference_quartile"": ""low"", ""target"": ""XTINV""}",anomalia,Desviacion de Correlacion,anomalia,Contextual,fail,,0.9999071632092515,anomalia,False,False,False,False,0,0,,B_type_mismatch
CD_ca8f9215f1c3,CD,"{""corr_sign"": -1, ""reference"": ""XHINV"", ""reference_quartile"": ""low"", ""target"": ""XTINV""}",anomalia,Desviacion de Correlacion,anomalia,Ruido,fail,,0.9984634418227046,anomalia,False,False,False,False,0,0,,B_type_mismatch
CD_d948974fae15,CD,"{""corr_sign"": -1, ""reference"": ""XHINV"", ""reference_quartile"": ""low"", ""target"": ""XTINV""}",anomalia,Desviacion de Correlacion,anomalia,Contextual,fail,,0.9988617078391772,anomalia,False,False,False,False,0,0,,B_type_mismatch
CD_3f7800dec94f,CD,"{""corr_sign"": -1, ""reference"": ""XHINV"", ""reference_quartile"": ""low"", ""target"": ""XTINV""}",anomalia,Desviacion de Correlacion,anomalia,Contextual,fail,,0.9998538128459388,anomalia,False,False,False,False,0,0,,B_type_mismatch
CD_7300b4e8ca5d,CD,"{""corr_sign"": -1, ""reference"": ""XHINV"", ""reference_quartile"": ""low"", ""target"": ""XTINV""}",anomalia,Desviacion de Correlacion,anomalia,Contextual,fail,,0.9997523151107788,anomalia,False,False,False,False,0,0,,B_type_mismatch
CD_810786dc5305,CD,"{""corr_sign"": -1, ""reference"": ""XHINV"", ""reference_quartile"": ""low"", ""target"": ""XTINV""}",anomalia,Desviacion de Correlacion,anomalia,Ruido,fail,,0.9993016906859494,anomalia,False,False,False,False,0,0,,B_type_mismatch
CD_92442426d57f,CD,"{""corr_sign"": -1, ""reference"": ""XHINV"", ""reference_quartile"": ""low"", ""target"": ""XTINV""}",anomalia,Desviacion de Correlacion,anomalia,Contextual,fail,,0.996647628362286,anomalia,False,False,False,False,0,0,,B_type_mismatch
CD_1fdca33405d5,CD,"{""corr_sign"": -1, ""reference"": ""XHINV"", ""reference_quartile"": ""low"", ""target"": ""XTINV""}",anomalia,Desviacion de Correlacion,anomalia,Ruido,fail,,0.9389002830777912,anomalia,False,False,False,False,0,0,,B_type_mismatch
CD_4959937d34bf,CD,"{""corr_sign"": -1, ""reference"": ""XHINV"", ""reference_quartile"": ""low"", ""target"": ""XTINV""}",anomalia,Desviacion de Correlacion,anomalia,Contextual,fail,,0.9999066554694204,anomalia,False,False,False,False,0,0,,B_type_mismatch
CD_621196d1d617,CD,"{""corr_sign"": -1, ""reference"": ""XHINV"", ""reference_quartile"": ""low"", ""target"": ""XTINV""}",anomalia,Desviacion de Correlacion,anomalia,Contextual,fail,,0.9999087389053506,anomalia,False,False,False,False,0,0,,B_type_mismatch
CD_7d6972c9b663,CD,"{""corr_sign"": -1, ""reference"": ""XHINV"", ""reference_quartile"": ""low"", ""target"": ""XTINV""}",anomalia,Desviacion de Correlacion,anomalia,Contextual,fail,,0.9997245412260796,anomalia,False,False,False,False,0,0,,B_type_mismatch
CD_b2be549830a0,CD,"{""corr_sign"": -1, ""reference"": ""XHINV"", ""reference_quartile"": ""low"", ""target"": ""XTINV""}",anomalia,Desviacion de Correlacion,anomalia,Contextual,fail,,0.9997705501720208,anomalia,False,False,False,False,0,0,,B_type_mismatch
CD_8b19b0d4b5c1,CD,"{""corr_sign"": -1, ""reference"": ""XHINV"", ""reference_quartile"": ""low"", ""target"": ""XTINV""}",anomalia,Desviacion de Correlacion,anomalia,Contextual,fail,,0.9998286074485468,anomalia,False,False,False,False,0,0,,B_type_mismatch
CD_0972f2001017,CD,"{""corr_sign"": -1, ""reference"": ""XHINV"", ""reference_quartile"": ""low"", ""target"": ""XTINV""}",anomalia,Desviacion de Correlacion,anomalia,Contextual,fail,,0.9996725101135986,anomalia,False,False,False,False,0,0,,B_type_mismatch
CD_327c963d5cd6,CD,"{""corr_sign"": -1, ""reference"": ""XHINV"", ""reference_quartile"": ""low"", ""target"": ""XTINV""}",anomalia,Desviacion de Correlacion,anomalia,Contextual,fail,,0.9963239113874062,anomalia,False,False,False,False,0,0,,B_type_mismatch
CD_f1a72e56a162,CD,"{""corr_sign"": -1, ""reference"": ""XHINV"", ""reference_quartile"": ""low"", ""target"": ""XTINV""}",anomalia,Desviacion de Correlacion,anomalia,Contextual,fail,,0.9997523719456504,anomalia,False,False,False,False,0,0,,B_type_mismatch
CD_40aadc9e4d6b,CD,"{""corr_sign"": -1, ""reference"": ""XHINV"", ""reference_quartile"": ""low"", ""target"": ""XTINV""}",anomalia,Desviacion de Correlacion,anomalia,Contextual,fail,,0.999877467427759,anomalia,False,False,False,False,0,0,,B_type_mismatch
CD_959ec7b309da,CD,"{""corr_sign"": -1, ""reference"": ""XHINV"", ""reference_quartile"": ""low"", ""target"": ""XTINV""}",anomalia,Desviacion de Correlacion,anomalia,Ruido,fail,,0.9978058685912068,anomalia,False,False,False,False,0,0,,B_type_mismatch
CD_a0d75231c964,CD,"{""corr_sign"": -1, ""reference"": ""XHINV"", ""reference_quartile"": ""low"", ""target"": ""XTINV""}",anomalia,Desviacion de Correlacion,anomalia,Contextual,fail,,0.999812741591321,anomalia,False,False,False,False,0,0,,B_type_mismatch
CD_b1f1be0333cc,CD,"{""corr_sign"": -1, ""reference"": ""XHINV"", ""reference_quartile"": ""low"", ""target"": ""XTINV""}",anomalia,Desviacion de Correlacion,anomalia,Contextual,fail,,0.9999122852145876,anomalia,False,False,False,False,0,0,,B_type_mismatch
CD_4f85ee29411d,CD,"{""corr_sign"": -1, ""reference"": ""XHINV"", ""reference_quartile"": ""low"", ""target"": ""XTINV""}",anomalia,Desviacion de Correlacion,anomalia,Contextual,fail,,0.9995245784892388,anomalia,False,False,False,False,0,0,,B_type_mismatch
CD_852316b65819,CD,"{""corr_sign"": -1, ""reference"": ""XHINV"", ""reference_quartile"": ""low"", ""target"": ""XTINV""}",anomalia,Desviacion de Correlacion,anomalia,Contextual,fail,,0.9995534980529036,anomalia,False,False,False,False,0,0,,B_type_mismatch
CD_1c9ef734d57d,CD,"{""corr_sign"": -1, ""reference"": ""XHINV"", ""reference_quartile"": ""low"", ""target"": ""XTINV""}",anomalia,Desviacion de Correlacion,anomalia,Contextual,fail,,0.9998499152742336,anomalia,False,False,False,False,0,0,,B_type_mismatch
CD_841111470021,CD,"{""corr_sign"": -1, ""reference"": ""XHINV"", ""reference_quartile"": ""low"", ""target"": ""XTINV""}",anomalia,Desviacion de Correlacion,anomalia,Contextual,fail,,0.999798234835872,anomalia,False,False,False,False,0,0,,B_type_mismatch
CD_215c303a2f5f,CD,"{""corr_sign"": -1, ""reference"": ""XHINV"", ""reference_quartile"": ""low"", ""target"": ""XTINV""}",anomalia,Desviacion de Correlacion,anomalia,Contextual,fail,,0.9996202926905666,anomalia,False,False,False,False,0,0,,B_type_mismatch
CD_27fcfe9e3780,CD,"{""corr_sign"": -1, ""reference"": ""XHINV"", ""reference_quartile"": ""low"", ""target"": ""XTINV""}",anomalia,Desviacion de Correlacion,anomalia,Contextual,fail,,0.9994600187119156,anomalia,False,False,False,False,0,0,,B_type_mismatch
CD_f92265965cba,CD,"{""corr_sign"": -1, ""reference"": ""XHINV"", ""reference_quartile"": ""low"", ""target"": ""XTINV""}",anomalia,Desviacion de Correlacion,anomalia,Contextual,fail,,0.9994613737563064,anomalia,False,False,False,False,0,0,,B_type_mismatch
CD_31417c912d63,CD,"{""corr_sign"": -1, ""reference"": ""XHINV"", ""reference_quartile"": ""low"", ""target"": ""XTINV""}",anomalia,Desviacion de Correlacion,anomalia,Contextual,fail,,0.9999181176479188,anomalia,False,False,False,False,0,0,,B_type_mismatch
CD_087a897675d5,CD,"{""corr_sign"": -1, ""reference"": ""XHINV"", ""reference_quartile"": ""low"", ""target"": ""XTINV""}",anomalia,Desviacion de Correlacion,anomalia,Contextual,fail,,0.99994539110284,anomalia,False,False,False,False,0,0,,B_type_mismatch
CD_25396af3a50c,CD,"{""corr_sign"": -1, ""reference"": ""XHINV"", ""reference_quartile"": ""low"", ""target"": ""XTINV""}",anomalia,Desviacion de Correlacion,anomalia,Contextual,fail,,0.99990575166595,anomalia,False,False,False,False,0,0,,B_type_mismatch
CD_6a06f7a5599c,CD,"{""corr_sign"": -1, ""reference"": ""XHINV"", ""reference_quartile"": ""low"", ""target"": ""XTINV""}",anomalia,Desviacion de Correlacion,anomalia,Contextual,fail,,0.9993794272700082,anomalia,False,False,False,False,0,0,,B_type_mismatch
CD_23d015e6962c,CD,"{""corr_sign"": -1, ""reference"": ""XHINV"", ""reference_quartile"": ""low"", ""target"": ""XTINV""}",anomalia,Desviacion de Correlacion,anomalia,Ruido,fail,,0.9998552778946184,anomalia,False,False,False,False,0,0,,B_type_mismatch
CD_a39184a575fe,CD,"{""corr_sign"": -1, ""reference"": ""XHINV"", ""reference_quartile"": ""low"", ""target"": ""XTINV""}",anomalia,Desviacion de Correlacion,anomalia,Contextual,fail,,0.9998736012465952,anomalia,False,False,False,False,0,0,,B_type_mismatch
CD_c6643c280551,CD,"{""corr_sign"": -1, ""reference"": ""XHINV"", ""reference_quartile"": ""low"", ""target"": ""XTINV""}",anomalia,Desviacion de Correlacion,anomalia,Ruido,fail,,0.9943101540325436,anomalia,False,False,False,False,0,0,,B_type_mismatch
CD_ed2e1a439323,CD,"{""corr_sign"": -1, ""reference"": ""XHINV"", ""reference_quartile"": ""low"", ""target"": ""XTINV""}",anomalia,Desviacion de Correlacion,anomalia,Contextual,fail,,0.9991873808126192,anomalia,False,False,False,False,0,0,,B_type_mismatch
CD_ca10ef635f28,CD,"{""corr_sign"": -1, ""reference"": ""XHINV"", ""reference_quartile"": ""low"", ""target"": ""XTINV""}",anomalia,Desviacion de Correlacion,anomalia,Ruido,fail,,0.967798330702047,anomalia,False,False,False,False,0,0,,B_type_mismatch
CD_990a9c594747,CD,"{""corr_sign"": -1, ""reference"": ""XHINV"", ""reference_quartile"": ""low"", ""target"": ""XTINV""}",anomalia,Desviacion de Correlacion,anomalia,Contextual,fail,,0.9998154441419064,anomalia,False,False,False,False,0,0,,B_type_mismatch
CD_fb606533d05b,CD,"{""corr_sign"": -1, ""reference"": ""XHINV"", ""reference_quartile"": ""low"", ""target"": ""XTINV""}",anomalia,Desviacion de Correlacion,anomalia,Contextual,fail,,0.9992997550301328,anomalia,False,False,False,False,0,0,,B_type_mismatch
CD_b867f742e53b,CD,"{""corr_sign"": -1, ""reference"": ""XHINV"", ""reference_quartile"": ""low"", ""target"": ""XTINV""}",anomalia,Desviacion de Correlacion,anomalia,Contextual,fail,,0.9999222146754188,anomalia,False,False,False,False,0,0,,B_type_mismatch
CD_ccae6df24ba5,CD,"{""corr_sign"": -1, ""reference"": ""XHINV"", ""reference_quartile"": ""low"", ""target"": ""XTINV""}",anomalia,Desviacion de Correlacion,anomalia,Ruido,fail,,0.9998224424929316,anomalia,False,False,False,False,0,0,,B_type_mismatch
CD_61d6e27b737d,CD,"{""corr_sign"": -1, ""reference"": ""XHINV"", ""reference_quartile"": ""low"", ""target"": ""XTINV""}",anomalia,Desviacion de Correlacion,anomalia,Ruido,fail,,0.9996054970670788,anomalia,False,False,False,False,0,0,,B_type_mismatch
CD_2e5380f198f9,CD,"{""corr_sign"": -1, ""reference"": ""XHINV"", ""reference_quartile"": ""low"", ""target"": ""XTINV""}",anomalia,Desviacion de Correlacion,anomalia,Ruido,fail,,0.999705054842147,anomalia,False,False,False,False,0,0,,B_type_mismatch
CD_88bb47ade06d,CD,"{""corr_sign"": -1, ""reference"": ""XHINV"", ""reference_quartile"": ""low"", ""target"": ""XTINV""}",anomalia,Desviacion de Correlacion,anomalia,Contextual,fail,,0.999814786157752,anomalia,False,False,False,False,0,0,,B_type_mismatch
CD_c6755c255ad2,CD,"{""corr_sign"": -1, ""reference"": ""XHINV"", ""reference_quartile"": ""low"", ""target"": ""XTINV""}",anomalia,Desviacion de Correlacion,anomalia,Ruido,fail,,0.9998576183539264,anomalia,False,False,False,False,0,0,,B_type_mismatch
CD_b34f3db27970,CD,"{""corr_sign"": -1, ""reference"": ""XHINV"", ""reference_quartile"": ""low"", ""target"": ""XTINV""}",anomalia,Desviacion de Correlacion,anomalia,Contextual,fail,,0.9995457918792056,anomalia,False,False,False,False,0,0,,B_type_mismatch
CD_8dd851a11720,CD,"{""corr_sign"": -1, ""reference"": ""XHINV"", ""reference_quartile"": ""low"", ""target"": ""XTINV""}",anomalia,Desviacion de Correlacion,anomalia,Contextual,fail,,0.9998844980704764,anomalia,False,False,False,False,0,0,,B_type_mismatch
CD_a37e1c740a6e,CD,"{""corr_sign"": -1, ""reference"": ""XHINV"", ""reference_quartile"": ""low"", ""target"": ""XTINV""}",anomalia,Desviacion de Correlacion,anomalia,Contextual,fail,,0.999878287704544,anomalia,False,False,False,False,0,0,,B_type_mismatch
CD_e0449094da44,CD,"{""corr_sign"": -1, ""reference"": ""XHINV"", ""reference_quartile"": ""low"", ""target"": ""XTINV""}",anomalia,Desviacion de Correlacion,anomalia,Contextual,fail,,0.9996527809371548,anomalia,False,False,False,False,0,0,,B_type_mismatch
CD_269c329224e2,CD,"{""corr_sign"": -1, ""reference"": ""XHINV"", ""reference_quartile"": ""low"", ""target"": ""XTINV""}",anomalia,Desviacion de Correlacion,anomalia,Contextual,fail,,0.9997573552290028,anomalia,False,False,False,False,0,0,,B_type_mismatch
CD_ea6664c0381b,CD,"{""corr_sign"": -1, ""reference"": ""XHINV"", ""reference_quartile"": ""low"", ""target"": ""XTINV""}",anomalia,Desviacion de Correlacion,anomalia,Ruido,fail,,0.998227925193736,anomalia,False,False,False,False,0,0,,B_type_mismatch
CD_eb49685796d3,CD,"{""corr_sign"": -1, ""reference"": ""XHINV"", ""reference_quartile"": ""low"", ""target"": ""XTINV""}",anomalia,Desviacion de Correlacion,anomalia,Contextual,fail,,0.9997781619594798,anomalia,False,False,False,False,0,0,,B_type_mismatch
CD_d6721c516cb6,CD,"{""corr_sign"": -1, ""reference"": ""XHINV"", ""reference_quartile"": ""low"", ""target"": ""XTINV""}",anomalia,Desviacion de Correlacion,anomalia,Contextual,fail,,0.9993872044526584,anomalia,False,False,False,False,0,0,,B_type_mismatch
CD_acd0dc7fadd7,CD,"{""corr_sign"": -1, ""reference"": ""XHINV"", ""reference_quartile"": ""low"", ""target"": ""XTINV""}",anomalia,Desviacion de Correlacion,anomalia,Contextual,fail,,0.999582431097547,anomalia,False,False,False,False,0,0,,B_type_mismatch
CD_94d899cd1c65,CD,"{""corr_sign"": -1, ""reference"": ""XHINV"", ""reference_quartile"": ""low"", ""target"": ""XTINV""}",anomalia,Desviacion de Correlacion,anomalia,Contextual,fail,,0.9998635534289247,anomalia,False,False,False,False,0,0,,B_type_mismatch
CD_fd62aed3bc2f,CD,"{""corr_sign"": -1, ""reference"": ""XHINV"", ""reference_quartile"": ""low"", ""target"": ""XTINV""}",anomalia,Desviacion de Correlacion,anomalia,Contextual,fail,,0.9997440544276102,anomalia,False,False,False,False,0,0,,B_type_mismatch
CD_2c07fa17376a,CD,"{""corr_sign"": -1, ""reference"": ""XHINV"", ""reference_quartile"": ""low"", ""target"": ""XTINV""}",anomalia,Desviacion de Correlacion,anomalia,Ruido,fail,,0.9990845322865016,anomalia,False,False,False,False,0,0,,B_type_mismatch
CD_e5549ca1ad6c,CD,"{""corr_sign"": -1, ""reference"": ""XHINV"", ""reference_quartile"": ""low"", ""target"": ""XTINV""}",anomalia,Desviacion de Correlacion,anomalia,Contextual,fail,,0.9998837266873132,anomalia,False,False,False,False,0,0,,B_type_mismatch
CD_8b6daccba3a1,CD,"{""corr_sign"": -1, ""reference"": ""XHINV"", ""reference_quartile"": ""low"", ""target"": ""XTINV""}",anomalia,Desviacion de Correlacion,anomalia,Ruido,fail,,0.9998706898013388,anomalia,False,False,False,False,0,0,,B_type_mismatch
CD_893a7eac569e,CD,"{""corr_sign"": -1, ""reference"": ""XHINV"", ""reference_quartile"": ""low"", ""target"": ""XTINV""}",anomalia,Desviacion de Correlacion,anomalia,Contextual,fail,,0.9990580616238138,anomalia,False,False,False,False,0,0,,B_type_mismatch
CD_12995cd52869,CD,"{""corr_sign"": -1, ""reference"": ""XHINV"", ""reference_quartile"": ""low"", ""target"": ""XTINV""}",anomalia,Desviacion de Correlacion,anomalia,Contextual,fail,,0.9988868550212566,anomalia,False,False,False,False,0,0,,B_type_mismatch
CD_da59eb18455a,CD,"{""corr_sign"": -1, ""reference"": ""XHINV"", ""reference_quartile"": ""low"", ""target"": ""XTINV""}",anomalia,Desviacion de Correlacion,anomalia,Contextual,fail,,0.999835781382207,anomalia,False,False,False,False,0,0,,B_type_mismatch
CD_90602bc1007e,CD,"{""corr_sign"": -1, ""reference"": ""XHINV"", ""reference_quartile"": ""low"", ""target"": ""XTINV""}",anomalia,Desviacion de Correlacion,anomalia,Ruido,fail,,0.9997218982903756,anomalia,False,False,False,False,0,0,,B_type_mismatch
CD_4954c46f35ee,CD,"{""corr_sign"": -1, ""reference"": ""XHINV"", ""reference_quartile"": ""low"", ""target"": ""XTINV""}",anomalia,Desviacion de Correlacion,anomalia,Contextual,fail,,0.999129505001413,anomalia,False,False,False,False,0,0,,B_type_mismatch
CD_04e63cb125d4,CD,"{""corr_sign"": -1, ""reference"": ""XHINV"", ""reference_quartile"": ""low"", ""target"": ""XTINV""}",anomalia,Desviacion de Correlacion,anomalia,Ruido,fail,,0.9948121559872888,anomalia,False,False,False,False,0,0,,B_type_mismatch
CD_bfec99188085,CD,"{""corr_sign"": -1, ""reference"": ""XHINV"", ""reference_quartile"": ""low"", ""target"": ""XTINV""}",anomalia,Desviacion de Correlacion,anomalia,Contextual,fail,,0.9993825596647604,anomalia,False,False,False,False,0,0,,B_type_mismatch
CD_b07773e9cc69,CD,"{""corr_sign"": -1, ""reference"": ""XHINV"", ""reference_quartile"": ""low"", ""target"": ""XTINV""}",anomalia,Desviacion de Correlacion,anomalia,Contextual,fail,,0.9998998190193922,anomalia,False,False,False,False,0,0,,B_type_mismatch
CD_9d49c86505ce,CD,"{""corr_sign"": -1, ""reference"": ""XHINV"", ""reference_quartile"": ""low"", ""target"": ""XTINV""}",anomalia,Desviacion de Correlacion,anomalia,Contextual,fail,,0.9997317492345734,anomalia,False,False,False,False,0,0,,B_type_mismatch
CD_6ecf02477a6e,CD,"{""corr_sign"": -1, ""reference"": ""XHINV"", ""reference_quartile"": ""low"", ""target"": ""XTINV""}",anomalia,Desviacion de Correlacion,anomalia,Contextual,fail,,0.999853680139369,anomalia,False,False,False,False,0,0,,B_type_mismatch
CD_4fe5c5b98919,CD,"{""corr_sign"": -1, ""reference"": ""XHINV"", ""reference_quartile"": ""low"", ""target"": ""XTINV""}",anomalia,Desviacion de Correlacion,anomalia,Contextual,fail,,0.9998093945121131,anomalia,False,False,False,False,0,0,,B_type_mismatch
CD_8b778590ee6b,CD,"{""corr_sign"": -1, ""reference"": ""XHINV"", ""reference_quartile"": ""low"", ""target"": ""XTINV""}",anomalia,Desviacion de Correlacion,anomalia,Ruido,fail,,0.9998654787214588,anomalia,False,False,False,False,0,0,,B_type_mismatch
CD_9a4d72df81cb,CD,"{""corr_sign"": -1, ""reference"": ""XHINV"", ""reference_quartile"": ""low"", ""target"": ""XTINV""}",anomalia,Desviacion de Correlacion,anomalia,Ruido,fail,,0.9991580451431704,anomalia,False,False,False,False,0,0,,B_type_mismatch
CD_b6a393db60d0,CD,"{""corr_sign"": -1, ""reference"": ""XHINV"", ""reference_quartile"": ""low"", ""target"": ""XTINV""}",anomalia,Desviacion de Correlacion,anomalia,Ruido,fail,,0.9997030881557528,anomalia,False,False,False,False,0,0,,B_type_mismatch
CD_4abfc236ee6e,CD,"{""corr_sign"": -1, ""reference"": ""XHINV"", ""reference_quartile"": ""low"", ""target"": ""XTINV""}",anomalia,Desviacion de Correlacion,anomalia,Ruido,fail,,0.9997895546444142,anomalia,False,False,False,False,0,0,,B_type_mismatch
CD_ed7437b31c34,CD,"{""corr_sign"": -1, ""reference"": ""XHINV"", ""reference_quartile"": ""low"", ""target"": ""XTINV""}",anomalia,Desviacion de Correlacion,anomalia,Contextual,fail,,0.9998355384580588,anomalia,False,False,False,False,0,0,,B_type_mismatch
CD_dbdb903497e3,CD,"{""corr_sign"": -1, ""reference"": ""XHINV"", ""reference_quartile"": ""low"", ""target"": ""XTINV""}",anomalia,Desviacion de Correlacion,anomalia,Contextual,fail,,0.9994631869286434,anomalia,False,False,False,False,0,0,,B_type_mismatch
CD_30cdcdde6af8,CD,"{""corr_sign"": -1, ""reference"": ""XHINV"", ""reference_quartile"": ""low"", ""target"": ""XTINV""}",anomalia,Desviacion de Correlacion,anomalia,Contextual,fail,,0.999672330903368,anomalia,False,False,False,False,0,0,,B_type_mismatch
CD_1561319be6f8,CD,"{""corr_sign"": -1, ""reference"": ""XHINV"", ""reference_quartile"": ""low"", ""target"": ""XTINV""}",anomalia,Desviacion de Correlacion,anomalia,Ruido,fail,,0.999794970346964,anomalia,False,False,False,False,0,0,,B_type_mismatch
CD_638cff9f4d29,CD,"{""corr_sign"": -1, ""reference"": ""XHINV"", ""reference_quartile"": ""low"", ""target"": ""XTINV""}",anomalia,Desviacion de Correlacion,anomalia,Ruido,fail,,0.9997328495394622,anomalia,False,False,False,False,0,0,,B_type_mismatch
CD_90bfd50871bc,CD,"{""corr_sign"": -1, ""reference"": ""XHINV"", ""reference_quartile"": ""low"", ""target"": ""XTINV""}",anomalia,Desviacion de Correlacion,anomalia,Contextual,fail,,0.9999309861464593,anomalia,False,False,False,False,0,0,,B_type_mismatch
CD_68a710bba128,CD,"{""corr_sign"": -1, ""reference"": ""XHINV"", ""reference_quartile"": ""low"", ""target"": ""XTINV""}",anomalia,Desviacion de Correlacion,anomalia,Ruido,fail,,0.9954409291770522,anomalia,False,False,False,False,0,0,,B_type_mismatch
CD_ce701973b5d6,CD,"{""corr_sign"": -1, ""reference"": ""XHINV"", ""reference_quartile"": ""low"", ""target"": ""XTINV""}",anomalia,Desviacion de Correlacion,anomalia,Contextual,fail,,0.9996969109322462,anomalia,False,False,False,False,0,0,,B_type_mismatch
CD_a78746961594,CD,"{""corr_sign"": -1, ""reference"": ""XHINV"", ""reference_quartile"": ""low"", ""target"": ""XTINV""}",anomalia,Desviacion de Correlacion,anomalia,Ruido,fail,,0.9995646977505542,anomalia,False,False,False,False,0,0,,B_type_mismatch
CD_47cc34af6b88,CD,"{""corr_sign"": -1, ""reference"": ""XHINV"", ""reference_quartile"": ""low"", ""target"": ""XTINV""}",anomalia,Desviacion de Correlacion,anomalia,Contextual,fail,,0.9998961468568186,anomalia,False,False,False,False,0,0,,B_type_mismatch
CD_b789ee815af0,CD,"{""corr_sign"": -1, ""reference"": ""XHINV"", ""reference_quartile"": ""low"", ""target"": ""XTINV""}",anomalia,Desviacion de Correlacion,anomalia,Contextual,fail,,0.9996947875236608,anomalia,False,False,False,False,0,0,,B_type_mismatch
CD_a2520279a6ee,CD,"{""corr_sign"": -1, ""reference"": ""XHINV"", ""reference_quartile"": ""high"", ""target"": ""XTINV""}",anomalia,Desviacion de Correlacion,anomalia,Ruido,fail,,0.9995982406393464,anomalia,False,False,False,False,0,1,,B_type_mismatch
CD_32734212407d,CD,"{""corr_sign"": -1, ""reference"": ""XHINV"", ""reference_quartile"": ""high"", ""target"": ""XTINV""}",anomalia,Desviacion de Correlacion,anomalia,Ruido,fail,,0.9903926884579544,anomalia,False,False,False,False,0,0,,B_type_mismatch
CD_5f707bf64059,CD,"{""corr_sign"": -1, ""reference"": ""XHINV"", ""reference_quartile"": ""high"", ""target"": ""XTINV""}",anomalia,Desviacion de Correlacion,anomalia,Ruido,fail,,0.9992997967514338,anomalia,False,False,False,False,0,1,,B_type_mismatch
CD_85d078b10890,CD,"{""corr_sign"": -1, ""reference"": ""XHINV"", ""reference_quartile"": ""high"", ""target"": ""XTINV""}",anomalia,Desviacion de Correlacion,anomalia,Ruido,fail,,0.9995458871626526,anomalia,False,False,False,False,0,0,,B_type_mismatch
CD_0e5ff12605f8,CD,"{""corr_sign"": -1, ""reference"": ""XHINV"", ""reference_quartile"": ""high"", ""target"": ""XTINV""}",anomalia,Desviacion de Correlacion,anomalia,Ruido,fail,,0.9996948973075652,anomalia,False,False,False,False,0,1,,B_type_mismatch
CD_ce21ca9dfeda,CD,"{""corr_sign"": -1, ""reference"": ""XHINV"", ""reference_quartile"": ""high"", ""target"": ""XTINV""}",anomalia,Desviacion de Correlacion,anomalia,Ruido,fail,,0.9994965844746788,anomalia,False,False,False,False,0,0,,B_type_mismatch
CD_9c551839f362,CD,"{""corr_sign"": -1, ""reference"": ""XHINV"", ""reference_quartile"": ""high"", ""target"": ""XTINV""}",anomalia,Desviacion de Correlacion,anomalia,Ruido,fail,,0.9970715557943408,anomalia,False,False,False,False,0,1,,B_type_mismatch
CD_af6d0e44a7e2,CD,"{""corr_sign"": -1, ""reference"": ""XHINV"", ""reference_quartile"": ""high"", ""target"": ""XTINV""}",anomalia,Desviacion de Correlacion,anomalia,Ruido,fail,,0.9933560997027776,anomalia,False,False,False,False,0,1,,B_type_mismatch
CD_c7976626c1ec,CD,"{""corr_sign"": -1, ""reference"": ""XHINV"", ""reference_quartile"": ""high"", ""target"": ""XTINV""}",anomalia,Desviacion de Correlacion,anomalia,Ruido,fail,,0.9997352834738223,anomalia,False,False,False,False,0,1,,B_type_mismatch
CD_115bc73c43a0,CD,"{""corr_sign"": -1, ""reference"": ""XHINV"", ""reference_quartile"": ""high"", ""target"": ""XTINV""}",anomalia,Desviacion de Correlacion,anomalia,Ruido,fail,,0.999577770217962,anomalia,False,False,False,False,0,0,,B_type_mismatch
CD_b8abf6f3796e,CD,"{""corr_sign"": -1, ""reference"": ""XHINV"", ""reference_quartile"": ""high"", ""target"": ""XTINV""}",anomalia,Desviacion de Correlacion,anomalia,Ruido,fail,,0.998920108882369,anomalia,False,False,False,False,0,1,,B_type_mismatch
CD_c0409bea7925,CD,"{""corr_sign"": -1, ""reference"": ""XHINV"", ""reference_quartile"": ""high"", ""target"": ""XTINV""}",anomalia,Desviacion de Correlacion,anomalia,Ruido,fail,,0.9995322373007894,anomalia,False,False,False,False,0,1,,B_type_mismatch
CD_b981f9be27d2,CD,"{""corr_sign"": -1, ""reference"": ""XHINV"", ""reference_quartile"": ""high"", ""target"": ""XTINV""}",anomalia,Desviacion de Correlacion,anomalia,Ruido,fail,,0.9947016235524544,anomalia,False,False,False,False,0,0,,B_type_mismatch
CD_c61b8ec52343,CD,"{""corr_sign"": -1, ""reference"": ""XHINV"", ""reference_quartile"": ""high"", ""target"": ""XTINV""}",anomalia,Desviacion de Correlacion,anomalia,Ruido,fail,,0.99978698993447,anomalia,False,False,False,False,0,1,,B_type_mismatch
CD_b804b6118c0d,CD,"{""corr_sign"": -1, ""reference"": ""XHINV"", ""reference_quartile"": ""high"", ""target"": ""XTINV""}",anomalia,Desviacion de Correlacion,anomalia,Ruido,fail,,0.9992672411354142,anomalia,False,False,False,False,0,1,,B_type_mismatch
CD_debb035ffb06,CD,"{""corr_sign"": -1, ""reference"": ""XHINV"", ""reference_quartile"": ""high"", ""target"": ""XTINV""}",anomalia,Desviacion de Correlacion,anomalia,Ruido,fail,,0.9996162903875988,anomalia,False,False,False,False,0,1,,B_type_mismatch
CD_7b8fface9958,CD,"{""corr_sign"": -1, ""reference"": ""XHINV"", ""reference_quartile"": ""high"", ""target"": ""XTINV""}",anomalia,Desviacion de Correlacion,anomalia,Ruido,fail,,0.997532149598402,anomalia,False,False,False,False,0,1,,B_type_mismatch
CD_f3453c69f738,CD,"{""corr_sign"": -1, ""reference"": ""XHINV"", ""reference_quartile"": ""high"", ""target"": ""XTINV""}",anomalia,Desviacion de Correlacion,anomalia,Ruido,fail,,0.9843800846079472,anomalia,False,False,False,False,0,1,,B_type_mismatch
CD_a20f61fc76f6,CD,"{""corr_sign"": -1, ""reference"": ""XHINV"", ""reference_quartile"": ""high"", ""target"": ""XTINV""}",anomalia,Desviacion de Correlacion,anomalia,Ruido,fail,,0.9914164424920464,anomalia,False,False,False,False,0,0,,B_type_mismatch
CD_e14646d21a0f,CD,"{""corr_sign"": -1, ""reference"": ""XHINV"", ""reference_quartile"": ""high"", ""target"": ""XTINV""}",anomalia,Desviacion de Correlacion,anomalia,Ruido,fail,,0.999362772948053,anomalia,False,False,False,False,0,1,,B_type_mismatch
CD_ad4b19c803c5,CD,"{""corr_sign"": -1, ""reference"": ""XHINV"", ""reference_quartile"": ""high"", ""target"": ""XTINV""}",anomalia,Desviacion de Correlacion,anomalia,Ruido,fail,,0.9992958350948924,anomalia,False,False,False,False,0,0,,B_type_mismatch
CD_06d404586a0a,CD,"{""corr_sign"": -1, ""reference"": ""XHINV"", ""reference_quartile"": ""high"", ""target"": ""XTINV""}",anomalia,Desviacion de Correlacion,anomalia,Ruido,fail,,0.9993940598398086,anomalia,False,False,False,False,0,1,,B_type_mismatch
CD_d14d72beaa65,CD,"{""corr_sign"": -1, ""reference"": ""XHINV"", ""reference_quartile"": ""high"", ""target"": ""XTINV""}",anomalia,Desviacion de Correlacion,anomalia,Ruido,fail,,0.9895921852811193,anomalia,False,False,False,False,0,0,,B_type_mismatch
CD_6a383430682e,CD,"{""corr_sign"": -1, ""reference"": ""XHINV"", ""reference_quartile"": ""high"", ""target"": ""XTINV""}",anomalia,Desviacion de Correlacion,anomalia,Ruido,fail,,0.9997228294233887,anomalia,False,False,False,False,0,1,,B_type_mismatch
CD_c43e368380a3,CD,"{""corr_sign"": -1, ""reference"": ""XHINV"", ""reference_quartile"": ""high"", ""target"": ""XTINV""}",anomalia,Desviacion de Correlacion,anomalia,Ruido,fail,,0.999694281957238,anomalia,False,False,False,False,0,0,,B_type_mismatch
CD_374e5d13609b,CD,"{""corr_sign"": -1, ""reference"": ""XHINV"", ""reference_quartile"": ""high"", ""target"": ""XTINV""}",anomalia,Desviacion de Correlacion,anomalia,Ruido,fail,,0.9992047064864944,anomalia,False,False,False,False,0,1,,B_type_mismatch
CD_313cd2f4d85f,CD,"{""corr_sign"": -1, ""reference"": ""XHINV"", ""reference_quartile"": ""high"", ""target"": ""XTINV""}",anomalia,Desviacion de Correlacion,anomalia,Ruido,fail,,0.9981795295777074,anomalia,False,False,False,False,0,1,,B_type_mismatch
CD_eed04359318e,CD,"{""corr_sign"": -1, ""reference"": ""XHINV"", ""reference_quartile"": ""high"", ""target"": ""XTINV""}",anomalia,Desviacion de Correlacion,anomalia,Ruido,fail,,0.998889004152954,anomalia,False,False,False,False,0,1,,B_type_mismatch
CD_413fd88d22e8,CD,"{""corr_sign"": -1, ""reference"": ""XHINV"", ""reference_quartile"": ""high"", ""target"": ""XTINV""}",anomalia,Desviacion de Correlacion,anomalia,Ruido,fail,,0.999478123931596,anomalia,False,False,False,False,0,0,,B_type_mismatch
CD_f0be1180a018,CD,"{""corr_sign"": -1, ""reference"": ""XHINV"", ""reference_quartile"": ""high"", ""target"": ""XTINV""}",anomalia,Desviacion de Correlacion,anomalia,Ruido,fail,,0.999747936702579,anomalia,False,False,False,False,0,1,,B_type_mismatch
CD_88976d13a659,CD,"{""corr_sign"": -1, ""reference"": ""XHINV"", ""reference_quartile"": ""high"", ""target"": ""XTINV""}",anomalia,Desviacion de Correlacion,anomalia,Ruido,fail,,0.9987740785856718,anomalia,False,False,False,False,0,1,,B_type_mismatch
CD_b6b12ddb9adc,CD,"{""corr_sign"": -1, ""reference"": ""XHINV"", ""reference_quartile"": ""high"", ""target"": ""XTINV""}",anomalia,Desviacion de Correlacion,anomalia,Ruido,fail,,0.9992275853621722,anomalia,False,False,False,False,0,1,,B_type_mismatch
CD_dabc85f205e5,CD,"{""corr_sign"": -1, ""reference"": ""XHINV"", ""reference_quartile"": ""high"", ""target"": ""XTINV""}",anomalia,Desviacion de Correlacion,anomalia,Ruido,fail,,0.991780295427678,anomalia,False,False,False,False,0,0,,B_type_mismatch
CD_d6b5a0772351,CD,"{""corr_sign"": -1, ""reference"": ""XHINV"", ""reference_quartile"": ""high"", ""target"": ""XTINV""}",anomalia,Desviacion de Correlacion,anomalia,Ruido,fail,,0.997055408428948,anomalia,False,False,False,False,0,0,,B_type_mismatch
CD_7c2900756bbe,CD,"{""corr_sign"": -1, ""reference"": ""XHINV"", ""reference_quartile"": ""high"", ""target"": ""XTINV""}",anomalia,Desviacion de Correlacion,anomalia,Ruido,fail,,0.9990907315720003,anomalia,False,False,False,False,0,1,,B_type_mismatch
CD_e0308d68b3c3,CD,"{""corr_sign"": -1, ""reference"": ""XHINV"", ""reference_quartile"": ""high"", ""target"": ""XTINV""}",anomalia,Desviacion de Correlacion,anomalia,Ruido,fail,,0.9986114088811135,anomalia,False,False,False,False,0,1,,B_type_mismatch
CD_8bb9ccfa5bbb,CD,"{""corr_sign"": -1, ""reference"": ""XHINV"", ""reference_quartile"": ""high"", ""target"": ""XTINV""}",anomalia,Desviacion de Correlacion,anomalia,Ruido,fail,,0.9988521754709572,anomalia,False,False,False,False,0,1,,B_type_mismatch
CD_adc85bd9e181,CD,"{""corr_sign"": -1, ""reference"": ""XHINV"", ""reference_quartile"": ""high"", ""target"": ""XTINV""}",anomalia,Desviacion de Correlacion,anomalia,Ruido,fail,,0.9997657012225348,anomalia,False,False,False,False,0,1,,B_type_mismatch
CD_316170748ec2,CD,"{""corr_sign"": -1, ""reference"": ""XHINV"", ""reference_quartile"": ""high"", ""target"": ""XTINV""}",anomalia,Desviacion de Correlacion,anomalia,Ruido,fail,,0.99889894117725,anomalia,False,False,False,False,0,1,,B_type_mismatch
CD_6145c5d17497,CD,"{""corr_sign"": -1, ""reference"": ""XHINV"", ""reference_quartile"": ""high"", ""target"": ""XTINV""}",anomalia,Desviacion de Correlacion,anomalia,Ruido,fail,,0.999035483480922,anomalia,False,False,False,False,0,1,,B_type_mismatch
CD_df7db0935bbc,CD,"{""corr_sign"": -1, ""reference"": ""XHINV"", ""reference_quartile"": ""high"", ""target"": ""XTINV""}",anomalia,Desviacion de Correlacion,anomalia,Ruido,fail,,0.9961457912792184,anomalia,False,False,False,False,0,1,,B_type_mismatch
CD_552f6b6f2ba4,CD,"{""corr_sign"": -1, ""reference"": ""XHINV"", ""reference_quartile"": ""high"", ""target"": ""XTINV""}",anomalia,Desviacion de Correlacion,anomalia,Ruido,fail,,0.999671783405815,anomalia,False,False,False,False,0,0,,B_type_mismatch
CD_d8f31b6eea05,CD,"{""corr_sign"": -1, ""reference"": ""XHINV"", ""reference_quartile"": ""high"", ""target"": ""XTINV""}",anomalia,Desviacion de Correlacion,anomalia,Ruido,fail,,0.9950700552784716,anomalia,False,False,False,False,0,1,,B_type_mismatch
CD_faaa5e3444f7,CD,"{""corr_sign"": -1, ""reference"": ""XHINV"", ""reference_quartile"": ""high"", ""target"": ""XTINV""}",anomalia,Desviacion de Correlacion,anomalia,Ruido,fail,,0.9984374552055506,anomalia,False,False,False,False,0,1,,B_type_mismatch
CD_c8346b9931b2,CD,"{""corr_sign"": -1, ""reference"": ""XHINV"", ""reference_quartile"": ""high"", ""target"": ""XTINV""}",anomalia,Desviacion de Correlacion,anomalia,Ruido,fail,,0.9984077475850228,anomalia,False,False,False,False,0,1,,B_type_mismatch
CD_a22d137e1ca2,CD,"{""corr_sign"": -1, ""reference"": ""XHINV"", ""reference_quartile"": ""high"", ""target"": ""XTINV""}",anomalia,Desviacion de Correlacion,anomalia,Ruido,fail,,0.9988549489268796,anomalia,False,False,False,False,0,1,,B_type_mismatch
CD_5cfdd44c674f,CD,"{""corr_sign"": -1, ""reference"": ""XHINV"", ""reference_quartile"": ""high"", ""target"": ""XTINV""}",anomalia,Desviacion de Correlacion,anomalia,Ruido,fail,,0.9996531204399928,anomalia,False,False,False,False,0,1,,B_type_mismatch
CD_3a6b992509f8,CD,"{""corr_sign"": -1, ""reference"": ""XHINV"", ""reference_quartile"": ""high"", ""target"": ""XTINV""}",anomalia,Desviacion de Correlacion,anomalia,Ruido,fail,,0.9989886889706712,anomalia,False,False,False,False,0,1,,B_type_mismatch
CD_310d69ce6ecc,CD,"{""corr_sign"": -1, ""reference"": ""XHINV"", ""reference_quartile"": ""high"", ""target"": ""XTINV""}",anomalia,Desviacion de Correlacion,anomalia,Ruido,fail,,0.9995267231464552,anomalia,False,False,False,False,0,1,,B_type_mismatch
CD_79756fa060b2,CD,"{""corr_sign"": -1, ""reference"": ""XHINV"", ""reference_quartile"": ""high"", ""target"": ""XTINV""}",anomalia,Desviacion de Correlacion,anomalia,Ruido,fail,,0.9992101211833,anomalia,False,False,False,False,0,1,,B_type_mismatch
CD_211730fe432c,CD,"{""corr_sign"": -1, ""reference"": ""XHINV"", ""reference_quartile"": ""high"", ""target"": ""XTINV""}",anomalia,Desviacion de Correlacion,anomalia,Ruido,fail,,0.9938336905515586,anomalia,False,False,False,False,0,1,,B_type_mismatch
CD_3637b33f26cd,CD,"{""corr_sign"": -1, ""reference"": ""XHINV"", ""reference_quartile"": ""high"", ""target"": ""XTINV""}",anomalia,Desviacion de Correlacion,anomalia,Ruido,fail,,0.9991439963808364,anomalia,False,False,False,False,0,1,,B_type_mismatch
CD_ba2727c497dc,CD,"{""corr_sign"": -1, ""reference"": ""XHINV"", ""reference_quartile"": ""high"", ""target"": ""XTINV""}",anomalia,Desviacion de Correlacion,anomalia,Ruido,fail,,0.9769048322607318,anomalia,False,False,False,False,0,0,,B_type_mismatch
CD_59622622f660,CD,"{""corr_sign"": -1, ""reference"": ""XHINV"", ""reference_quartile"": ""high"", ""target"": ""XTINV""}",anomalia,Desviacion de Correlacion,anomalia,Ruido,fail,,0.9889460039516552,anomalia,False,False,False,False,0,0,,B_type_mismatch
CD_35e21fec254c,CD,"{""corr_sign"": -1, ""reference"": ""XHINV"", ""reference_quartile"": ""high"", ""target"": ""XTINV""}",anomalia,Desviacion de Correlacion,anomalia,Ruido,fail,,0.9989731571240824,anomalia,False,False,False,False,0,1,,B_type_mismatch
CD_236c5236d6de,CD,"{""corr_sign"": -1, ""reference"": ""XHINV"", ""reference_quartile"": ""high"", ""target"": ""XTINV""}",anomalia,Desviacion de Correlacion,anomalia,Ruido,fail,,0.9965302292690068,anomalia,False,False,False,False,0,1,,B_type_mismatch
CD_258dc9270159,CD,"{""corr_sign"": -1, ""reference"": ""XHINV"", ""reference_quartile"": ""high"", ""target"": ""XTINV""}",anomalia,Desviacion de Correlacion,anomalia,Ruido,fail,,0.9994073531968128,anomalia,False,False,False,False,0,1,,B_type_mismatch
CD_cc46b37fe71f,CD,"{""corr_sign"": -1, ""reference"": ""XHINV"", ""reference_quartile"": ""high"", ""target"": ""XTINV""}",anomalia,Desviacion de Correlacion,anomalia,Ruido,fail,,0.9996716020611304,anomalia,False,False,False,False,0,1,,B_type_mismatch
CD_4c465fd3c0d7,CD,"{""corr_sign"": -1, ""reference"": ""XHINV"", ""reference_quartile"": ""high"", ""target"": ""XTINV""}",anomalia,Desviacion de Correlacion,anomalia,Ruido,fail,,0.9998058451415736,anomalia,False,False,False,False,0,0,,B_type_mismatch
CD_09f7e1ffd680,CD,"{""corr_sign"": -1, ""reference"": ""XHINV"", ""reference_quartile"": ""high"", ""target"": ""XTINV""}",anomalia,Desviacion de Correlacion,anomalia,Ruido,fail,,0.9966156955395936,anomalia,False,False,False,False,0,0,,B_type_mismatch
CD_76051c34c44d,CD,"{""corr_sign"": -1, ""reference"": ""XHINV"", ""reference_quartile"": ""high"", ""target"": ""XTINV""}",anomalia,Desviacion de Correlacion,anomalia,Ruido,fail,,0.9994829015679484,anomalia,False,False,False,False,0,0,,B_type_mismatch
CD_094e56c85c60,CD,"{""corr_sign"": -1, ""reference"": ""XHINV"", ""reference_quartile"": ""high"", ""target"": ""XTINV""}",anomalia,Desviacion de Correlacion,anomalia,Ruido,fail,,0.9927668112464644,anomalia,False,False,False,False,0,0,,B_type_mismatch
CD_d1cd9005d0f7,CD,"{""corr_sign"": -1, ""reference"": ""XHINV"", ""reference_quartile"": ""high"", ""target"": ""XTINV""}",anomalia,Desviacion de Correlacion,anomalia,Ruido,fail,,0.9995927690310088,anomalia,False,False,False,False,0,1,,B_type_mismatch
CD_a9a680a0be8a,CD,"{""corr_sign"": -1, ""reference"": ""XHINV"", ""reference_quartile"": ""high"", ""target"": ""XTINV""}",anomalia,Desviacion de Correlacion,anomalia,Ruido,fail,,0.9995435045218106,anomalia,False,False,False,False,0,1,,B_type_mismatch
CD_9f2051e05221,CD,"{""corr_sign"": -1, ""reference"": ""XHINV"", ""reference_quartile"": ""high"", ""target"": ""XTINV""}",anomalia,Desviacion de Correlacion,anomalia,Ruido,fail,,0.9994581237786858,anomalia,False,False,False,False,0,0,,B_type_mismatch
CD_50f14e2292e4,CD,"{""corr_sign"": -1, ""reference"": ""XHINV"", ""reference_quartile"": ""high"", ""target"": ""XTINV""}",anomalia,Desviacion de Correlacion,anomalia,Ruido,fail,,0.9976339626576304,anomalia,False,False,False,False,0,0,,B_type_mismatch
CD_40d8eceb57b1,CD,"{""corr_sign"": -1, ""reference"": ""XHINV"", ""reference_quartile"": ""high"", ""target"": ""XTINV""}",anomalia,Desviacion de Correlacion,anomalia,Ruido,fail,,0.9997346423325464,anomalia,False,False,False,False,0,1,,B_type_mismatch
CD_6dc35e55c017,CD,"{""corr_sign"": -1, ""reference"": ""XHINV"", ""reference_quartile"": ""high"", ""target"": ""XTINV""}",anomalia,Desviacion de Correlacion,anomalia,Ruido,fail,,0.9989901005517506,anomalia,False,False,False,False,0,0,,B_type_mismatch
CD_dfef0e0cbaf9,CD,"{""corr_sign"": -1, ""reference"": ""XHINV"", ""reference_quartile"": ""high"", ""target"": ""XTINV""}",anomalia,Desviacion de Correlacion,anomalia,Ruido,fail,,0.9989557965574472,anomalia,False,False,False,False,0,1,,B_type_mismatch
CD_e54b828d03e6,CD,"{""corr_sign"": -1, ""reference"": ""XHINV"", ""reference_quartile"": ""high"", ""target"": ""XTINV""}",anomalia,Desviacion de Correlacion,anomalia,Ruido,fail,,0.9990639201489004,anomalia,False,False,False,False,0,0,,B_type_mismatch
CD_fba74d8c96ff,CD,"{""corr_sign"": -1, ""reference"": ""XHINV"", ""reference_quartile"": ""high"", ""target"": ""XTINV""}",anomalia,Desviacion de Correlacion,anomalia,Ruido,fail,,0.99974664583568,anomalia,False,False,False,False,0,1,,B_type_mismatch
CD_6e4d512cdf79,CD,"{""corr_sign"": -1, ""reference"": ""XHINV"", ""reference_quartile"": ""high"", ""target"": ""XTINV""}",anomalia,Desviacion de Correlacion,anomalia,Ruido,fail,,0.9982194973870084,anomalia,False,False,False,False,0,0,,B_type_mismatch
CD_ede526762175,CD,"{""corr_sign"": -1, ""reference"": ""XHINV"", ""reference_quartile"": ""high"", ""target"": ""XTINV""}",anomalia,Desviacion de Correlacion,anomalia,Ruido,fail,,0.9993675785218324,anomalia,False,False,False,False,0,0,,B_type_mismatch
CD_7cd7aecc994b,CD,"{""corr_sign"": -1, ""reference"": ""XHINV"", ""reference_quartile"": ""high"", ""target"": ""XTINV""}",anomalia,Desviacion de Correlacion,anomalia,Ruido,fail,,0.9996444850282802,anomalia,False,False,False,False,0,1,,B_type_mismatch
CD_c45943e4869f,CD,"{""corr_sign"": -1, ""reference"": ""XHINV"", ""reference_quartile"": ""high"", ""target"": ""XTINV""}",anomalia,Desviacion de Correlacion,anomalia,Ruido,fail,,0.9949200430593542,anomalia,False,False,False,False,0,0,,B_type_mismatch
CD_292c44fdfce0,CD,"{""corr_sign"": -1, ""reference"": ""XHINV"", ""reference_quartile"": ""high"", ""target"": ""XTINV""}",anomalia,Desviacion de Correlacion,anomalia,Ruido,fail,,0.9996919852678612,anomalia,False,False,False,False,0,0,,B_type_mismatch
CD_a958b0bed1fb,CD,"{""corr_sign"": -1, ""reference"": ""XHINV"", ""reference_quartile"": ""high"", ""target"": ""XTINV""}",anomalia,Desviacion de Correlacion,anomalia,Ruido,fail,,0.999686273753858,anomalia,False,False,False,False,0,1,,B_type_mismatch
CD_e9e2eefeb55b,CD,"{""corr_sign"": -1, ""reference"": ""XHINV"", ""reference_quartile"": ""high"", ""target"": ""XTINV""}",anomalia,Desviacion de Correlacion,anomalia,Ruido,fail,,0.997313832588659,anomalia,False,False,False,False,0,1,,B_type_mismatch
CD_ea6fce6e87f1,CD,"{""corr_sign"": -1, ""reference"": ""XHINV"", ""reference_quartile"": ""high"", ""target"": ""XTINV""}",anomalia,Desviacion de Correlacion,anomalia,Ruido,fail,,0.9987411226664192,anomalia,False,False,False,False,0,1,,B_type_mismatch
CD_d0a36fca3f68,CD,"{""corr_sign"": -1, ""reference"": ""XHINV"", ""reference_quartile"": ""high"", ""target"": ""XTINV""}",anomalia,Desviacion de Correlacion,anomalia,Ruido,fail,,0.998781552080945,anomalia,False,False,False,False,0,1,,B_type_mismatch
CD_870388640b9f,CD,"{""corr_sign"": -1, ""reference"": ""XHINV"", ""reference_quartile"": ""high"", ""target"": ""XTINV""}",anomalia,Desviacion de Correlacion,anomalia,Ruido,fail,,0.9986190219101287,anomalia,False,False,False,False,0,1,,B_type_mismatch
CD_ea7e4080fd31,CD,"{""corr_sign"": -1, ""reference"": ""XHINV"", ""reference_quartile"": ""high"", ""target"": ""XTINV""}",anomalia,Desviacion de Correlacion,anomalia,Ruido,fail,,0.999579668505372,anomalia,False,False,False,False,0,1,,B_type_mismatch
CD_798c48c7c664,CD,"{""corr_sign"": -1, ""reference"": ""XHINV"", ""reference_quartile"": ""high"", ""target"": ""XTINV""}",anomalia,Desviacion de Correlacion,anomalia,Ruido,fail,,0.99793261492665,anomalia,False,False,False,False,0,0,,B_type_mismatch
CD_25bd41437f4c,CD,"{""corr_sign"": -1, ""reference"": ""XHINV"", ""reference_quartile"": ""high"", ""target"": ""XTINV""}",anomalia,Desviacion de Correlacion,anomalia,Ruido,fail,,0.9902512076611004,anomalia,False,False,False,False,0,0,,B_type_mismatch
CD_811c318205d3,CD,"{""corr_sign"": -1, ""reference"": ""XHINV"", ""reference_quartile"": ""high"", ""target"": ""XTINV""}",anomalia,Desviacion de Correlacion,anomalia,Ruido,fail,,0.9995017318794596,anomalia,False,False,False,False,0,1,,B_type_mismatch
CD_de2d3ba7e4d8,CD,"{""corr_sign"": -1, ""reference"": ""XHINV"", ""reference_quartile"": ""high"", ""target"": ""XTINV""}",anomalia,Desviacion de Correlacion,anomalia,Ruido,fail,,0.9968016367112034,anomalia,False,False,False,False,0,0,,B_type_mismatch
CD_6a0bdf777d01,CD,"{""corr_sign"": -1, ""reference"": ""XHINV"", ""reference_quartile"": ""high"", ""target"": ""XTINV""}",anomalia,Desviacion de Correlacion,anomalia,Ruido,fail,,0.9962739474186784,anomalia,False,False,False,False,0,0,,B_type_mismatch
CD_e1ef687c8b10,CD,"{""corr_sign"": -1, ""reference"": ""XHINV"", ""reference_quartile"": ""high"", ""target"": ""XTINV""}",anomalia,Desviacion de Correlacion,anomalia,Ruido,fail,,0.9994009364568612,anomalia,False,False,False,False,0,1,,B_type_mismatch
CD_06e81023d752,CD,"{""corr_sign"": -1, ""reference"": ""XHINV"", ""reference_quartile"": ""high"", ""target"": ""XTINV""}",anomalia,Desviacion de Correlacion,anomalia,Ruido,fail,,0.999758838195186,anomalia,False,False,False,False,0,1,,B_type_mismatch
CD_151d9df23ee0,CD,"{""corr_sign"": -1, ""reference"": ""XHINV"", ""reference_quartile"": ""high"", ""target"": ""XTINV""}",anomalia,Desviacion de Correlacion,anomalia,Ruido,fail,,0.9982101873918576,anomalia,False,False,False,False,0,0,,B_type_mismatch
CD_f5d9f9d901f1,CD,"{""corr_sign"": -1, ""reference"": ""XHINV"", ""reference_quartile"": ""high"", ""target"": ""XTINV""}",anomalia,Desviacion de Correlacion,anomalia,Ruido,fail,,0.9995579873607204,anomalia,False,False,False,False,0,0,,B_type_mismatch
CD_5a3609241d09,CD,"{""corr_sign"": -1, ""reference"": ""XHINV"", ""reference_quartile"": ""high"", ""target"": ""XTINV""}",anomalia,Desviacion de Correlacion,anomalia,Ruido,fail,,0.9994999972324592,anomalia,False,False,False,False,0,0,,B_type_mismatch
CD_7ad9eb847e1f,CD,"{""corr_sign"": -1, ""reference"": ""XHINV"", ""reference_quartile"": ""high"", ""target"": ""XTINV""}",anomalia,Desviacion de Correlacion,anomalia,Ruido,fail,,0.9994381621901044,anomalia,False,False,False,False,0,1,,B_type_mismatch
CD_74c59fbb94a6,CD,"{""corr_sign"": -1, ""reference"": ""XHINV"", ""reference_quartile"": ""high"", ""target"": ""XTINV""}",anomalia,Desviacion de Correlacion,anomalia,Ruido,fail,,0.9996552413616572,anomalia,False,False,False,False,0,0,,B_type_mismatch
CD_e2006827b254,CD,"{""corr_sign"": -1, ""reference"": ""XHINV"", ""reference_quartile"": ""high"", ""target"": ""XTINV""}",anomalia,Desviacion de Correlacion,anomalia,Ruido,fail,,0.99924224385256,anomalia,False,False,False,False,0,1,,B_type_mismatch
CD_46abaf1f312c,CD,"{""corr_sign"": -1, ""reference"": ""XHINV"", ""reference_quartile"": ""high"", ""target"": ""XTINV""}",anomalia,Desviacion de Correlacion,anomalia,Ruido,fail,,0.9996021875509202,anomalia,False,False,False,False,0,1,,B_type_mismatch
CD_322484de2c7e,CD,"{""corr_sign"": -1, ""reference"": ""XHINV"", ""reference_quartile"": ""high"", ""target"": ""XTINV""}",anomalia,Desviacion de Correlacion,anomalia,Ruido,fail,,0.9992808468893474,anomalia,False,False,False,False,0,0,,B_type_mismatch
CD_27b63bcb612f,CD,"{""corr_sign"": -1, ""reference"": ""XHINV"", ""reference_quartile"": ""high"", ""target"": ""XTINV""}",anomalia,Desviacion de Correlacion,anomalia,Ruido,fail,,0.999410149054127,anomalia,False,False,False,False,0,1,,B_type_mismatch
CD_fd66812fe3c4,CD,"{""corr_sign"": -1, ""reference"": ""XHINV"", ""reference_quartile"": ""high"", ""target"": ""XTINV""}",anomalia,Desviacion de Correlacion,anomalia,Ruido,fail,,0.9988121364929426,anomalia,False,False,False,False,0,0,,B_type_mismatch
CD_53dcbf189e65,CD,"{""corr_sign"": -1, ""reference"": ""XHINV"", ""reference_quartile"": ""high"", ""target"": ""XTINV""}",anomalia,Desviacion de Correlacion,anomalia,Ruido,fail,,0.994751826214378,anomalia,False,False,False,False,0,1,,B_type_mismatch
CD_4edc14e0c626,CD,"{""corr_sign"": -1, ""reference"": ""XHINV"", ""reference_quartile"": ""high"", ""target"": ""XTINV""}",anomalia,Desviacion de Correlacion,anomalia,Ruido,fail,,0.99950567100975,anomalia,False,False,False,False,0,0,,B_type_mismatch
CD_0ebaa476574c,CD,"{""corr_sign"": -1, ""reference"": ""XHINV"", ""reference_quartile"": ""high"", ""target"": ""XTINV""}",anomalia,Desviacion de Correlacion,anomalia,Ruido,fail,,0.9996406105353912,anomalia,False,False,False,False,0,0,,B_type_mismatch
CD_745655651135,CD,"{""corr_sign"": -1, ""reference"": ""XHINV"", ""reference_quartile"": ""high"", ""target"": ""XTINV""}",anomalia,Desviacion de Correlacion,anomalia,Ruido,fail,,0.999259578216388,anomalia,False,False,False,False,0,1,,B_type_mismatch
CD_d19bafff8cf5,CD,"{""corr_sign"": -1, ""reference"": ""XHINV"", ""reference_quartile"": ""high"", ""target"": ""XTINV""}",anomalia,Desviacion de Correlacion,anomalia,Ruido,fail,,0.9995991946699126,anomalia,False,False,False,False,0,1,,B_type_mismatch
CD_f85c1c43989f,CD,"{""corr_sign"": -1, ""reference"": ""XHINV"", ""reference_quartile"": ""high"", ""target"": ""XTINV""}",anomalia,Desviacion de Correlacion,anomalia,Ruido,fail,,0.9909678349641696,anomalia,False,False,False,False,0,0,,B_type_mismatch
CD_5d71b714b190,CD,"{""corr_sign"": -1, ""reference"": ""XHINV"", ""reference_quartile"": ""high"", ""target"": ""XTINV""}",anomalia,Desviacion de Correlacion,anomalia,Ruido,fail,,0.9996745384674998,anomalia,False,False,False,False,0,1,,B_type_mismatch
CD_71b305e5ce26,CD,"{""corr_sign"": -1, ""reference"": ""XHINV"", ""reference_quartile"": ""high"", ""target"": ""XTINV""}",anomalia,Desviacion de Correlacion,anomalia,Ruido,fail,,0.99949670439402,anomalia,False,False,False,False,0,1,,B_type_mismatch
CD_4cc993e8c7c6,CD,"{""corr_sign"": -1, ""reference"": ""XHINV"", ""reference_quartile"": ""high"", ""target"": ""XTINV""}",anomalia,Desviacion de Correlacion,anomalia,Ruido,fail,,0.9993849535270508,anomalia,False,False,False,False,0,1,,B_type_mismatch
CD_7394a109fa1b,CD,"{""corr_sign"": -1, ""reference"": ""XHINV"", ""reference_quartile"": ""high"", ""target"": ""XTINV""}",anomalia,Desviacion de Correlacion,anomalia,Ruido,fail,,0.9985917951832676,anomalia,False,False,False,False,0,0,,B_type_mismatch
CD_4f76a0b5057d,CD,"{""corr_sign"": -1, ""reference"": ""XHINV"", ""reference_quartile"": ""high"", ""target"": ""XTINV""}",anomalia,Desviacion de Correlacion,anomalia,Ruido,fail,,0.9997620129438488,anomalia,False,False,False,False,0,1,,B_type_mismatch
CD_6f3dcf38f04b,CD,"{""corr_sign"": -1, ""reference"": ""XHINV"", ""reference_quartile"": ""high"", ""target"": ""XTINV""}",anomalia,Desviacion de Correlacion,anomalia,Ruido,fail,,0.97741070627835,anomalia,False,False,False,False,0,0,,B_type_mismatch
CD_2e9a9c82b6da,CD,"{""corr_sign"": -1, ""reference"": ""XHINV"", ""reference_quartile"": ""high"", ""target"": ""XTINV""}",anomalia,Desviacion de Correlacion,anomalia,Ruido,fail,,0.9993444495290116,anomalia,False,False,False,False,0,1,,B_type_mismatch
CD_94e079f3cf28,CD,"{""corr_sign"": -1, ""reference"": ""XHINV"", ""reference_quartile"": ""high"", ""target"": ""XTINV""}",anomalia,Desviacion de Correlacion,anomalia,Ruido,fail,,0.99675272777029,anomalia,False,False,False,False,0,1,,B_type_mismatch
CD_06be80961809,CD,"{""corr_sign"": -1, ""reference"": ""XHINV"", ""reference_quartile"": ""high"", ""target"": ""XTINV""}",anomalia,Desviacion de Correlacion,anomalia,Ruido,fail,,0.9997240092709628,anomalia,False,False,False,False,0,1,,B_type_mismatch
CD_a5333f0ac8e1,CD,"{""corr_sign"": -1, ""reference"": ""XHINV"", ""reference_quartile"": ""high"", ""target"": ""XTINV""}",anomalia,Desviacion de Correlacion,anomalia,Ruido,fail,,0.9992801679282,anomalia,False,False,False,False,0,1,,B_type_mismatch
CD_c180e46203f6,CD,"{""corr_sign"": -1, ""reference"": ""XHINV"", ""reference_quartile"": ""high"", ""target"": ""XTINV""}",anomalia,Desviacion de Correlacion,anomalia,Ruido,fail,,0.9993900737981876,anomalia,False,False,False,False,0,0,,B_type_mismatch
CD_f62157300599,CD,"{""corr_sign"": -1, ""reference"": ""XHINV"", ""reference_quartile"": ""high"", ""target"": ""XTINV""}",anomalia,Desviacion de Correlacion,anomalia,Ruido,fail,,0.9994250586116414,anomalia,False,False,False,False,0,1,,B_type_mismatch
CD_2cbbca2043ef,CD,"{""corr_sign"": -1, ""reference"": ""XHINV"", ""reference_quartile"": ""high"", ""target"": ""XTINV""}",anomalia,Desviacion de Correlacion,anomalia,Ruido,fail,,0.999190239197696,anomalia,False,False,False,False,0,0,,B_type_mismatch
CD_cbe569eedd4f,CD,"{""corr_sign"": -1, ""reference"": ""XHINV"", ""reference_quartile"": ""high"", ""target"": ""XTINV""}",anomalia,Desviacion de Correlacion,anomalia,Ruido,fail,,0.9996294028490808,anomalia,False,False,False,False,0,1,,B_type_mismatch
CD_06162ef4f91b,CD,"{""corr_sign"": -1, ""reference"": ""XHINV"", ""reference_quartile"": ""high"", ""target"": ""XTINV""}",anomalia,Desviacion de Correlacion,anomalia,Ruido,fail,,0.9983349199563192,anomalia,False,False,False,False,0,0,,B_type_mismatch
CD_50c9ab7cbe5a,CD,"{""corr_sign"": -1, ""reference"": ""XHINV"", ""reference_quartile"": ""high"", ""target"": ""XTINV""}",anomalia,Desviacion de Correlacion,anomalia,Ruido,fail,,0.9987092507350775,anomalia,False,False,False,False,0,1,,B_type_mismatch
CD_4489c91fc303,CD,"{""corr_sign"": -1, ""reference"": ""XHINV"", ""reference_quartile"": ""high"", ""target"": ""XTINV""}",anomalia,Desviacion de Correlacion,anomalia,Ruido,fail,,0.999397058664816,anomalia,False,False,False,False,0,1,,B_type_mismatch
CD_a42794c41e5c,CD,"{""corr_sign"": -1, ""reference"": ""XHINV"", ""reference_quartile"": ""high"", ""target"": ""XTINV""}",anomalia,Desviacion de Correlacion,anomalia,Ruido,fail,,0.9991615950449972,anomalia,False,False,False,False,0,1,,B_type_mismatch
CD_6f461021dc55,CD,"{""corr_sign"": -1, ""reference"": ""XHINV"", ""reference_quartile"": ""high"", ""target"": ""XTINV""}",anomalia,Desviacion de Correlacion,anomalia,Ruido,fail,,0.9989057772947112,anomalia,False,False,False,False,0,0,,B_type_mismatch
CD_5b038bd5d591,CD,"{""corr_sign"": -1, ""reference"": ""XHINV"", ""reference_quartile"": ""high"", ""target"": ""XTINV""}",anomalia,Desviacion de Correlacion,anomalia,Ruido,fail,,0.9996047978279108,anomalia,False,False,False,False,0,1,,B_type_mismatch
CD_82fddcb286fc,CD,"{""corr_sign"": -1, ""reference"": ""XHINV"", ""reference_quartile"": ""high"", ""target"": ""XTINV""}",anomalia,Desviacion de Correlacion,anomalia,Ruido,fail,,0.999808682691366,anomalia,False,False,False,False,0,1,,B_type_mismatch
CD_fbf65465ac13,CD,"{""corr_sign"": -1, ""reference"": ""XHINV"", ""reference_quartile"": ""high"", ""target"": ""XTINV""}",anomalia,Desviacion de Correlacion,anomalia,Ruido,fail,,0.9962717055566072,anomalia,False,False,False,False,0,0,,B_type_mismatch
CD_efe955e5e5a2,CD,"{""corr_sign"": -1, ""reference"": ""XHINV"", ""reference_quartile"": ""high"", ""target"": ""XTINV""}",anomalia,Desviacion de Correlacion,anomalia,Ruido,fail,,0.9995969347280766,anomalia,False,False,False,False,0,1,,B_type_mismatch
CD_d3386bb0dd7c,CD,"{""corr_sign"": -1, ""reference"": ""XHINV"", ""reference_quartile"": ""high"", ""target"": ""XTINV""}",anomalia,Desviacion de Correlacion,anomalia,Ruido,fail,,0.99975509402932,anomalia,False,False,False,False,0,1,,B_type_mismatch
CD_78a37887bd3f,CD,"{""corr_sign"": -1, ""reference"": ""XHINV"", ""reference_quartile"": ""high"", ""target"": ""XTINV""}",anomalia,Desviacion de Correlacion,anomalia,Ruido,fail,,0.9971154845812346,anomalia,False,False,False,False,0,0,,B_type_mismatch
CD_f0737d9c2ad2,CD,"{""corr_sign"": -1, ""reference"": ""XHINV"", ""reference_quartile"": ""high"", ""target"": ""XTINV""}",anomalia,Desviacion de Correlacion,anomalia,Ruido,fail,,0.995401165230726,anomalia,False,False,False,False,0,0,,B_type_mismatch
CD_3fa493e2de17,CD,"{""corr_sign"": -1, ""reference"": ""XHINV"", ""reference_quartile"": ""high"", ""target"": ""XTINV""}",anomalia,Desviacion de Correlacion,anomalia,Ruido,fail,,0.998657652944112,anomalia,False,False,False,False,0,1,,B_type_mismatch
CD_52ce27ccaeeb,CD,"{""corr_sign"": -1, ""reference"": ""XHINV"", ""reference_quartile"": ""high"", ""target"": ""XTINV""}",anomalia,Desviacion de Correlacion,anomalia,Ruido,fail,,0.9960850147200646,anomalia,False,False,False,False,0,0,,B_type_mismatch
CD_40dc685b07f4,CD,"{""corr_sign"": -1, ""reference"": ""XHINV"", ""reference_quartile"": ""high"", ""target"": ""XTINV""}",anomalia,Desviacion de Correlacion,anomalia,Ruido,fail,,0.9887456181597294,anomalia,False,False,False,False,0,0,,B_type_mismatch
CD_cd8c267c3927,CD,"{""corr_sign"": -1, ""reference"": ""XHINV"", ""reference_quartile"": ""high"", ""target"": ""XTINV""}",anomalia,Desviacion de Correlacion,anomalia,Ruido,fail,,0.9991887271617724,anomalia,False,False,False,False,0,1,,B_type_mismatch
CD_55814dfacba1,CD,"{""corr_sign"": -1, ""reference"": ""XHINV"", ""reference_quartile"": ""high"", ""target"": ""XTINV""}",anomalia,Desviacion de Correlacion,anomalia,Ruido,fail,,0.9991335674078744,anomalia,False,False,False,False,0,1,,B_type_mismatch
CD_4fbf41a9d255,CD,"{""corr_sign"": -1, ""reference"": ""XHINV"", ""reference_quartile"": ""high"", ""target"": ""XTINV""}",anomalia,Desviacion de Correlacion,anomalia,Ruido,fail,,0.9973088765472524,anomalia,False,False,False,False,0,0,,B_type_mismatch
CD_663fdb7de7c2,CD,"{""corr_sign"": -1, ""reference"": ""XHINV"", ""reference_quartile"": ""high"", ""target"": ""XTINV""}",anomalia,Desviacion de Correlacion,anomalia,Ruido,fail,,0.9992429791544948,anomalia,False,False,False,False,0,1,,B_type_mismatch
CD_a60941ba1c8e,CD,"{""corr_sign"": -1, ""reference"": ""XHINV"", ""reference_quartile"": ""high"", ""target"": ""XTINV""}",anomalia,Desviacion de Correlacion,anomalia,Ruido,fail,,0.9924206735894362,anomalia,False,False,False,False,0,1,,B_type_mismatch
CD_92d6bae8aede,CD,"{""corr_sign"": -1, ""reference"": ""XHINV"", ""reference_quartile"": ""high"", ""target"": ""XTINV""}",anomalia,Desviacion de Correlacion,anomalia,Ruido,fail,,0.9967275026195176,anomalia,False,False,False,False,0,0,,B_type_mismatch
CD_3b1c1cde2067,CD,"{""corr_sign"": -1, ""reference"": ""XHINV"", ""reference_quartile"": ""high"", ""target"": ""XTINV""}",anomalia,Desviacion de Correlacion,normal,normal,fail,,0.6919475627320347,normal,False,False,False,False,0,0,,A_binary_miss
CD_074f5f322133,CD,"{""corr_sign"": -1, ""reference"": ""XHINV"", ""reference_quartile"": ""high"", ""target"": ""XTINV""}",anomalia,Desviacion de Correlacion,anomalia,Ruido,fail,,0.9997380672323688,anomalia,False,False,False,False,0,1,,B_type_mismatch
CD_e847b5cae97a,CD,"{""corr_sign"": -1, ""reference"": ""XHINV"", ""reference_quartile"": ""high"", ""target"": ""XTINV""}",anomalia,Desviacion de Correlacion,anomalia,Ruido,fail,,0.9996040485192504,anomalia,False,False,False,False,0,1,,B_type_mismatch
CD_7cd073f2ad70,CD,"{""corr_sign"": -1, ""reference"": ""XHINV"", ""reference_quartile"": ""high"", ""target"": ""XTINV""}",anomalia,Desviacion de Correlacion,anomalia,Ruido,fail,,0.999447621264724,anomalia,False,False,False,False,0,1,,B_type_mismatch
CD_4c10e4dcfa19,CD,"{""corr_sign"": -1, ""reference"": ""XHINV"", ""reference_quartile"": ""high"", ""target"": ""XTINV""}",anomalia,Desviacion de Correlacion,anomalia,Ruido,fail,,0.9997285100123876,anomalia,False,False,False,False,0,0,,B_type_mismatch
CD_f40855c2c1ff,CD,"{""corr_sign"": -1, ""reference"": ""XHINV"", ""reference_quartile"": ""high"", ""target"": ""XTINV""}",anomalia,Desviacion de Correlacion,anomalia,Ruido,fail,,0.9982979056896965,anomalia,False,False,False,False,0,0,,B_type_mismatch
CD_a420b9614b38,CD,"{""corr_sign"": -1, ""reference"": ""XHINV"", ""reference_quartile"": ""high"", ""target"": ""XTINV""}",anomalia,Desviacion de Correlacion,anomalia,Ruido,fail,,0.9994897653046908,anomalia,False,False,False,False,0,1,,B_type_mismatch
CD_7921b3cdcf0d,CD,"{""corr_sign"": -1, ""reference"": ""XHINV"", ""reference_quartile"": ""high"", ""target"": ""XTINV""}",anomalia,Desviacion de Correlacion,anomalia,Ruido,fail,,0.9988377653660234,anomalia,False,False,False,False,0,1,,B_type_mismatch
CD_b5c9a21b15be,CD,"{""corr_sign"": -1, ""reference"": ""XHINV"", ""reference_quartile"": ""high"", ""target"": ""XTINV""}",anomalia,Desviacion de Correlacion,anomalia,Ruido,fail,,0.9985783643921096,anomalia,False,False,False,False,0,0,,B_type_mismatch
CD_f0606120c55d,CD,"{""corr_sign"": -1, ""reference"": ""XHINV"", ""reference_quartile"": ""high"", ""target"": ""XTINV""}",anomalia,Desviacion de Correlacion,anomalia,Ruido,fail,,0.9996209352502916,anomalia,False,False,False,False,0,0,,B_type_mismatch
CD_a94ba22c99cc,CD,"{""corr_sign"": -1, ""reference"": ""XHINV"", ""reference_quartile"": ""high"", ""target"": ""XTINV""}",anomalia,Desviacion de Correlacion,anomalia,Ruido,fail,,0.9906189528261756,anomalia,False,False,False,False,0,0,,B_type_mismatch
CD_6a013956ebae,CD,"{""corr_sign"": -1, ""reference"": ""XHINV"", ""reference_quartile"": ""high"", ""target"": ""XTINV""}",anomalia,Desviacion de Correlacion,anomalia,Ruido,fail,,0.9997021203802984,anomalia,False,False,False,False,0,1,,B_type_mismatch
CD_0ed32524f621,CD,"{""corr_sign"": -1, ""reference"": ""XHINV"", ""reference_quartile"": ""high"", ""target"": ""XTINV""}",anomalia,Desviacion de Correlacion,anomalia,Ruido,fail,,0.9995920359425758,anomalia,False,False,False,False,0,1,,B_type_mismatch
CD_e05e27b7d4ea,CD,"{""corr_sign"": -1, ""reference"": ""XHINV"", ""reference_quartile"": ""high"", ""target"": ""XTINV""}",anomalia,Desviacion de Correlacion,anomalia,Ruido,fail,,0.9995761572476796,anomalia,False,False,False,False,0,0,,B_type_mismatch
CD_35bbf51ade06,CD,"{""corr_sign"": -1, ""reference"": ""XHINV"", ""reference_quartile"": ""high"", ""target"": ""XTINV""}",anomalia,Desviacion de Correlacion,anomalia,Ruido,fail,,0.999143513201203,anomalia,False,False,False,False,0,0,,B_type_mismatch
CD_6c63990520d6,CD,"{""corr_sign"": -1, ""reference"": ""XHINV"", ""reference_quartile"": ""high"", ""target"": ""XTINV""}",anomalia,Desviacion de Correlacion,anomalia,Ruido,fail,,0.9994652989592824,anomalia,False,False,False,False,0,1,,B_type_mismatch
CD_215e9d149913,CD,"{""corr_sign"": -1, ""reference"": ""XHINV"", ""reference_quartile"": ""high"", ""target"": ""XTINV""}",anomalia,Desviacion de Correlacion,anomalia,Ruido,fail,,0.9994543433833694,anomalia,False,False,False,False,0,1,,B_type_mismatch
CD_d805b99e19cb,CD,"{""corr_sign"": -1, ""reference"": ""XHINV"", ""reference_quartile"": ""high"", ""target"": ""XTINV""}",anomalia,Desviacion de Correlacion,anomalia,Ruido,fail,,0.970843228616518,anomalia,False,False,False,False,0,0,,B_type_mismatch
CD_7d402ea5d8be,CD,"{""corr_sign"": -1, ""reference"": ""XHINV"", ""reference_quartile"": ""high"", ""target"": ""XTINV""}",anomalia,Desviacion de Correlacion,anomalia,Ruido,fail,,0.99964580569988,anomalia,False,False,False,False,0,1,,B_type_mismatch
CD_7593a6acde4c,CD,"{""corr_sign"": -1, ""reference"": ""XHINV"", ""reference_quartile"": ""high"", ""target"": ""XTINV""}",anomalia,Desviacion de Correlacion,anomalia,Ruido,fail,,0.9997779312795916,anomalia,False,False,False,False,0,1,,B_type_mismatch
CD_84d3c6f12609,CD,"{""corr_sign"": -1, ""reference"": ""XHINV"", ""reference_quartile"": ""high"", ""target"": ""XTINV""}",anomalia,Desviacion de Correlacion,anomalia,Ruido,fail,,0.99822472136501,anomalia,False,False,False,False,0,0,,B_type_mismatch
CD_65f098fb61f9,CD,"{""corr_sign"": -1, ""reference"": ""XHINV"", ""reference_quartile"": ""high"", ""target"": ""XTINV""}",anomalia,Desviacion de Correlacion,anomalia,Ruido,fail,,0.9994935502712344,anomalia,False,False,False,False,0,1,,B_type_mismatch
CD_df09deed9122,CD,"{""corr_sign"": -1, ""reference"": ""XHINV"", ""reference_quartile"": ""high"", ""target"": ""XTINV""}",anomalia,Desviacion de Correlacion,anomalia,Ruido,fail,,0.9996862979885724,anomalia,False,False,False,False,0,1,,B_type_mismatch
CD_207a9cf91208,CD,"{""corr_sign"": -1, ""reference"": ""XHINV"", ""reference_quartile"": ""high"", ""target"": ""XTINV""}",anomalia,Desviacion de Correlacion,anomalia,Ruido,fail,,0.9997208310618652,anomalia,False,False,False,False,0,1,,B_type_mismatch
CD_dc2c55dcb7a4,CD,"{""corr_sign"": -1, ""reference"": ""XHINV"", ""reference_quartile"": ""high"", ""target"": ""XTINV""}",anomalia,Desviacion de Correlacion,anomalia,Ruido,fail,,0.9996862650113396,anomalia,False,False,False,False,0,1,,B_type_mismatch
CD_ce356f81a541,CD,"{""corr_sign"": -1, ""reference"": ""XHINV"", ""reference_quartile"": ""high"", ""target"": ""XTINV""}",anomalia,Desviacion de Correlacion,anomalia,Ruido,fail,,0.997666327265904,anomalia,False,False,False,False,0,1,,B_type_mismatch
CD_5dfabce1ea4a,CD,"{""corr_sign"": -1, ""reference"": ""XHINV"", ""reference_quartile"": ""high"", ""target"": ""XTINV""}",anomalia,Desviacion de Correlacion,anomalia,Ruido,fail,,0.9997415255235952,anomalia,False,False,False,False,0,1,,B_type_mismatch
CD_ebd6e7a6425f,CD,"{""corr_sign"": -1, ""reference"": ""XHINV"", ""reference_quartile"": ""high"", ""target"": ""XTINV""}",anomalia,Desviacion de Correlacion,anomalia,Ruido,fail,,0.998739151609621,anomalia,False,False,False,False,0,1,,B_type_mismatch
CD_877728be17ba,CD,"{""corr_sign"": -1, ""reference"": ""XHINV"", ""reference_quartile"": ""high"", ""target"": ""XTINV""}",anomalia,Desviacion de Correlacion,anomalia,Ruido,fail,,0.9993135691017891,anomalia,False,False,False,False,0,0,,B_type_mismatch
CD_0b57ca868ea6,CD,"{""corr_sign"": -1, ""reference"": ""XHINV"", ""reference_quartile"": ""high"", ""target"": ""XTINV""}",anomalia,Desviacion de Correlacion,anomalia,Ruido,fail,,0.9953592690389574,anomalia,False,False,False,False,0,0,,B_type_mismatch
CD_e519d61f5605,CD,"{""corr_sign"": -1, ""reference"": ""XHINV"", ""reference_quartile"": ""high"", ""target"": ""XTINV""}",anomalia,Desviacion de Correlacion,anomalia,Ruido,fail,,0.9976064599750896,anomalia,False,False,False,False,0,1,,B_type_mismatch
CD_eddd78871e52,CD,"{""corr_sign"": -1, ""reference"": ""XHINV"", ""reference_quartile"": ""high"", ""target"": ""XTINV""}",anomalia,Desviacion de Correlacion,anomalia,Ruido,fail,,0.9991414816597622,anomalia,False,False,False,False,0,0,,B_type_mismatch
CD_c704795b10a2,CD,"{""corr_sign"": -1, ""reference"": ""XHINV"", ""reference_quartile"": ""high"", ""target"": ""XTINV""}",anomalia,Desviacion de Correlacion,anomalia,Ruido,fail,,0.9994556639527388,anomalia,False,False,False,False,0,0,,B_type_mismatch
CD_fb2ae81740b3,CD,"{""corr_sign"": -1, ""reference"": ""XHINV"", ""reference_quartile"": ""high"", ""target"": ""XTINV""}",anomalia,Desviacion de Correlacion,anomalia,Ruido,fail,,0.9996603251211208,anomalia,False,False,False,False,0,1,,B_type_mismatch
CD_babfc1df88bd,CD,"{""corr_sign"": -1, ""reference"": ""XHINV"", ""reference_quartile"": ""high"", ""target"": ""XTINV""}",anomalia,Desviacion de Correlacion,anomalia,Ruido,fail,,0.997770289903334,anomalia,False,False,False,False,0,1,,B_type_mismatch
CD_4568b7e977e4,CD,"{""corr_sign"": -1, ""reference"": ""XHINV"", ""reference_quartile"": ""high"", ""target"": ""XTINV""}",anomalia,Desviacion de Correlacion,anomalia,Ruido,fail,,0.9941732296771344,anomalia,False,False,False,False,0,0,,B_type_mismatch
CD_cc14e90aa650,CD,"{""corr_sign"": -1, ""reference"": ""XHINV"", ""reference_quartile"": ""high"", ""target"": ""XTINV""}",anomalia,Desviacion de Correlacion,anomalia,Ruido,fail,,0.995823388210645,anomalia,False,False,False,False,0,1,,B_type_mismatch
CD_62bdecdc9b1d,CD,"{""corr_sign"": -1, ""reference"": ""XHINV"", ""reference_quartile"": ""high"", ""target"": ""XTINV""}",anomalia,Desviacion de Correlacion,anomalia,Ruido,fail,,0.9995337668269804,anomalia,False,False,False,False,0,0,,B_type_mismatch
CD_e0f92313177f,CD,"{""corr_sign"": -1, ""reference"": ""XHINV"", ""reference_quartile"": ""high"", ""target"": ""XTINV""}",anomalia,Desviacion de Correlacion,anomalia,Ruido,fail,,0.998065303110432,anomalia,False,False,False,False,0,0,,B_type_mismatch
CD_eacc13bbaadf,CD,"{""corr_sign"": -1, ""reference"": ""XHINV"", ""reference_quartile"": ""high"", ""target"": ""XTINV""}",anomalia,Desviacion de Correlacion,anomalia,Ruido,fail,,0.999173003154472,anomalia,False,False,False,False,0,0,,B_type_mismatch
CD_c68caaf3d190,CD,"{""corr_sign"": -1, ""reference"": ""XHINV"", ""reference_quartile"": ""high"", ""target"": ""XTINV""}",anomalia,Desviacion de Correlacion,anomalia,Ruido,fail,,0.9993193277761604,anomalia,False,False,False,False,0,0,,B_type_mismatch
CD_f3d7177a1327,CD,"{""corr_sign"": -1, ""reference"": ""XHINV"", ""reference_quartile"": ""high"", ""target"": ""XTINV""}",anomalia,Desviacion de Correlacion,anomalia,Ruido,fail,,0.999430864098082,anomalia,False,False,False,False,0,1,,B_type_mismatch
CD_631749cfa4c9,CD,"{""corr_sign"": -1, ""reference"": ""XHINV"", ""reference_quartile"": ""high"", ""target"": ""XTINV""}",anomalia,Desviacion de Correlacion,anomalia,Ruido,fail,,0.9983828277679002,anomalia,False,False,False,False,0,1,,B_type_mismatch
CD_65b36909a784,CD,"{""corr_sign"": -1, ""reference"": ""XHINV"", ""reference_quartile"": ""high"", ""target"": ""XTINV""}",anomalia,Desviacion de Correlacion,anomalia,Ruido,fail,,0.9996429145225963,anomalia,False,False,False,False,0,1,,B_type_mismatch
CD_f8758192a62a,CD,"{""corr_sign"": -1, ""reference"": ""XHINV"", ""reference_quartile"": ""high"", ""target"": ""XTINV""}",anomalia,Desviacion de Correlacion,anomalia,Ruido,fail,,0.999586713702327,anomalia,False,False,False,False,0,1,,B_type_mismatch
CD_5443ae58ce41,CD,"{""corr_sign"": -1, ""reference"": ""XHINV"", ""reference_quartile"": ""high"", ""target"": ""XTINV""}",anomalia,Desviacion de Correlacion,anomalia,Ruido,fail,,0.999238378733462,anomalia,False,False,False,False,0,0,,B_type_mismatch
CD_4942b02ddf80,CD,"{""corr_sign"": -1, ""reference"": ""XHINV"", ""reference_quartile"": ""high"", ""target"": ""XTINV""}",anomalia,Desviacion de Correlacion,anomalia,Ruido,fail,,0.9986778426082416,anomalia,False,False,False,False,0,0,,B_type_mismatch
CD_cb1b2d5bca70,CD,"{""corr_sign"": -1, ""reference"": ""XHINV"", ""reference_quartile"": ""high"", ""target"": ""XTINV""}",anomalia,Desviacion de Correlacion,anomalia,Ruido,fail,,0.9995493553435832,anomalia,False,False,False,False,0,1,,B_type_mismatch
CD_5bc09bfe911b,CD,"{""corr_sign"": -1, ""reference"": ""XHINV"", ""reference_quartile"": ""high"", ""target"": ""XTINV""}",anomalia,Desviacion de Correlacion,anomalia,Ruido,fail,,0.9993987342582592,anomalia,False,False,False,False,0,1,,B_type_mismatch
CD_5d6535287cf1,CD,"{""corr_sign"": -1, ""reference"": ""XHINV"", ""reference_quartile"": ""high"", ""target"": ""XTINV""}",anomalia,Desviacion de Correlacion,anomalia,Ruido,fail,,0.9992314569056212,anomalia,False,False,False,False,0,0,,B_type_mismatch
CD_ff5dadfee22f,CD,"{""corr_sign"": -1, ""reference"": ""XHINV"", ""reference_quartile"": ""high"", ""target"": ""XTINV""}",anomalia,Desviacion de Correlacion,anomalia,Ruido,fail,,0.9996941266482042,anomalia,False,False,False,False,0,1,,B_type_mismatch
CD_d4da985a7b37,CD,"{""corr_sign"": -1, ""reference"": ""XHINV"", ""reference_quartile"": ""high"", ""target"": ""XTINV""}",anomalia,Desviacion de Correlacion,anomalia,Ruido,fail,,0.8906534469644384,anomalia,False,False,False,False,0,0,,B_type_mismatch
CD_d39c7386171a,CD,"{""corr_sign"": -1, ""reference"": ""XHINV"", ""reference_quartile"": ""high"", ""target"": ""XTINV""}",anomalia,Desviacion de Correlacion,anomalia,Ruido,fail,,0.9996722087554644,anomalia,False,False,False,False,0,0,,B_type_mismatch
CD_8e5778dfa3d6,CD,"{""corr_sign"": -1, ""reference"": ""XHINV"", ""reference_quartile"": ""high"", ""target"": ""XTINV""}",anomalia,Desviacion de Correlacion,anomalia,Ruido,fail,,0.9995383646893632,anomalia,False,False,False,False,0,1,,B_type_mismatch
CD_2be1ff9dc550,CD,"{""corr_sign"": -1, ""reference"": ""XHINV"", ""reference_quartile"": ""high"", ""target"": ""XTINV""}",anomalia,Desviacion de Correlacion,anomalia,Ruido,fail,,0.9994822783506716,anomalia,False,False,False,False,0,1,,B_type_mismatch
CD_68cb48551599,CD,"{""corr_sign"": 1, ""reference"": ""XTINV"", ""reference_quartile"": ""low"", ""target"": ""PTEXT""}",anomalia,Desviacion de Correlacion,anomalia,Ruido,fail,,0.9985439135153336,anomalia,False,False,False,False,0,1,,B_type_mismatch
CD_b043d73d7bb6,CD,"{""corr_sign"": 1, ""reference"": ""XTINV"", ""reference_quartile"": ""low"", ""target"": ""PTEXT""}",anomalia,Desviacion de Correlacion,anomalia,Ruido,fail,,0.9993780271299256,anomalia,False,False,False,False,0,1,,B_type_mismatch
CD_c8db071d7f2d,CD,"{""corr_sign"": 1, ""reference"": ""XTINV"", ""reference_quartile"": ""low"", ""target"": ""PTEXT""}",anomalia,Desviacion de Correlacion,anomalia,Ruido,fail,,0.9797411872364692,anomalia,False,False,False,False,0,0,,B_type_mismatch
CD_9d4f77a40534,CD,"{""corr_sign"": 1, ""reference"": ""XTINV"", ""reference_quartile"": ""low"", ""target"": ""PTEXT""}",anomalia,Desviacion de Correlacion,anomalia,Ruido,fail,,0.9996545359929634,anomalia,False,False,False,False,0,1,,B_type_mismatch
CD_846cf7cba741,CD,"{""corr_sign"": 1, ""reference"": ""XTINV"", ""reference_quartile"": ""low"", ""target"": ""PTEXT""}",anomalia,Desviacion de Correlacion,anomalia,Ruido,fail,,0.9998594835377156,anomalia,False,False,False,False,0,1,,B_type_mismatch
CD_c617856a5e7e,CD,"{""corr_sign"": 1, ""reference"": ""XTINV"", ""reference_quartile"": ""low"", ""target"": ""PTEXT""}",anomalia,Desviacion de Correlacion,anomalia,Ruido,fail,,0.987037726210642,anomalia,False,False,False,False,0,1,,B_type_mismatch
CD_d692d653d836,CD,"{""corr_sign"": 1, ""reference"": ""XTINV"", ""reference_quartile"": ""low"", ""target"": ""PTEXT""}",anomalia,Desviacion de Correlacion,anomalia,Ruido,fail,,0.9997641662935528,anomalia,False,False,False,False,0,1,,B_type_mismatch
CD_ce8784642e34,CD,"{""corr_sign"": 1, ""reference"": ""XTINV"", ""reference_quartile"": ""low"", ""target"": ""PTEXT""}",anomalia,Desviacion de Correlacion,anomalia,Ruido,fail,,0.999170165211497,anomalia,False,False,False,False,0,1,,B_type_mismatch
CD_502ced98f3b6,CD,"{""corr_sign"": 1, ""reference"": ""XTINV"", ""reference_quartile"": ""low"", ""target"": ""PTEXT""}",anomalia,Desviacion de Correlacion,anomalia,Ruido,fail,,0.9983018278431862,anomalia,False,False,False,False,0,1,,B_type_mismatch
CD_238afc67eb08,CD,"{""corr_sign"": 1, ""reference"": ""XTINV"", ""reference_quartile"": ""low"", ""target"": ""PTEXT""}",anomalia,Desviacion de Correlacion,anomalia,Ruido,fail,,0.9983082480891068,anomalia,False,False,False,False,0,1,,B_type_mismatch
CD_213cf97fdced,CD,"{""corr_sign"": 1, ""reference"": ""XTINV"", ""reference_quartile"": ""low"", ""target"": ""PTEXT""}",anomalia,Desviacion de Correlacion,anomalia,Ruido,fail,,0.9987315700205792,anomalia,False,False,False,False,0,1,,B_type_mismatch
CD_fa4254cfb1f0,CD,"{""corr_sign"": 1, ""reference"": ""XTINV"", ""reference_quartile"": ""low"", ""target"": ""PTEXT""}",anomalia,Desviacion de Correlacion,anomalia,Ruido,fail,,0.9994583423697928,anomalia,False,False,False,False,0,1,,B_type_mismatch
CD_3c99ef30a474,CD,"{""corr_sign"": 1, ""reference"": ""XTINV"", ""reference_quartile"": ""low"", ""target"": ""PTEXT""}",anomalia,Desviacion de Correlacion,anomalia,Ruido,fail,,0.9997915107208456,anomalia,False,False,False,False,0,1,,B_type_mismatch
CD_44fc1f692a63,CD,"{""corr_sign"": 1, ""reference"": ""XTINV"", ""reference_quartile"": ""low"", ""target"": ""PTEXT""}",anomalia,Desviacion de Correlacion,anomalia,Ruido,fail,,0.9910950498292384,anomalia,False,False,False,False,0,0,,B_type_mismatch
CD_a49afe1e81b3,CD,"{""corr_sign"": 1, ""reference"": ""XTINV"", ""reference_quartile"": ""low"", ""target"": ""PTEXT""}",anomalia,Desviacion de Correlacion,anomalia,Ruido,fail,,0.9997203749728236,anomalia,False,False,False,False,0,1,,B_type_mismatch
CD_5132e261eadf,CD,"{""corr_sign"": 1, ""reference"": ""XTINV"", ""reference_quartile"": ""low"", ""target"": ""PTEXT""}",anomalia,Desviacion de Correlacion,anomalia,Ruido,fail,,0.9996418725309676,anomalia,False,False,False,False,0,1,,B_type_mismatch
CD_1924fa690ece,CD,"{""corr_sign"": 1, ""reference"": ""XTINV"", ""reference_quartile"": ""low"", ""target"": ""PTEXT""}",anomalia,Desviacion de Correlacion,anomalia,Ruido,fail,,0.9995460499932652,anomalia,False,False,False,False,0,0,,B_type_mismatch
CD_75fb171faa9c,CD,"{""corr_sign"": 1, ""reference"": ""XTINV"", ""reference_quartile"": ""low"", ""target"": ""PTEXT""}",anomalia,Desviacion de Correlacion,anomalia,Ruido,fail,,0.9897906624131176,anomalia,False,False,False,False,0,0,,B_type_mismatch
CD_b0b71bad9fa1,CD,"{""corr_sign"": 1, ""reference"": ""XTINV"", ""reference_quartile"": ""low"", ""target"": ""PTEXT""}",anomalia,Desviacion de Correlacion,anomalia,Ruido,fail,,0.9977142331897731,anomalia,False,False,False,False,0,1,,B_type_mismatch
CD_2fb772c773db,CD,"{""corr_sign"": 1, ""reference"": ""XTINV"", ""reference_quartile"": ""low"", ""target"": ""PTEXT""}",anomalia,Desviacion de Correlacion,anomalia,Ruido,fail,,0.9998174714799546,anomalia,False,False,False,False,0,0,,B_type_mismatch
CD_d31ee11154eb,CD,"{""corr_sign"": 1, ""reference"": ""XTINV"", ""reference_quartile"": ""low"", ""target"": ""PTEXT""}",anomalia,Desviacion de Correlacion,anomalia,Ruido,fail,,0.9995349191663156,anomalia,False,False,False,False,0,1,,B_type_mismatch
CD_17a051e2f74e,CD,"{""corr_sign"": 1, ""reference"": ""XTINV"", ""reference_quartile"": ""low"", ""target"": ""PTEXT""}",anomalia,Desviacion de Correlacion,anomalia,Ruido,fail,,0.9998486716347204,anomalia,False,False,False,False,0,1,,B_type_mismatch
CD_888080536ebd,CD,"{""corr_sign"": 1, ""reference"": ""XTINV"", ""reference_quartile"": ""low"", ""target"": ""PTEXT""}",anomalia,Desviacion de Correlacion,anomalia,Ruido,fail,,0.999146950536743,anomalia,False,False,False,False,0,1,,B_type_mismatch
CD_6c813af7dc7e,CD,"{""corr_sign"": 1, ""reference"": ""XTINV"", ""reference_quartile"": ""low"", ""target"": ""PTEXT""}",anomalia,Desviacion de Correlacion,anomalia,Ruido,fail,,0.986313779439704,anomalia,False,False,False,False,0,1,,B_type_mismatch
CD_15521d28ead4,CD,"{""corr_sign"": 1, ""reference"": ""XTINV"", ""reference_quartile"": ""low"", ""target"": ""PTEXT""}",anomalia,Desviacion de Correlacion,anomalia,Ruido,fail,,0.9996875454035532,anomalia,False,False,False,False,0,1,,B_type_mismatch
CD_efe45b8f1165,CD,"{""corr_sign"": 1, ""reference"": ""XTINV"", ""reference_quartile"": ""low"", ""target"": ""PTEXT""}",anomalia,Desviacion de Correlacion,anomalia,Ruido,fail,,0.9976596441108888,anomalia,False,False,False,False,0,1,,B_type_mismatch
CD_03fb5760f241,CD,"{""corr_sign"": 1, ""reference"": ""XTINV"", ""reference_quartile"": ""low"", ""target"": ""PTEXT""}",anomalia,Desviacion de Correlacion,anomalia,Ruido,fail,,0.99957660323636,anomalia,False,False,False,False,0,0,,B_type_mismatch
CD_04f2ef0ed650,CD,"{""corr_sign"": 1, ""reference"": ""XTINV"", ""reference_quartile"": ""low"", ""target"": ""PTEXT""}",anomalia,Desviacion de Correlacion,anomalia,Ruido,fail,,0.9998552152176344,anomalia,False,False,False,False,0,1,,B_type_mismatch
CD_080e556bd235,CD,"{""corr_sign"": 1, ""reference"": ""XTINV"", ""reference_quartile"": ""low"", ""target"": ""PTEXT""}",anomalia,Desviacion de Correlacion,anomalia,Ruido,fail,,0.999904074719792,anomalia,False,False,False,False,0,1,,B_type_mismatch
CD_42b4aa356ab8,CD,"{""corr_sign"": 1, ""reference"": ""XTINV"", ""reference_quartile"": ""low"", ""target"": ""PTEXT""}",anomalia,Desviacion de Correlacion,anomalia,Ruido,fail,,0.9996473282136832,anomalia,False,False,False,False,0,1,,B_type_mismatch
CD_43edbb0504c8,CD,"{""corr_sign"": 1, ""reference"": ""XTINV"", ""reference_quartile"": ""low"", ""target"": ""PTEXT""}",anomalia,Desviacion de Correlacion,anomalia,Ruido,fail,,0.99953091085448,anomalia,False,False,False,False,0,1,,B_type_mismatch
CD_08159f1b2da4,CD,"{""corr_sign"": 1, ""reference"": ""XTINV"", ""reference_quartile"": ""low"", ""target"": ""PTEXT""}",anomalia,Desviacion de Correlacion,anomalia,Ruido,fail,,0.9978252751806236,anomalia,False,False,False,False,0,1,,B_type_mismatch
CD_7d76d7da9b74,CD,"{""corr_sign"": 1, ""reference"": ""XTINV"", ""reference_quartile"": ""low"", ""target"": ""PTEXT""}",anomalia,Desviacion de Correlacion,anomalia,Ruido,fail,,0.9998680617101458,anomalia,False,False,False,False,0,1,,B_type_mismatch
CD_bd38b696e8e4,CD,"{""corr_sign"": 1, ""reference"": ""XTINV"", ""reference_quartile"": ""low"", ""target"": ""PTEXT""}",anomalia,Desviacion de Correlacion,anomalia,Ruido,fail,,0.9946545577409688,anomalia,False,False,False,False,0,0,,B_type_mismatch
CD_7c6dacb573d4,CD,"{""corr_sign"": 1, ""reference"": ""XTINV"", ""reference_quartile"": ""low"", ""target"": ""PTEXT""}",anomalia,Desviacion de Correlacion,anomalia,Ruido,fail,,0.9941887686419186,anomalia,False,False,False,False,0,1,,B_type_mismatch
CD_7801c6af4903,CD,"{""corr_sign"": 1, ""reference"": ""XTINV"", ""reference_quartile"": ""low"", ""target"": ""PTEXT""}",anomalia,Desviacion de Correlacion,anomalia,Ruido,fail,,0.998676305834046,anomalia,False,False,False,False,0,1,,B_type_mismatch
CD_3289721db828,CD,"{""corr_sign"": 1, ""reference"": ""XTINV"", ""reference_quartile"": ""low"", ""target"": ""PTEXT""}",anomalia,Desviacion de Correlacion,anomalia,Ruido,fail,,0.9962943642097536,anomalia,False,False,False,False,0,1,,B_type_mismatch
CD_b1958d15612c,CD,"{""corr_sign"": 1, ""reference"": ""XTINV"", ""reference_quartile"": ""low"", ""target"": ""PTEXT""}",anomalia,Desviacion de Correlacion,anomalia,Ruido,fail,,0.9996018065693922,anomalia,False,False,False,False,0,1,,B_type_mismatch
CD_b7f71dda121d,CD,"{""corr_sign"": 1, ""reference"": ""XTINV"", ""reference_quartile"": ""low"", ""target"": ""PTEXT""}",anomalia,Desviacion de Correlacion,anomalia,Ruido,fail,,0.9993271152741728,anomalia,False,False,False,False,0,0,,B_type_mismatch
CD_4d046140bca4,CD,"{""corr_sign"": 1, ""reference"": ""XTINV"", ""reference_quartile"": ""low"", ""target"": ""PTEXT""}",anomalia,Desviacion de Correlacion,anomalia,Ruido,fail,,0.9981418727829288,anomalia,False,False,False,False,0,0,,B_type_mismatch
CD_4443e08ebfa0,CD,"{""corr_sign"": 1, ""reference"": ""XTINV"", ""reference_quartile"": ""low"", ""target"": ""PTEXT""}",anomalia,Desviacion de Correlacion,anomalia,Ruido,fail,,0.9939908113377064,anomalia,False,False,False,False,0,1,,B_type_mismatch
CD_2b0380440af7,CD,"{""corr_sign"": 1, ""reference"": ""XTINV"", ""reference_quartile"": ""low"", ""target"": ""PTEXT""}",anomalia,Desviacion de Correlacion,anomalia,Ruido,fail,,0.9982670571509203,anomalia,False,False,False,False,0,0,,B_type_mismatch
CD_4b08db668370,CD,"{""corr_sign"": 1, ""reference"": ""XTINV"", ""reference_quartile"": ""low"", ""target"": ""PTEXT""}",anomalia,Desviacion de Correlacion,anomalia,Ruido,fail,,0.9973457148709806,anomalia,False,False,False,False,0,1,,B_type_mismatch
CD_8b6651609279,CD,"{""corr_sign"": 1, ""reference"": ""XTINV"", ""reference_quartile"": ""low"", ""target"": ""PTEXT""}",anomalia,Desviacion de Correlacion,anomalia,Ruido,fail,,0.99703286669351,anomalia,False,False,False,False,0,1,,B_type_mismatch
CD_a584ea7a7ec3,CD,"{""corr_sign"": 1, ""reference"": ""XTINV"", ""reference_quartile"": ""low"", ""target"": ""PTEXT""}",anomalia,Desviacion de Correlacion,anomalia,Ruido,fail,,0.9998020906681672,anomalia,False,False,False,False,0,1,,B_type_mismatch
CD_6efd38ed95f1,CD,"{""corr_sign"": 1, ""reference"": ""XTINV"", ""reference_quartile"": ""low"", ""target"": ""PTEXT""}",anomalia,Desviacion de Correlacion,anomalia,Ruido,fail,,0.993043777414656,anomalia,False,False,False,False,0,1,,B_type_mismatch
CD_64434e39bb63,CD,"{""corr_sign"": 1, ""reference"": ""XTINV"", ""reference_quartile"": ""low"", ""target"": ""PTEXT""}",anomalia,Desviacion de Correlacion,anomalia,Ruido,fail,,0.9996603978302478,anomalia,False,False,False,False,0,0,,B_type_mismatch
CD_a82aeadf4309,CD,"{""corr_sign"": 1, ""reference"": ""XTINV"", ""reference_quartile"": ""low"", ""target"": ""PTEXT""}",anomalia,Desviacion de Correlacion,anomalia,Ruido,fail,,0.9996951313620128,anomalia,False,False,False,False,0,1,,B_type_mismatch
CD_2fcaef14a9d4,CD,"{""corr_sign"": 1, ""reference"": ""XTINV"", ""reference_quartile"": ""low"", ""target"": ""PTEXT""}",anomalia,Desviacion de Correlacion,anomalia,Ruido,fail,,0.9982930727452728,anomalia,False,False,False,False,0,1,,B_type_mismatch
CD_ace206746a0f,CD,"{""corr_sign"": 1, ""reference"": ""XTINV"", ""reference_quartile"": ""low"", ""target"": ""PTEXT""}",anomalia,Desviacion de Correlacion,anomalia,Ruido,fail,,0.9977821247818128,anomalia,False,False,False,False,0,1,,B_type_mismatch
CD_6288d83c6177,CD,"{""corr_sign"": 1, ""reference"": ""XTINV"", ""reference_quartile"": ""low"", ""target"": ""PTEXT""}",anomalia,Desviacion de Correlacion,anomalia,Ruido,fail,,0.9778630738009518,anomalia,False,False,False,False,0,1,,B_type_mismatch
CD_5dc583aaab19,CD,"{""corr_sign"": 1, ""reference"": ""XTINV"", ""reference_quartile"": ""low"", ""target"": ""PTEXT""}",anomalia,Desviacion de Correlacion,anomalia,Ruido,fail,,0.9989355554519762,anomalia,False,False,False,False,0,1,,B_type_mismatch
CD_11c15d978c7b,CD,"{""corr_sign"": 1, ""reference"": ""XTINV"", ""reference_quartile"": ""low"", ""target"": ""PTEXT""}",anomalia,Desviacion de Correlacion,anomalia,Ruido,fail,,0.9988555211615384,anomalia,False,False,False,False,0,1,,B_type_mismatch
CD_20f5cef687b9,CD,"{""corr_sign"": 1, ""reference"": ""XTINV"", ""reference_quartile"": ""low"", ""target"": ""PTEXT""}",anomalia,Desviacion de Correlacion,anomalia,Ruido,fail,,0.9994925391574708,anomalia,False,False,False,False,0,0,,B_type_mismatch
CD_abdb7f6fa8a4,CD,"{""corr_sign"": 1, ""reference"": ""XTINV"", ""reference_quartile"": ""low"", ""target"": ""PTEXT""}",anomalia,Desviacion de Correlacion,anomalia,Ruido,fail,,0.9871722888512238,anomalia,False,False,False,False,0,1,,B_type_mismatch
CD_56493816dc51,CD,"{""corr_sign"": 1, ""reference"": ""XTINV"", ""reference_quartile"": ""low"", ""target"": ""PTEXT""}",anomalia,Desviacion de Correlacion,anomalia,Ruido,fail,,0.999742581277223,anomalia,False,False,False,False,0,1,,B_type_mismatch
CD_541a30ccbba6,CD,"{""corr_sign"": 1, ""reference"": ""XTINV"", ""reference_quartile"": ""low"", ""target"": ""PTEXT""}",anomalia,Desviacion de Correlacion,anomalia,Ruido,fail,,0.99939420772759,anomalia,False,False,False,False,0,1,,B_type_mismatch
CD_a7864422fbf0,CD,"{""corr_sign"": 1, ""reference"": ""XTINV"", ""reference_quartile"": ""low"", ""target"": ""PTEXT""}",anomalia,Desviacion de Correlacion,anomalia,Ruido,fail,,0.9952019015721024,anomalia,False,False,False,False,0,1,,B_type_mismatch
CD_16c470c62ca9,CD,"{""corr_sign"": 1, ""reference"": ""XTINV"", ""reference_quartile"": ""low"", ""target"": ""PTEXT""}",anomalia,Desviacion de Correlacion,anomalia,Ruido,fail,,0.9983060982272683,anomalia,False,False,False,False,0,1,,B_type_mismatch
CD_1eeb61c865f9,CD,"{""corr_sign"": 1, ""reference"": ""XTINV"", ""reference_quartile"": ""low"", ""target"": ""PTEXT""}",anomalia,Desviacion de Correlacion,anomalia,Ruido,fail,,0.9613971870821514,anomalia,False,False,False,False,0,1,,B_type_mismatch
CD_4b90a7b4bdae,CD,"{""corr_sign"": 1, ""reference"": ""XTINV"", ""reference_quartile"": ""low"", ""target"": ""PTEXT""}",anomalia,Desviacion de Correlacion,anomalia,Ruido,fail,,0.9927211488647968,anomalia,False,False,False,False,0,0,,B_type_mismatch
CD_aa0e95311945,CD,"{""corr_sign"": 1, ""reference"": ""XTINV"", ""reference_quartile"": ""low"", ""target"": ""PTEXT""}",anomalia,Desviacion de Correlacion,anomalia,Ruido,fail,,0.993984493207672,anomalia,False,False,False,False,0,1,,B_type_mismatch
CD_d8bcfde0b510,CD,"{""corr_sign"": 1, ""reference"": ""XTINV"", ""reference_quartile"": ""low"", ""target"": ""PTEXT""}",anomalia,Desviacion de Correlacion,anomalia,Ruido,fail,,0.9980088847320362,anomalia,False,False,False,False,0,1,,B_type_mismatch
CD_d0d07f379b67,CD,"{""corr_sign"": 1, ""reference"": ""XTINV"", ""reference_quartile"": ""low"", ""target"": ""PTEXT""}",anomalia,Desviacion de Correlacion,anomalia,Ruido,fail,,0.9996861431442318,anomalia,False,False,False,False,0,1,,B_type_mismatch
CD_4930930af968,CD,"{""corr_sign"": 1, ""reference"": ""XTINV"", ""reference_quartile"": ""low"", ""target"": ""PTEXT""}",anomalia,Desviacion de Correlacion,anomalia,Ruido,fail,,0.9996854016732712,anomalia,False,False,False,False,0,1,,B_type_mismatch
CD_79816846d820,CD,"{""corr_sign"": 1, ""reference"": ""XTINV"", ""reference_quartile"": ""low"", ""target"": ""PTEXT""}",anomalia,Desviacion de Correlacion,anomalia,Ruido,fail,,0.99950213731827,anomalia,False,False,False,False,0,0,,B_type_mismatch
CD_0f76695f4d44,CD,"{""corr_sign"": 1, ""reference"": ""XTINV"", ""reference_quartile"": ""low"", ""target"": ""PTEXT""}",anomalia,Desviacion de Correlacion,anomalia,Ruido,fail,,0.9997315618461308,anomalia,False,False,False,False,0,1,,B_type_mismatch
CD_e8779c49c769,CD,"{""corr_sign"": 1, ""reference"": ""XTINV"", ""reference_quartile"": ""low"", ""target"": ""PTEXT""}",anomalia,Desviacion de Correlacion,anomalia,Ruido,fail,,0.9993914445865794,anomalia,False,False,False,False,0,1,,B_type_mismatch
CD_7d5e60d7ebf7,CD,"{""corr_sign"": 1, ""reference"": ""XTINV"", ""reference_quartile"": ""low"", ""target"": ""PTEXT""}",anomalia,Desviacion de Correlacion,anomalia,Ruido,fail,,0.9964683061952988,anomalia,False,False,False,False,0,1,,B_type_mismatch
CD_66f054cbfd31,CD,"{""corr_sign"": 1, ""reference"": ""XTINV"", ""reference_quartile"": ""low"", ""target"": ""PTEXT""}",anomalia,Desviacion de Correlacion,anomalia,Ruido,fail,,0.9909595049162964,anomalia,False,False,False,False,0,1,,B_type_mismatch
CD_36e5d4e8c42b,CD,"{""corr_sign"": 1, ""reference"": ""XTINV"", ""reference_quartile"": ""low"", ""target"": ""PTEXT""}",anomalia,Desviacion de Correlacion,anomalia,Ruido,fail,,0.9917940810307362,anomalia,False,False,False,False,0,1,,B_type_mismatch
CD_4d7089fcf9ca,CD,"{""corr_sign"": 1, ""reference"": ""XTINV"", ""reference_quartile"": ""low"", ""target"": ""PTEXT""}",anomalia,Desviacion de Correlacion,anomalia,Ruido,fail,,0.9973907318784052,anomalia,False,False,False,False,0,0,,B_type_mismatch
CD_281e2979c9f2,CD,"{""corr_sign"": 1, ""reference"": ""XTINV"", ""reference_quartile"": ""low"", ""target"": ""PTEXT""}",anomalia,Desviacion de Correlacion,anomalia,Ruido,fail,,0.9987463981527704,anomalia,False,False,False,False,0,1,,B_type_mismatch
CD_364390f43817,CD,"{""corr_sign"": 1, ""reference"": ""XTINV"", ""reference_quartile"": ""low"", ""target"": ""PTEXT""}",anomalia,Desviacion de Correlacion,anomalia,Ruido,fail,,0.9974342962425248,anomalia,False,False,False,False,0,1,,B_type_mismatch
CD_3cefc2e398bf,CD,"{""corr_sign"": 1, ""reference"": ""XTINV"", ""reference_quartile"": ""low"", ""target"": ""PTEXT""}",anomalia,Desviacion de Correlacion,anomalia,Ruido,fail,,0.999791564397166,anomalia,False,False,False,False,0,1,,B_type_mismatch
CD_33272c35ca42,CD,"{""corr_sign"": 1, ""reference"": ""XTINV"", ""reference_quartile"": ""low"", ""target"": ""PTEXT""}",anomalia,Desviacion de Correlacion,anomalia,Ruido,fail,,0.9996640113935914,anomalia,False,False,False,False,0,0,,B_type_mismatch
CD_568e6851445d,CD,"{""corr_sign"": 1, ""reference"": ""XTINV"", ""reference_quartile"": ""low"", ""target"": ""PTEXT""}",anomalia,Desviacion de Correlacion,anomalia,Ruido,fail,,0.9996444227227638,anomalia,False,False,False,False,0,0,,B_type_mismatch
CD_2be1c752277b,CD,"{""corr_sign"": 1, ""reference"": ""XTINV"", ""reference_quartile"": ""low"", ""target"": ""PTEXT""}",anomalia,Desviacion de Correlacion,anomalia,Ruido,fail,,0.998968564630884,anomalia,False,False,False,False,0,1,,B_type_mismatch
CD_db19909b5c56,CD,"{""corr_sign"": 1, ""reference"": ""XTINV"", ""reference_quartile"": ""low"", ""target"": ""PTEXT""}",anomalia,Desviacion de Correlacion,anomalia,Ruido,fail,,0.9911390009122026,anomalia,False,False,False,False,0,0,,B_type_mismatch
CD_0a759905e4a9,CD,"{""corr_sign"": 1, ""reference"": ""XTINV"", ""reference_quartile"": ""low"", ""target"": ""PTEXT""}",anomalia,Desviacion de Correlacion,anomalia,Ruido,fail,,0.9991112674495084,anomalia,False,False,False,False,0,1,,B_type_mismatch
CD_6c3500195460,CD,"{""corr_sign"": 1, ""reference"": ""XTINV"", ""reference_quartile"": ""low"", ""target"": ""PTEXT""}",anomalia,Desviacion de Correlacion,anomalia,Ruido,fail,,0.9993313420785116,anomalia,False,False,False,False,0,1,,B_type_mismatch
CD_740669c8a4b2,CD,"{""corr_sign"": 1, ""reference"": ""XTINV"", ""reference_quartile"": ""low"", ""target"": ""PTEXT""}",anomalia,Desviacion de Correlacion,anomalia,Ruido,fail,,0.9948891082894498,anomalia,False,False,False,False,0,1,,B_type_mismatch
CD_c37da8ef304c,CD,"{""corr_sign"": 1, ""reference"": ""XTINV"", ""reference_quartile"": ""low"", ""target"": ""PTEXT""}",anomalia,Desviacion de Correlacion,anomalia,Ruido,fail,,0.9995071955602912,anomalia,False,False,False,False,0,1,,B_type_mismatch
CD_b1798cf69bef,CD,"{""corr_sign"": 1, ""reference"": ""XTINV"", ""reference_quartile"": ""low"", ""target"": ""PTEXT""}",anomalia,Desviacion de Correlacion,anomalia,Ruido,fail,,0.9997639927436172,anomalia,False,False,False,False,0,0,,B_type_mismatch
CD_10fb904e3ef0,CD,"{""corr_sign"": 1, ""reference"": ""XTINV"", ""reference_quartile"": ""low"", ""target"": ""PTEXT""}",anomalia,Desviacion de Correlacion,anomalia,Ruido,fail,,0.9993968485695678,anomalia,False,False,False,False,0,0,,B_type_mismatch
CD_881b150b62ea,CD,"{""corr_sign"": 1, ""reference"": ""XTINV"", ""reference_quartile"": ""low"", ""target"": ""PTEXT""}",anomalia,Desviacion de Correlacion,anomalia,Ruido,fail,,0.9989923092274452,anomalia,False,False,False,False,0,0,,B_type_mismatch
CD_a2b6f8ee503b,CD,"{""corr_sign"": 1, ""reference"": ""XTINV"", ""reference_quartile"": ""low"", ""target"": ""PTEXT""}",anomalia,Desviacion de Correlacion,anomalia,Ruido,fail,,0.9996649820747516,anomalia,False,False,False,False,0,1,,B_type_mismatch
CD_2160f3b9d95b,CD,"{""corr_sign"": 1, ""reference"": ""XTINV"", ""reference_quartile"": ""low"", ""target"": ""PTEXT""}",anomalia,Desviacion de Correlacion,anomalia,Ruido,fail,,0.9944100496884024,anomalia,False,False,False,False,0,0,,B_type_mismatch
CD_75a0fdc2669e,CD,"{""corr_sign"": 1, ""reference"": ""XTINV"", ""reference_quartile"": ""low"", ""target"": ""PTEXT""}",anomalia,Desviacion de Correlacion,anomalia,Ruido,fail,,0.9997934674942932,anomalia,False,False,False,False,0,0,,B_type_mismatch
CD_3886052ff4ea,CD,"{""corr_sign"": 1, ""reference"": ""XTINV"", ""reference_quartile"": ""low"", ""target"": ""PTEXT""}",anomalia,Desviacion de Correlacion,anomalia,Ruido,fail,,0.9993022694580806,anomalia,False,False,False,False,0,1,,B_type_mismatch
CD_8e456681e879,CD,"{""corr_sign"": 1, ""reference"": ""XTINV"", ""reference_quartile"": ""low"", ""target"": ""PTEXT""}",anomalia,Desviacion de Correlacion,anomalia,Ruido,fail,,0.9936539007081376,anomalia,False,False,False,False,0,1,,B_type_mismatch
CD_5874e3b51b20,CD,"{""corr_sign"": 1, ""reference"": ""XTINV"", ""reference_quartile"": ""low"", ""target"": ""PTEXT""}",anomalia,Desviacion de Correlacion,anomalia,Ruido,fail,,0.9998274325202944,anomalia,False,False,False,False,0,1,,B_type_mismatch
CD_d42be6509f7b,CD,"{""corr_sign"": 1, ""reference"": ""XTINV"", ""reference_quartile"": ""low"", ""target"": ""PTEXT""}",anomalia,Desviacion de Correlacion,anomalia,Ruido,fail,,0.994246798836602,anomalia,False,False,False,False,0,0,,B_type_mismatch
CD_3da5852c153b,CD,"{""corr_sign"": 1, ""reference"": ""XTINV"", ""reference_quartile"": ""low"", ""target"": ""PTEXT""}",anomalia,Desviacion de Correlacion,anomalia,Ruido,fail,,0.9993994542975552,anomalia,False,False,False,False,0,1,,B_type_mismatch
CD_6eec916cde72,CD,"{""corr_sign"": 1, ""reference"": ""XTINV"", ""reference_quartile"": ""low"", ""target"": ""PTEXT""}",anomalia,Desviacion de Correlacion,anomalia,Ruido,fail,,0.9964337819209272,anomalia,False,False,False,False,0,0,,B_type_mismatch
CD_41781a929693,CD,"{""corr_sign"": 1, ""reference"": ""XTINV"", ""reference_quartile"": ""low"", ""target"": ""PTEXT""}",anomalia,Desviacion de Correlacion,anomalia,Ruido,fail,,0.9993523884702962,anomalia,False,False,False,False,0,1,,B_type_mismatch
CD_fb207a2fbdd4,CD,"{""corr_sign"": 1, ""reference"": ""XTINV"", ""reference_quartile"": ""low"", ""target"": ""PTEXT""}",anomalia,Desviacion de Correlacion,anomalia,Ruido,fail,,0.9970797141352952,anomalia,False,False,False,False,0,1,,B_type_mismatch
CD_7b247b71cc5c,CD,"{""corr_sign"": 1, ""reference"": ""XTINV"", ""reference_quartile"": ""low"", ""target"": ""PTEXT""}",anomalia,Desviacion de Correlacion,anomalia,Ruido,fail,,0.9983433398758156,anomalia,False,False,False,False,0,1,,B_type_mismatch
CD_1110a19d28dc,CD,"{""corr_sign"": 1, ""reference"": ""XTINV"", ""reference_quartile"": ""low"", ""target"": ""PTEXT""}",anomalia,Desviacion de Correlacion,anomalia,Ruido,fail,,0.9996272030994856,anomalia,False,False,False,False,0,1,,B_type_mismatch
CD_47f46e48a805,CD,"{""corr_sign"": 1, ""reference"": ""XTINV"", ""reference_quartile"": ""low"", ""target"": ""PTEXT""}",anomalia,Desviacion de Correlacion,anomalia,Ruido,fail,,0.9986760332872534,anomalia,False,False,False,False,0,0,,B_type_mismatch
CD_17c02263de15,CD,"{""corr_sign"": 1, ""reference"": ""XTINV"", ""reference_quartile"": ""low"", ""target"": ""PTEXT""}",anomalia,Desviacion de Correlacion,anomalia,Ruido,fail,,0.9994337614107434,anomalia,False,False,False,False,0,0,,B_type_mismatch
CD_6cc873e2cab9,CD,"{""corr_sign"": 1, ""reference"": ""XTINV"", ""reference_quartile"": ""low"", ""target"": ""PTEXT""}",anomalia,Desviacion de Correlacion,anomalia,Ruido,fail,,0.9997157687446844,anomalia,False,False,False,False,0,0,,B_type_mismatch
CD_b3f2cb747cd7,CD,"{""corr_sign"": 1, ""reference"": ""XTINV"", ""reference_quartile"": ""low"", ""target"": ""PTEXT""}",anomalia,Desviacion de Correlacion,anomalia,Ruido,fail,,0.9998313934800246,anomalia,False,False,False,False,0,1,,B_type_mismatch
CD_cfaaa120931e,CD,"{""corr_sign"": 1, ""reference"": ""XTINV"", ""reference_quartile"": ""low"", ""target"": ""PTEXT""}",anomalia,Desviacion de Correlacion,anomalia,Ruido,fail,,0.9996533983446004,anomalia,False,False,False,False,0,1,,B_type_mismatch
CD_26e6340a2db5,CD,"{""corr_sign"": 1, ""reference"": ""XTINV"", ""reference_quartile"": ""low"", ""target"": ""PTEXT""}",anomalia,Desviacion de Correlacion,anomalia,Ruido,fail,,0.9994715621693208,anomalia,False,False,False,False,0,1,,B_type_mismatch
CD_820df5d481fd,CD,"{""corr_sign"": 1, ""reference"": ""XTINV"", ""reference_quartile"": ""low"", ""target"": ""PTEXT""}",anomalia,Desviacion de Correlacion,anomalia,Ruido,fail,,0.9949384117467076,anomalia,False,False,False,False,0,1,,B_type_mismatch
CD_9cca827ad135,CD,"{""corr_sign"": 1, ""reference"": ""XTINV"", ""reference_quartile"": ""low"", ""target"": ""PTEXT""}",anomalia,Desviacion de Correlacion,anomalia,Ruido,fail,,0.9998439401452824,anomalia,False,False,False,False,0,0,,B_type_mismatch
CD_b45a97625769,CD,"{""corr_sign"": 1, ""reference"": ""XTINV"", ""reference_quartile"": ""low"", ""target"": ""PTEXT""}",anomalia,Desviacion de Correlacion,anomalia,Ruido,fail,,0.9984867258481552,anomalia,False,False,False,False,0,1,,B_type_mismatch
CD_4fd5859f35db,CD,"{""corr_sign"": 1, ""reference"": ""XTINV"", ""reference_quartile"": ""low"", ""target"": ""PTEXT""}",anomalia,Desviacion de Correlacion,anomalia,Ruido,fail,,0.9982921841833576,anomalia,False,False,False,False,0,1,,B_type_mismatch
CD_334580d26009,CD,"{""corr_sign"": 1, ""reference"": ""XTINV"", ""reference_quartile"": ""low"", ""target"": ""PTEXT""}",anomalia,Desviacion de Correlacion,anomalia,Ruido,fail,,0.99938918224485,anomalia,False,False,False,False,0,1,,B_type_mismatch
CD_2b2f3802824f,CD,"{""corr_sign"": 1, ""reference"": ""XTINV"", ""reference_quartile"": ""low"", ""target"": ""PTEXT""}",anomalia,Desviacion de Correlacion,anomalia,Ruido,fail,,0.999006670892309,anomalia,False,False,False,False,0,1,,B_type_mismatch
CD_3dca776e7d71,CD,"{""corr_sign"": 1, ""reference"": ""XTINV"", ""reference_quartile"": ""low"", ""target"": ""PTEXT""}",anomalia,Desviacion de Correlacion,anomalia,Ruido,fail,,0.998837621442476,anomalia,False,False,False,False,0,1,,B_type_mismatch
CD_09fad8cf328e,CD,"{""corr_sign"": 1, ""reference"": ""XTINV"", ""reference_quartile"": ""low"", ""target"": ""PTEXT""}",anomalia,Desviacion de Correlacion,anomalia,Ruido,fail,,0.9995905770622938,anomalia,False,False,False,False,0,1,,B_type_mismatch
CD_4c0d4eddda98,CD,"{""corr_sign"": 1, ""reference"": ""XTINV"", ""reference_quartile"": ""low"", ""target"": ""PTEXT""}",anomalia,Desviacion de Correlacion,anomalia,Ruido,fail,,0.9997709340723072,anomalia,False,False,False,False,0,1,,B_type_mismatch
CD_44db50f5b170,CD,"{""corr_sign"": 1, ""reference"": ""XTINV"", ""reference_quartile"": ""low"", ""target"": ""PTEXT""}",anomalia,Desviacion de Correlacion,anomalia,Ruido,fail,,0.9996418609833256,anomalia,False,False,False,False,0,0,,B_type_mismatch
CD_9ea9f78f8cdd,CD,"{""corr_sign"": 1, ""reference"": ""XTINV"", ""reference_quartile"": ""low"", ""target"": ""PTEXT""}",anomalia,Desviacion de Correlacion,anomalia,Ruido,fail,,0.9976249360079228,anomalia,False,False,False,False,0,1,,B_type_mismatch
CD_fe3fba3d054a,CD,"{""corr_sign"": 1, ""reference"": ""XTINV"", ""reference_quartile"": ""low"", ""target"": ""PTEXT""}",anomalia,Desviacion de Correlacion,anomalia,Ruido,fail,,0.9808253341229406,anomalia,False,False,False,False,0,1,,B_type_mismatch
CD_57fc265b3b33,CD,"{""corr_sign"": 1, ""reference"": ""XTINV"", ""reference_quartile"": ""low"", ""target"": ""PTEXT""}",anomalia,Desviacion de Correlacion,anomalia,Ruido,fail,,0.9996601371939244,anomalia,False,False,False,False,0,1,,B_type_mismatch
CD_f9e24452e8c0,CD,"{""corr_sign"": 1, ""reference"": ""XTINV"", ""reference_quartile"": ""low"", ""target"": ""PTEXT""}",anomalia,Desviacion de Correlacion,anomalia,Ruido,fail,,0.9990677737848136,anomalia,False,False,False,False,0,1,,B_type_mismatch
CD_eeefd9392782,CD,"{""corr_sign"": 1, ""reference"": ""XTINV"", ""reference_quartile"": ""low"", ""target"": ""PTEXT""}",anomalia,Desviacion de Correlacion,anomalia,Ruido,fail,,0.9997699491672742,anomalia,False,False,False,False,0,0,,B_type_mismatch
CD_9341d67b2732,CD,"{""corr_sign"": 1, ""reference"": ""XTINV"", ""reference_quartile"": ""low"", ""target"": ""PTEXT""}",anomalia,Desviacion de Correlacion,anomalia,Ruido,fail,,0.9991864522951373,anomalia,False,False,False,False,0,1,,B_type_mismatch
CD_7ed4bc77e2cc,CD,"{""corr_sign"": 1, ""reference"": ""XTINV"", ""reference_quartile"": ""low"", ""target"": ""PTEXT""}",anomalia,Desviacion de Correlacion,anomalia,Ruido,fail,,0.9994929202837418,anomalia,False,False,False,False,0,0,,B_type_mismatch
CD_d16fc32e79d2,CD,"{""corr_sign"": 1, ""reference"": ""XTINV"", ""reference_quartile"": ""low"", ""target"": ""PTEXT""}",anomalia,Desviacion de Correlacion,anomalia,Ruido,fail,,0.9974277960067696,anomalia,False,False,False,False,0,1,,B_type_mismatch
CD_61e7ed19cb24,CD,"{""corr_sign"": 1, ""reference"": ""XTINV"", ""reference_quartile"": ""low"", ""target"": ""PTEXT""}",anomalia,Desviacion de Correlacion,anomalia,Ruido,fail,,0.9987300495550084,anomalia,False,False,False,False,0,0,,B_type_mismatch
CD_14aaf2f1b596,CD,"{""corr_sign"": 1, ""reference"": ""XTINV"", ""reference_quartile"": ""low"", ""target"": ""PTEXT""}",anomalia,Desviacion de Correlacion,anomalia,Ruido,fail,,0.9957382662096096,anomalia,False,False,False,False,0,1,,B_type_mismatch
CD_20169093226e,CD,"{""corr_sign"": 1, ""reference"": ""XTINV"", ""reference_quartile"": ""low"", ""target"": ""PTEXT""}",anomalia,Desviacion de Correlacion,anomalia,Ruido,fail,,0.9992833376134184,anomalia,False,False,False,False,0,1,,B_type_mismatch
CD_175650f25c67,CD,"{""corr_sign"": 1, ""reference"": ""XTINV"", ""reference_quartile"": ""low"", ""target"": ""PTEXT""}",anomalia,Desviacion de Correlacion,anomalia,Ruido,fail,,0.999101503763238,anomalia,False,False,False,False,0,1,,B_type_mismatch
CD_80319ef8bd53,CD,"{""corr_sign"": 1, ""reference"": ""XTINV"", ""reference_quartile"": ""low"", ""target"": ""PTEXT""}",anomalia,Desviacion de Correlacion,anomalia,Ruido,fail,,0.9948303847348672,anomalia,False,False,False,False,0,1,,B_type_mismatch
CD_9078f5628637,CD,"{""corr_sign"": 1, ""reference"": ""XTINV"", ""reference_quartile"": ""low"", ""target"": ""PTEXT""}",anomalia,Desviacion de Correlacion,anomalia,Ruido,fail,,0.9983766654390768,anomalia,False,False,False,False,0,0,,B_type_mismatch
CD_25c1e4380e4c,CD,"{""corr_sign"": 1, ""reference"": ""XTINV"", ""reference_quartile"": ""low"", ""target"": ""PTEXT""}",anomalia,Desviacion de Correlacion,anomalia,Ruido,fail,,0.998333164200622,anomalia,False,False,False,False,0,1,,B_type_mismatch
CD_0a0200c075eb,CD,"{""corr_sign"": 1, ""reference"": ""XTINV"", ""reference_quartile"": ""low"", ""target"": ""PTEXT""}",anomalia,Desviacion de Correlacion,anomalia,Ruido,fail,,0.9957169170088734,anomalia,False,False,False,False,0,1,,B_type_mismatch
CD_38a7aa0ee376,CD,"{""corr_sign"": 1, ""reference"": ""XTINV"", ""reference_quartile"": ""low"", ""target"": ""PTEXT""}",anomalia,Desviacion de Correlacion,anomalia,Ruido,fail,,0.9997210668063242,anomalia,False,False,False,False,0,1,,B_type_mismatch
CD_7ffabffab2d2,CD,"{""corr_sign"": 1, ""reference"": ""XTINV"", ""reference_quartile"": ""low"", ""target"": ""PTEXT""}",anomalia,Desviacion de Correlacion,anomalia,Ruido,fail,,0.9907828218443276,anomalia,False,False,False,False,0,1,,B_type_mismatch
CD_d4149f71760a,CD,"{""corr_sign"": 1, ""reference"": ""XTINV"", ""reference_quartile"": ""low"", ""target"": ""PTEXT""}",anomalia,Desviacion de Correlacion,anomalia,Ruido,fail,,0.9994931489524548,anomalia,False,False,False,False,0,0,,B_type_mismatch
CD_09bb87a9b926,CD,"{""corr_sign"": 1, ""reference"": ""XTINV"", ""reference_quartile"": ""low"", ""target"": ""PTEXT""}",anomalia,Desviacion de Correlacion,anomalia,Ruido,fail,,0.9843287251821532,anomalia,False,False,False,False,0,1,,B_type_mismatch
CD_336f39c7002d,CD,"{""corr_sign"": 1, ""reference"": ""XTINV"", ""reference_quartile"": ""low"", ""target"": ""PTEXT""}",anomalia,Desviacion de Correlacion,anomalia,Ruido,fail,,0.999565691122542,anomalia,False,False,False,False,0,0,,B_type_mismatch
CD_1680f18158e2,CD,"{""corr_sign"": 1, ""reference"": ""XTINV"", ""reference_quartile"": ""low"", ""target"": ""PTEXT""}",anomalia,Desviacion de Correlacion,anomalia,Ruido,fail,,0.9998723132769406,anomalia,False,False,False,False,0,0,,B_type_mismatch
CD_cd4e85ce8fc2,CD,"{""corr_sign"": 1, ""reference"": ""XTINV"", ""reference_quartile"": ""low"", ""target"": ""PTEXT""}",anomalia,Desviacion de Correlacion,anomalia,Ruido,fail,,0.9913529597893938,anomalia,False,False,False,False,0,1,,B_type_mismatch
CD_a683bb00d484,CD,"{""corr_sign"": 1, ""reference"": ""XTINV"", ""reference_quartile"": ""low"", ""target"": ""PTEXT""}",anomalia,Desviacion de Correlacion,anomalia,Ruido,fail,,0.9997390032670848,anomalia,False,False,False,False,0,1,,B_type_mismatch
CD_e81daa796c2e,CD,"{""corr_sign"": 1, ""reference"": ""XTINV"", ""reference_quartile"": ""low"", ""target"": ""PTEXT""}",anomalia,Desviacion de Correlacion,anomalia,Ruido,fail,,0.9996972218828974,anomalia,False,False,False,False,0,1,,B_type_mismatch
CD_68172395a54b,CD,"{""corr_sign"": 1, ""reference"": ""XTINV"", ""reference_quartile"": ""low"", ""target"": ""PTEXT""}",anomalia,Desviacion de Correlacion,anomalia,Ruido,fail,,0.999649850278824,anomalia,False,False,False,False,0,1,,B_type_mismatch
CD_4bba67cba735,CD,"{""corr_sign"": 1, ""reference"": ""XTINV"", ""reference_quartile"": ""low"", ""target"": ""PTEXT""}",anomalia,Desviacion de Correlacion,anomalia,Ruido,fail,,0.9987850137656308,anomalia,False,False,False,False,0,1,,B_type_mismatch
CD_a6b558b9ccd9,CD,"{""corr_sign"": 1, ""reference"": ""XTINV"", ""reference_quartile"": ""low"", ""target"": ""PTEXT""}",anomalia,Desviacion de Correlacion,anomalia,Ruido,fail,,0.9992816965567956,anomalia,False,False,False,False,0,1,,B_type_mismatch
CD_e3d4d4cfa4df,CD,"{""corr_sign"": 1, ""reference"": ""XTINV"", ""reference_quartile"": ""low"", ""target"": ""PTEXT""}",anomalia,Desviacion de Correlacion,anomalia,Ruido,fail,,0.999710525381716,anomalia,False,False,False,False,0,1,,B_type_mismatch
CD_92589ee5103e,CD,"{""corr_sign"": 1, ""reference"": ""XTINV"", ""reference_quartile"": ""low"", ""target"": ""PTEXT""}",anomalia,Desviacion de Correlacion,anomalia,Ruido,fail,,0.9995207085898424,anomalia,False,False,False,False,0,1,,B_type_mismatch
CD_0c11c165ab1a,CD,"{""corr_sign"": 1, ""reference"": ""XTINV"", ""reference_quartile"": ""low"", ""target"": ""PTEXT""}",anomalia,Desviacion de Correlacion,anomalia,Ruido,fail,,0.9926108225214084,anomalia,False,False,False,False,0,1,,B_type_mismatch
CD_0656284e388c,CD,"{""corr_sign"": 1, ""reference"": ""XTINV"", ""reference_quartile"": ""low"", ""target"": ""PTEXT""}",anomalia,Desviacion de Correlacion,anomalia,Ruido,fail,,0.9985617485982946,anomalia,False,False,False,False,0,1,,B_type_mismatch
CD_1c082821b577,CD,"{""corr_sign"": 1, ""reference"": ""XTINV"", ""reference_quartile"": ""low"", ""target"": ""PTEXT""}",anomalia,Desviacion de Correlacion,anomalia,Ruido,fail,,0.9941526541159784,anomalia,False,False,False,False,0,1,,B_type_mismatch
CD_66957655cfb5,CD,"{""corr_sign"": 1, ""reference"": ""XTINV"", ""reference_quartile"": ""low"", ""target"": ""PTEXT""}",anomalia,Desviacion de Correlacion,anomalia,Ruido,fail,,0.999808427687798,anomalia,False,False,False,False,0,1,,B_type_mismatch
CD_8186b1a13f54,CD,"{""corr_sign"": 1, ""reference"": ""XTINV"", ""reference_quartile"": ""low"", ""target"": ""PTEXT""}",anomalia,Desviacion de Correlacion,anomalia,Ruido,fail,,0.9990238600009548,anomalia,False,False,False,False,0,0,,B_type_mismatch
CD_b750142bfdb4,CD,"{""corr_sign"": 1, ""reference"": ""XTINV"", ""reference_quartile"": ""low"", ""target"": ""PTEXT""}",anomalia,Desviacion de Correlacion,anomalia,Ruido,fail,,0.9965061324515526,anomalia,False,False,False,False,0,1,,B_type_mismatch
CD_ea3d67042791,CD,"{""corr_sign"": 1, ""reference"": ""XTINV"", ""reference_quartile"": ""low"", ""target"": ""PTEXT""}",anomalia,Desviacion de Correlacion,anomalia,Ruido,fail,,0.9967912893973176,anomalia,False,False,False,False,0,1,,B_type_mismatch
CD_c48a2a535379,CD,"{""corr_sign"": 1, ""reference"": ""XTINV"", ""reference_quartile"": ""low"", ""target"": ""PTEXT""}",anomalia,Desviacion de Correlacion,anomalia,Ruido,fail,,0.9994413619016737,anomalia,False,False,False,False,0,0,,B_type_mismatch
CD_4bb1da3ff090,CD,"{""corr_sign"": 1, ""reference"": ""XTINV"", ""reference_quartile"": ""low"", ""target"": ""PTEXT""}",anomalia,Desviacion de Correlacion,anomalia,Ruido,fail,,0.9935863175414964,anomalia,False,False,False,False,0,0,,B_type_mismatch
CD_0e502cb3ed60,CD,"{""corr_sign"": 1, ""reference"": ""XTINV"", ""reference_quartile"": ""low"", ""target"": ""PTEXT""}",anomalia,Desviacion de Correlacion,anomalia,Ruido,fail,,0.999546208946438,anomalia,False,False,False,False,0,1,,B_type_mismatch
CD_71f964d93135,CD,"{""corr_sign"": 1, ""reference"": ""XTINV"", ""reference_quartile"": ""low"", ""target"": ""PTEXT""}",anomalia,Desviacion de Correlacion,anomalia,Ruido,fail,,0.998605076021372,anomalia,False,False,False,False,0,1,,B_type_mismatch
CD_eb8f6bb4b692,CD,"{""corr_sign"": 1, ""reference"": ""XTINV"", ""reference_quartile"": ""low"", ""target"": ""PTEXT""}",anomalia,Desviacion de Correlacion,anomalia,Ruido,fail,,0.9925050592764164,anomalia,False,False,False,False,0,0,,B_type_mismatch
CD_f57320257e50,CD,"{""corr_sign"": 1, ""reference"": ""XTINV"", ""reference_quartile"": ""low"", ""target"": ""PTEXT""}",anomalia,Desviacion de Correlacion,anomalia,Ruido,fail,,0.999607592212302,anomalia,False,False,False,False,0,0,,B_type_mismatch
CD_b03c2b7044bc,CD,"{""corr_sign"": 1, ""reference"": ""XTINV"", ""reference_quartile"": ""low"", ""target"": ""PTEXT""}",anomalia,Desviacion de Correlacion,anomalia,Ruido,fail,,0.9995507961251158,anomalia,False,False,False,False,0,1,,B_type_mismatch
CD_6ff7c54bd0ca,CD,"{""corr_sign"": 1, ""reference"": ""XTINV"", ""reference_quartile"": ""low"", ""target"": ""PTEXT""}",anomalia,Desviacion de Correlacion,anomalia,Ruido,fail,,0.9996326724745456,anomalia,False,False,False,False,0,1,,B_type_mismatch
CD_a537d2eb9f51,CD,"{""corr_sign"": 1, ""reference"": ""XTINV"", ""reference_quartile"": ""low"", ""target"": ""PTEXT""}",anomalia,Desviacion de Correlacion,anomalia,Ruido,fail,,0.9983492295920058,anomalia,False,False,False,False,0,1,,B_type_mismatch
CD_483e49766c94,CD,"{""corr_sign"": 1, ""reference"": ""XTINV"", ""reference_quartile"": ""low"", ""target"": ""PTEXT""}",anomalia,Desviacion de Correlacion,anomalia,Ruido,fail,,0.9985592522974216,anomalia,False,False,False,False,0,0,,B_type_mismatch
CD_e60976938bf5,CD,"{""corr_sign"": 1, ""reference"": ""XTINV"", ""reference_quartile"": ""low"", ""target"": ""PTEXT""}",anomalia,Desviacion de Correlacion,anomalia,Ruido,fail,,0.9997717227711082,anomalia,False,False,False,False,0,0,,B_type_mismatch
CD_2e90f437e1c7,CD,"{""corr_sign"": 1, ""reference"": ""XTINV"", ""reference_quartile"": ""low"", ""target"": ""PTEXT""}",anomalia,Desviacion de Correlacion,anomalia,Ruido,fail,,0.9992167155484548,anomalia,False,False,False,False,0,0,,B_type_mismatch
CD_b3b6fbbfbcd0,CD,"{""corr_sign"": 1, ""reference"": ""XTINV"", ""reference_quartile"": ""low"", ""target"": ""PTEXT""}",anomalia,Desviacion de Correlacion,anomalia,Ruido,fail,,0.9995730241352564,anomalia,False,False,False,False,0,1,,B_type_mismatch
CD_8db3594e7dbf,CD,"{""corr_sign"": 1, ""reference"": ""XTINV"", ""reference_quartile"": ""low"", ""target"": ""PTEXT""}",anomalia,Desviacion de Correlacion,anomalia,Ruido,fail,,0.998511889415368,anomalia,False,False,False,False,0,0,,B_type_mismatch
CD_9e30fbf04082,CD,"{""corr_sign"": 1, ""reference"": ""XTINV"", ""reference_quartile"": ""low"", ""target"": ""PTEXT""}",anomalia,Desviacion de Correlacion,anomalia,Ruido,fail,,0.999020069504588,anomalia,False,False,False,False,0,1,,B_type_mismatch
CD_86dd9f420236,CD,"{""corr_sign"": 1, ""reference"": ""XTINV"", ""reference_quartile"": ""low"", ""target"": ""PTEXT""}",anomalia,Desviacion de Correlacion,anomalia,Ruido,fail,,0.964182038679712,anomalia,False,False,False,False,0,1,,B_type_mismatch
CD_f2fe240f435c,CD,"{""corr_sign"": 1, ""reference"": ""XTINV"", ""reference_quartile"": ""low"", ""target"": ""PTEXT""}",anomalia,Desviacion de Correlacion,anomalia,Ruido,fail,,0.9957185223385936,anomalia,False,False,False,False,0,1,,B_type_mismatch
CD_e45335e6f354,CD,"{""corr_sign"": 1, ""reference"": ""XTINV"", ""reference_quartile"": ""low"", ""target"": ""PTEXT""}",anomalia,Desviacion de Correlacion,anomalia,Ruido,fail,,0.999781915920522,anomalia,False,False,False,False,0,0,,B_type_mismatch
CD_dc3c81d09da2,CD,"{""corr_sign"": 1, ""reference"": ""XTINV"", ""reference_quartile"": ""low"", ""target"": ""PTEXT""}",anomalia,Desviacion de Correlacion,anomalia,Ruido,fail,,0.999499674050977,anomalia,False,False,False,False,0,1,,B_type_mismatch
CD_bcb68c420e65,CD,"{""corr_sign"": 1, ""reference"": ""XTINV"", ""reference_quartile"": ""low"", ""target"": ""PTEXT""}",anomalia,Desviacion de Correlacion,anomalia,Ruido,fail,,0.9992674474970896,anomalia,False,False,False,False,0,1,,B_type_mismatch
CD_b21f268c4af1,CD,"{""corr_sign"": 1, ""reference"": ""XTINV"", ""reference_quartile"": ""low"", ""target"": ""PTEXT""}",anomalia,Desviacion de Correlacion,anomalia,Ruido,fail,,0.9995420895525662,anomalia,False,False,False,False,0,1,,B_type_mismatch
CD_c0884d322377,CD,"{""corr_sign"": 1, ""reference"": ""XTINV"", ""reference_quartile"": ""low"", ""target"": ""PTEXT""}",anomalia,Desviacion de Correlacion,anomalia,Ruido,fail,,0.999623795385584,anomalia,False,False,False,False,0,0,,B_type_mismatch
CD_78b1f43c98de,CD,"{""corr_sign"": 1, ""reference"": ""XTINV"", ""reference_quartile"": ""low"", ""target"": ""PTEXT""}",anomalia,Desviacion de Correlacion,anomalia,Ruido,fail,,0.9950204872422052,anomalia,False,False,False,False,0,0,,B_type_mismatch
CD_86ff8d626481,CD,"{""corr_sign"": 1, ""reference"": ""XTINV"", ""reference_quartile"": ""low"", ""target"": ""PTEXT""}",anomalia,Desviacion de Correlacion,anomalia,Ruido,fail,,0.9940275380927676,anomalia,False,False,False,False,0,0,,B_type_mismatch
CD_5b4003d5c3dc,CD,"{""corr_sign"": 1, ""reference"": ""XTINV"", ""reference_quartile"": ""low"", ""target"": ""PTEXT""}",anomalia,Desviacion de Correlacion,anomalia,Ruido,fail,,0.9995636760819104,anomalia,False,False,False,False,0,0,,B_type_mismatch
CD_823caaea2443,CD,"{""corr_sign"": 1, ""reference"": ""XTINV"", ""reference_quartile"": ""low"", ""target"": ""PTEXT""}",anomalia,Desviacion de Correlacion,anomalia,Ruido,fail,,0.9756035765252852,anomalia,False,False,False,False,0,1,,B_type_mismatch
CD_b220a063baa1,CD,"{""corr_sign"": 1, ""reference"": ""XTINV"", ""reference_quartile"": ""low"", ""target"": ""PTEXT""}",anomalia,Desviacion de Correlacion,anomalia,Ruido,fail,,0.9997569776095858,anomalia,False,False,False,False,0,1,,B_type_mismatch
CD_50c2c30a51e7,CD,"{""corr_sign"": 1, ""reference"": ""XTINV"", ""reference_quartile"": ""low"", ""target"": ""PTEXT""}",anomalia,Desviacion de Correlacion,anomalia,Ruido,fail,,0.995639666876036,anomalia,False,False,False,False,0,1,,B_type_mismatch
CD_b145a8e44e70,CD,"{""corr_sign"": 1, ""reference"": ""XTINV"", ""reference_quartile"": ""low"", ""target"": ""PTEXT""}",anomalia,Desviacion de Correlacion,anomalia,Ruido,fail,,0.999366260668294,anomalia,False,False,False,False,0,1,,B_type_mismatch
CD_892b1a4762af,CD,"{""corr_sign"": 1, ""reference"": ""XTINV"", ""reference_quartile"": ""low"", ""target"": ""PTEXT""}",anomalia,Desviacion de Correlacion,anomalia,Ruido,fail,,0.9986928620488849,anomalia,False,False,False,False,0,0,,B_type_mismatch
CD_3bec10864da5,CD,"{""corr_sign"": 1, ""reference"": ""XTINV"", ""reference_quartile"": ""low"", ""target"": ""PTEXT""}",anomalia,Desviacion de Correlacion,anomalia,Ruido,fail,,0.9992006777168624,anomalia,False,False,False,False,0,1,,B_type_mismatch
CD_525932adac28,CD,"{""corr_sign"": 1, ""reference"": ""XTINV"", ""reference_quartile"": ""low"", ""target"": ""PTEXT""}",anomalia,Desviacion de Correlacion,anomalia,Ruido,fail,,0.9989053798347756,anomalia,False,False,False,False,0,1,,B_type_mismatch
CD_04119d4cf30d,CD,"{""corr_sign"": 1, ""reference"": ""XTINV"", ""reference_quartile"": ""low"", ""target"": ""PTEXT""}",anomalia,Desviacion de Correlacion,anomalia,Ruido,fail,,0.9997682001736292,anomalia,False,False,False,False,0,1,,B_type_mismatch
CD_658b9e592151,CD,"{""corr_sign"": 1, ""reference"": ""XTINV"", ""reference_quartile"": ""low"", ""target"": ""PTEXT""}",anomalia,Desviacion de Correlacion,anomalia,Ruido,fail,,0.9995541440507144,anomalia,False,False,False,False,0,1,,B_type_mismatch
CD_7909f8a9b205,CD,"{""corr_sign"": 1, ""reference"": ""XTINV"", ""reference_quartile"": ""low"", ""target"": ""PTEXT""}",anomalia,Desviacion de Correlacion,anomalia,Ruido,fail,,0.9766490155296133,anomalia,False,False,False,False,0,0,,B_type_mismatch
CD_7cd8e089568e,CD,"{""corr_sign"": 1, ""reference"": ""XTINV"", ""reference_quartile"": ""low"", ""target"": ""PTEXT""}",anomalia,Desviacion de Correlacion,anomalia,Ruido,fail,,0.9997046289947644,anomalia,False,False,False,False,0,1,,B_type_mismatch
CD_44e41af4533e,CD,"{""corr_sign"": 1, ""reference"": ""XTINV"", ""reference_quartile"": ""low"", ""target"": ""PTEXT""}",anomalia,Desviacion de Correlacion,anomalia,Ruido,fail,,0.9995607280158464,anomalia,False,False,False,False,0,1,,B_type_mismatch
CD_0fb127834da6,CD,"{""corr_sign"": 1, ""reference"": ""XTINV"", ""reference_quartile"": ""low"", ""target"": ""PTEXT""}",anomalia,Desviacion de Correlacion,anomalia,Ruido,fail,,0.9888310318340916,anomalia,False,False,False,False,0,1,,B_type_mismatch
CD_3ca1fddbd2ab,CD,"{""corr_sign"": 1, ""reference"": ""XTINV"", ""reference_quartile"": ""low"", ""target"": ""PTEXT""}",anomalia,Desviacion de Correlacion,anomalia,Ruido,fail,,0.9993399252249708,anomalia,False,False,False,False,0,1,,B_type_mismatch
CD_a7bd2351652c,CD,"{""corr_sign"": 1, ""reference"": ""XTINV"", ""reference_quartile"": ""low"", ""target"": ""PTEXT""}",anomalia,Desviacion de Correlacion,anomalia,Ruido,fail,,0.9984226713826316,anomalia,False,False,False,False,0,1,,B_type_mismatch
CD_0be0964955bc,CD,"{""corr_sign"": 1, ""reference"": ""XTINV"", ""reference_quartile"": ""low"", ""target"": ""PTEXT""}",anomalia,Desviacion de Correlacion,anomalia,Ruido,fail,,0.998878368672736,anomalia,False,False,False,False,0,0,,B_type_mismatch
CD_19b97938971c,CD,"{""corr_sign"": 1, ""reference"": ""XTINV"", ""reference_quartile"": ""low"", ""target"": ""PTEXT""}",anomalia,Desviacion de Correlacion,anomalia,Ruido,fail,,0.999461661928986,anomalia,False,False,False,False,0,1,,B_type_mismatch
CD_5a9198779bdf,CD,"{""corr_sign"": 1, ""reference"": ""XTINV"", ""reference_quartile"": ""low"", ""target"": ""PTEXT""}",anomalia,Desviacion de Correlacion,anomalia,Ruido,fail,,0.9991376688985204,anomalia,False,False,False,False,0,1,,B_type_mismatch
CD_4c95b6b77fd2,CD,"{""corr_sign"": 1, ""reference"": ""XTINV"", ""reference_quartile"": ""low"", ""target"": ""PTEXT""}",anomalia,Desviacion de Correlacion,anomalia,Ruido,fail,,0.9994930601922092,anomalia,False,False,False,False,0,1,,B_type_mismatch
CD_643919384c54,CD,"{""corr_sign"": 1, ""reference"": ""XTINV"", ""reference_quartile"": ""low"", ""target"": ""PTEXT""}",anomalia,Desviacion de Correlacion,anomalia,Ruido,fail,,0.9993789945872414,anomalia,False,False,False,False,0,1,,B_type_mismatch
CD_6929199f92df,CD,"{""corr_sign"": 1, ""reference"": ""XTINV"", ""reference_quartile"": ""low"", ""target"": ""PTEXT""}",anomalia,Desviacion de Correlacion,anomalia,Ruido,fail,,0.962677087837019,anomalia,False,False,False,False,0,1,,B_type_mismatch
CD_2f0aa36a11a5,CD,"{""corr_sign"": 1, ""reference"": ""XTINV"", ""reference_quartile"": ""low"", ""target"": ""PTEXT""}",anomalia,Desviacion de Correlacion,anomalia,Ruido,fail,,0.9997313349031112,anomalia,False,False,False,False,0,0,,B_type_mismatch
CD_aa92929c38c2,CD,"{""corr_sign"": 1, ""reference"": ""XTINV"", ""reference_quartile"": ""low"", ""target"": ""PTEXT""}",anomalia,Desviacion de Correlacion,anomalia,Ruido,fail,,0.9997953691165152,anomalia,False,False,False,False,0,1,,B_type_mismatch
CD_c86eda61c093,CD,"{""corr_sign"": 1, ""reference"": ""XTINV"", ""reference_quartile"": ""high"", ""target"": ""PTEXT""}",anomalia,Desviacion de Correlacion,anomalia,Ruido,fail,,0.99922098188425,anomalia,False,False,False,False,0,0,,B_type_mismatch
CD_1d9d88a6d04e,CD,"{""corr_sign"": 1, ""reference"": ""XTINV"", ""reference_quartile"": ""high"", ""target"": ""PTEXT""}",anomalia,Desviacion de Correlacion,anomalia,Ruido,fail,,0.9972922782446388,anomalia,False,False,False,False,0,0,,B_type_mismatch
CD_7f8bfa10e1f9,CD,"{""corr_sign"": 1, ""reference"": ""XTINV"", ""reference_quartile"": ""high"", ""target"": ""PTEXT""}",anomalia,Desviacion de Correlacion,anomalia,Ruido,fail,,0.9961485749830048,anomalia,False,False,False,False,0,0,,B_type_mismatch
CD_48aeae4e0267,CD,"{""corr_sign"": 1, ""reference"": ""XTINV"", ""reference_quartile"": ""high"", ""target"": ""PTEXT""}",anomalia,Desviacion de Correlacion,anomalia,Ruido,fail,,0.9490073642344148,anomalia,False,False,False,False,0,0,,B_type_mismatch
CD_aaded35cc5c6,CD,"{""corr_sign"": 1, ""reference"": ""XTINV"", ""reference_quartile"": ""high"", ""target"": ""PTEXT""}",anomalia,Desviacion de Correlacion,anomalia,Ruido,fail,,0.9990375749307788,anomalia,False,False,False,False,0,0,,B_type_mismatch
CD_93cae52ba234,CD,"{""corr_sign"": 1, ""reference"": ""XTINV"", ""reference_quartile"": ""high"", ""target"": ""PTEXT""}",anomalia,Desviacion de Correlacion,anomalia,Ruido,fail,,0.9997589336304098,anomalia,False,False,False,False,0,0,,B_type_mismatch
CD_5f724cb642d3,CD,"{""corr_sign"": 1, ""reference"": ""XTINV"", ""reference_quartile"": ""high"", ""target"": ""PTEXT""}",anomalia,Desviacion de Correlacion,anomalia,Ruido,fail,,0.9994063389569574,anomalia,False,False,False,False,0,0,,B_type_mismatch
CD_dc6d9b97c994,CD,"{""corr_sign"": 1, ""reference"": ""XTINV"", ""reference_quartile"": ""high"", ""target"": ""PTEXT""}",anomalia,Desviacion de Correlacion,anomalia,Ruido,fail,,0.9996407731517696,anomalia,False,False,False,False,0,0,,B_type_mismatch
CD_c2f38dcbe67d,CD,"{""corr_sign"": 1, ""reference"": ""XTINV"", ""reference_quartile"": ""high"", ""target"": ""PTEXT""}",anomalia,Desviacion de Correlacion,normal,normal,fail,,0.7987256807773156,normal,False,False,False,False,0,0,,A_binary_miss
CD_e21985391d44,CD,"{""corr_sign"": 1, ""reference"": ""XTINV"", ""reference_quartile"": ""high"", ""target"": ""PTEXT""}",anomalia,Desviacion de Correlacion,anomalia,Ruido,fail,,0.9996050773593668,anomalia,False,False,False,False,0,0,,B_type_mismatch
CD_e0f91e8445b9,CD,"{""corr_sign"": 1, ""reference"": ""XTINV"", ""reference_quartile"": ""high"", ""target"": ""PTEXT""}",anomalia,Desviacion de Correlacion,anomalia,Ruido,fail,,0.9998321454527438,anomalia,False,False,False,False,0,0,,B_type_mismatch
CD_de59da743e3c,CD,"{""corr_sign"": 1, ""reference"": ""XTINV"", ""reference_quartile"": ""high"", ""target"": ""PTEXT""}",anomalia,Desviacion de Correlacion,anomalia,Ruido,fail,,0.999540350437432,anomalia,False,False,False,False,0,0,,B_type_mismatch
CD_e9a3b6ee74ef,CD,"{""corr_sign"": 1, ""reference"": ""XTINV"", ""reference_quartile"": ""high"", ""target"": ""PTEXT""}",anomalia,Desviacion de Correlacion,anomalia,Ruido,fail,,0.9998662273936704,anomalia,False,False,False,False,0,0,,B_type_mismatch
CD_81bd8fb382e9,CD,"{""corr_sign"": 1, ""reference"": ""XTINV"", ""reference_quartile"": ""high"", ""target"": ""PTEXT""}",anomalia,Desviacion de Correlacion,anomalia,Ruido,fail,,0.9960521489504346,anomalia,False,False,False,False,0,0,,B_type_mismatch
CD_a2ecd5b5d9b3,CD,"{""corr_sign"": 1, ""reference"": ""XTINV"", ""reference_quartile"": ""high"", ""target"": ""PTEXT""}",anomalia,Desviacion de Correlacion,anomalia,Ruido,fail,,0.9937316819553208,anomalia,False,False,False,False,0,0,,B_type_mismatch
CD_76b60244c893,CD,"{""corr_sign"": 1, ""reference"": ""XTINV"", ""reference_quartile"": ""high"", ""target"": ""PTEXT""}",anomalia,Desviacion de Correlacion,anomalia,Ruido,fail,,0.9994989670455832,anomalia,False,False,False,False,0,0,,B_type_mismatch
CD_7e618180fa51,CD,"{""corr_sign"": 1, ""reference"": ""XTINV"", ""reference_quartile"": ""high"", ""target"": ""PTEXT""}",anomalia,Desviacion de Correlacion,anomalia,Ruido,fail,,0.999702137675285,anomalia,False,False,False,False,0,0,,B_type_mismatch
CD_52c0ba31ae11,CD,"{""corr_sign"": 1, ""reference"": ""XTINV"", ""reference_quartile"": ""high"", ""target"": ""PTEXT""}",anomalia,Desviacion de Correlacion,anomalia,Ruido,fail,,0.9997200182207934,anomalia,False,False,False,False,0,0,,B_type_mismatch
CD_d4489336a9e0,CD,"{""corr_sign"": 1, ""reference"": ""XTINV"", ""reference_quartile"": ""high"", ""target"": ""PTEXT""}",anomalia,Desviacion de Correlacion,anomalia,Ruido,fail,,0.9955421483588928,anomalia,False,False,False,False,0,0,,B_type_mismatch
CD_301af60a3508,CD,"{""corr_sign"": 1, ""reference"": ""XTINV"", ""reference_quartile"": ""high"", ""target"": ""PTEXT""}",anomalia,Desviacion de Correlacion,anomalia,Ruido,fail,,0.9821699704910966,anomalia,False,False,False,False,0,0,,B_type_mismatch
CD_ac815c03c216,CD,"{""corr_sign"": 1, ""reference"": ""XTINV"", ""reference_quartile"": ""high"", ""target"": ""PTEXT""}",anomalia,Desviacion de Correlacion,anomalia,Ruido,fail,,0.9996898232040968,anomalia,False,False,False,False,0,0,,B_type_mismatch
CD_807597ae8a68,CD,"{""corr_sign"": 1, ""reference"": ""XTINV"", ""reference_quartile"": ""high"", ""target"": ""PTEXT""}",anomalia,Desviacion de Correlacion,anomalia,Ruido,fail,,0.999382222070286,anomalia,False,False,False,False,0,0,,B_type_mismatch
CD_d240c9525fe5,CD,"{""corr_sign"": 1, ""reference"": ""XTINV"", ""reference_quartile"": ""high"", ""target"": ""PTEXT""}",anomalia,Desviacion de Correlacion,anomalia,Ruido,fail,,0.9996970391876056,anomalia,False,False,False,False,0,0,,B_type_mismatch
CD_ac2146b0edb4,CD,"{""corr_sign"": 1, ""reference"": ""XTINV"", ""reference_quartile"": ""high"", ""target"": ""PTEXT""}",anomalia,Desviacion de Correlacion,anomalia,Ruido,fail,,0.9982788108747506,anomalia,False,False,False,False,0,0,,B_type_mismatch
CD_4acffc739aa7,CD,"{""corr_sign"": 1, ""reference"": ""XTINV"", ""reference_quartile"": ""high"", ""target"": ""PTEXT""}",anomalia,Desviacion de Correlacion,anomalia,Ruido,fail,,0.9982291007112458,anomalia,False,False,False,False,0,0,,B_type_mismatch
CD_07c49b1c5eba,CD,"{""corr_sign"": 1, ""reference"": ""XTINV"", ""reference_quartile"": ""high"", ""target"": ""PTEXT""}",anomalia,Desviacion de Correlacion,anomalia,Ruido,fail,,0.9989757192847456,anomalia,False,False,False,False,0,0,,B_type_mismatch
CD_6dcd4219931c,CD,"{""corr_sign"": 1, ""reference"": ""XTINV"", ""reference_quartile"": ""high"", ""target"": ""PTEXT""}",anomalia,Desviacion de Correlacion,anomalia,Ruido,fail,,0.9993243800892524,anomalia,False,False,False,False,0,0,,B_type_mismatch
CD_bdacac3987f2,CD,"{""corr_sign"": 1, ""reference"": ""XTINV"", ""reference_quartile"": ""high"", ""target"": ""PTEXT""}",anomalia,Desviacion de Correlacion,anomalia,Ruido,fail,,0.9965724770954476,anomalia,False,False,False,False,0,0,,B_type_mismatch
CD_995edbde5a21,CD,"{""corr_sign"": 1, ""reference"": ""XTINV"", ""reference_quartile"": ""high"", ""target"": ""PTEXT""}",anomalia,Desviacion de Correlacion,anomalia,Ruido,fail,,0.9990697029991102,anomalia,False,False,False,False,0,0,,B_type_mismatch
CD_8b65fdfb86fa,CD,"{""corr_sign"": 1, ""reference"": ""XTINV"", ""reference_quartile"": ""high"", ""target"": ""PTEXT""}",anomalia,Desviacion de Correlacion,anomalia,Ruido,fail,,0.9941971152916246,anomalia,False,False,False,False,0,0,,B_type_mismatch
CD_eb07fcfba72d,CD,"{""corr_sign"": 1, ""reference"": ""XTINV"", ""reference_quartile"": ""high"", ""target"": ""PTEXT""}",anomalia,Desviacion de Correlacion,anomalia,Ruido,fail,,0.9971928759254068,anomalia,False,False,False,False,0,0,,B_type_mismatch
CD_9b56cefc7460,CD,"{""corr_sign"": 1, ""reference"": ""XTINV"", ""reference_quartile"": ""high"", ""target"": ""PTEXT""}",anomalia,Desviacion de Correlacion,anomalia,Ruido,fail,,0.9995134565123528,anomalia,False,False,False,False,0,0,,B_type_mismatch
CD_c019fc8d0a10,CD,"{""corr_sign"": 1, ""reference"": ""XTINV"", ""reference_quartile"": ""high"", ""target"": ""PTEXT""}",anomalia,Desviacion de Correlacion,anomalia,Ruido,fail,,0.9996155046611174,anomalia,False,False,False,False,0,0,,B_type_mismatch
CD_df65d31e5fd7,CD,"{""corr_sign"": 1, ""reference"": ""XTINV"", ""reference_quartile"": ""high"", ""target"": ""PTEXT""}",anomalia,Desviacion de Correlacion,anomalia,Ruido,fail,,0.9996052656472582,anomalia,False,False,False,False,0,0,,B_type_mismatch
CD_77789abb1ffe,CD,"{""corr_sign"": 1, ""reference"": ""XTINV"", ""reference_quartile"": ""high"", ""target"": ""PTEXT""}",anomalia,Desviacion de Correlacion,anomalia,Ruido,fail,,0.9991766960118412,anomalia,False,False,False,False,0,0,,B_type_mismatch
CD_b28b80e2e51d,CD,"{""corr_sign"": 1, ""reference"": ""XTINV"", ""reference_quartile"": ""high"", ""target"": ""PTEXT""}",anomalia,Desviacion de Correlacion,anomalia,Ruido,fail,,0.9997751257156632,anomalia,False,False,False,False,0,0,,B_type_mismatch
CD_2274b9dcbed4,CD,"{""corr_sign"": 1, ""reference"": ""XTINV"", ""reference_quartile"": ""high"", ""target"": ""PTEXT""}",anomalia,Desviacion de Correlacion,anomalia,Ruido,fail,,0.9978240820107334,anomalia,False,False,False,False,0,0,,B_type_mismatch
CD_f1c45c0a8bf3,CD,"{""corr_sign"": 1, ""reference"": ""XTINV"", ""reference_quartile"": ""high"", ""target"": ""PTEXT""}",anomalia,Desviacion de Correlacion,anomalia,Ruido,fail,,0.999846585121018,anomalia,False,False,False,False,0,0,,B_type_mismatch
CD_2c32a3cf7d36,CD,"{""corr_sign"": 1, ""reference"": ""XTINV"", ""reference_quartile"": ""high"", ""target"": ""PTEXT""}",anomalia,Desviacion de Correlacion,anomalia,Ruido,fail,,0.9987823297157752,anomalia,False,False,False,False,0,0,,B_type_mismatch
CD_9a98501ee04e,CD,"{""corr_sign"": 1, ""reference"": ""XTINV"", ""reference_quartile"": ""high"", ""target"": ""PTEXT""}",anomalia,Desviacion de Correlacion,anomalia,Ruido,fail,,0.992836274209981,anomalia,False,False,False,False,0,0,,B_type_mismatch
CD_a305a19191f7,CD,"{""corr_sign"": 1, ""reference"": ""XTINV"", ""reference_quartile"": ""high"", ""target"": ""PTEXT""}",anomalia,Desviacion de Correlacion,anomalia,Ruido,fail,,0.9991012635038212,anomalia,False,False,False,False,0,0,,B_type_mismatch
CD_1032785192d8,CD,"{""corr_sign"": 1, ""reference"": ""XTINV"", ""reference_quartile"": ""high"", ""target"": ""PTEXT""}",anomalia,Desviacion de Correlacion,anomalia,Ruido,fail,,0.9922658287014908,anomalia,False,False,False,False,0,0,,B_type_mismatch
CD_e4d263d38550,CD,"{""corr_sign"": 1, ""reference"": ""XTINV"", ""reference_quartile"": ""high"", ""target"": ""PTEXT""}",anomalia,Desviacion de Correlacion,anomalia,Ruido,fail,,0.9774232870900148,anomalia,False,False,False,False,0,0,,B_type_mismatch
CD_1565ff0e05f6,CD,"{""corr_sign"": 1, ""reference"": ""XTINV"", ""reference_quartile"": ""high"", ""target"": ""PTEXT""}",anomalia,Desviacion de Correlacion,anomalia,Ruido,fail,,0.9977276457629116,anomalia,False,False,False,False,0,0,,B_type_mismatch
CD_0b48de413358,CD,"{""corr_sign"": 1, ""reference"": ""XTINV"", ""reference_quartile"": ""high"", ""target"": ""PTEXT""}",anomalia,Desviacion de Correlacion,anomalia,Ruido,fail,,0.9992023558717226,anomalia,False,False,False,False,0,0,,B_type_mismatch
CD_a71a759b8372,CD,"{""corr_sign"": 1, ""reference"": ""XTINV"", ""reference_quartile"": ""high"", ""target"": ""PTEXT""}",anomalia,Desviacion de Correlacion,anomalia,Ruido,fail,,0.9856965857050264,anomalia,False,False,False,False,0,0,,B_type_mismatch
CD_c3b4f32acbc5,CD,"{""corr_sign"": 1, ""reference"": ""XTINV"", ""reference_quartile"": ""high"", ""target"": ""PTEXT""}",anomalia,Desviacion de Correlacion,anomalia,Ruido,fail,,0.998873563331524,anomalia,False,False,False,False,0,0,,B_type_mismatch
CD_70995d51dd68,CD,"{""corr_sign"": 1, ""reference"": ""XTINV"", ""reference_quartile"": ""high"", ""target"": ""PTEXT""}",anomalia,Desviacion de Correlacion,anomalia,Ruido,fail,,0.9980730569950648,anomalia,False,False,False,False,0,0,,B_type_mismatch
CD_43fafc5222aa,CD,"{""corr_sign"": 1, ""reference"": ""XTINV"", ""reference_quartile"": ""high"", ""target"": ""PTEXT""}",anomalia,Desviacion de Correlacion,anomalia,Ruido,fail,,0.9994080455014926,anomalia,False,False,False,False,0,0,,B_type_mismatch
CD_5681c72c311e,CD,"{""corr_sign"": 1, ""reference"": ""XTINV"", ""reference_quartile"": ""high"", ""target"": ""PTEXT""}",anomalia,Desviacion de Correlacion,anomalia,Ruido,fail,,0.9994249224940228,anomalia,False,False,False,False,0,0,,B_type_mismatch
CD_288e87119156,CD,"{""corr_sign"": 1, ""reference"": ""XTINV"", ""reference_quartile"": ""high"", ""target"": ""PTEXT""}",anomalia,Desviacion de Correlacion,anomalia,Ruido,fail,,0.9901110448964152,anomalia,False,False,False,False,0,0,,B_type_mismatch
CD_47db49b9aa0d,CD,"{""corr_sign"": 1, ""reference"": ""XTINV"", ""reference_quartile"": ""high"", ""target"": ""PTEXT""}",anomalia,Desviacion de Correlacion,anomalia,Ruido,fail,,0.960490003514681,anomalia,False,False,False,False,0,0,,B_type_mismatch
CD_90ab57511195,CD,"{""corr_sign"": 1, ""reference"": ""XTINV"", ""reference_quartile"": ""high"", ""target"": ""PTEXT""}",anomalia,Desviacion de Correlacion,anomalia,Ruido,fail,,0.9895837709081128,anomalia,False,False,False,False,0,0,,B_type_mismatch
CD_a0b2e65050d8,CD,"{""corr_sign"": 1, ""reference"": ""XTINV"", ""reference_quartile"": ""high"", ""target"": ""PTEXT""}",anomalia,Desviacion de Correlacion,anomalia,Ruido,fail,,0.9996427121070632,anomalia,False,False,False,False,0,0,,B_type_mismatch
CD_6ad4c8366461,CD,"{""corr_sign"": 1, ""reference"": ""XTINV"", ""reference_quartile"": ""high"", ""target"": ""PTEXT""}",anomalia,Desviacion de Correlacion,anomalia,Ruido,fail,,0.9993037577990418,anomalia,False,False,False,False,0,0,,B_type_mismatch
CD_dbf706742d7b,CD,"{""corr_sign"": 1, ""reference"": ""XTINV"", ""reference_quartile"": ""high"", ""target"": ""PTEXT""}",anomalia,Desviacion de Correlacion,anomalia,Ruido,fail,,0.9996466436019716,anomalia,False,False,False,False,0,0,,B_type_mismatch
CD_62535c4b9b1a,CD,"{""corr_sign"": 1, ""reference"": ""XTINV"", ""reference_quartile"": ""high"", ""target"": ""PTEXT""}",anomalia,Desviacion de Correlacion,anomalia,Ruido,fail,,0.9635600846863982,anomalia,False,False,False,False,0,0,,B_type_mismatch
CD_9fd60685fee6,CD,"{""corr_sign"": 1, ""reference"": ""XTINV"", ""reference_quartile"": ""high"", ""target"": ""PTEXT""}",anomalia,Desviacion de Correlacion,anomalia,Ruido,fail,,0.9986392571340929,anomalia,False,False,False,False,0,0,,B_type_mismatch
CD_6217bb34e940,CD,"{""corr_sign"": 1, ""reference"": ""XTINV"", ""reference_quartile"": ""high"", ""target"": ""PTEXT""}",anomalia,Desviacion de Correlacion,anomalia,Ruido,fail,,0.9993301353955658,anomalia,False,False,False,False,0,0,,B_type_mismatch
CD_1deac0ee3d1a,CD,"{""corr_sign"": 1, ""reference"": ""XTINV"", ""reference_quartile"": ""high"", ""target"": ""PTEXT""}",anomalia,Desviacion de Correlacion,anomalia,Ruido,fail,,0.9996674012571723,anomalia,False,False,False,False,0,0,,B_type_mismatch
CD_cd0f9a0d962e,CD,"{""corr_sign"": 1, ""reference"": ""XTINV"", ""reference_quartile"": ""high"", ""target"": ""PTEXT""}",anomalia,Desviacion de Correlacion,anomalia,Ruido,fail,,0.9976389915069488,anomalia,False,False,False,False,0,0,,B_type_mismatch
CD_3315201a7a11,CD,"{""corr_sign"": 1, ""reference"": ""XTINV"", ""reference_quartile"": ""high"", ""target"": ""PTEXT""}",anomalia,Desviacion de Correlacion,anomalia,Ruido,fail,,0.9988591684045668,anomalia,False,False,False,False,0,0,,B_type_mismatch
CD_30ed9c9f5931,CD,"{""corr_sign"": 1, ""reference"": ""XTINV"", ""reference_quartile"": ""high"", ""target"": ""PTEXT""}",anomalia,Desviacion de Correlacion,anomalia,Ruido,fail,,0.9995650011949166,anomalia,False,False,False,False,0,0,,B_type_mismatch
CD_70ee8199660f,CD,"{""corr_sign"": 1, ""reference"": ""XTINV"", ""reference_quartile"": ""high"", ""target"": ""PTEXT""}",anomalia,Desviacion de Correlacion,anomalia,Ruido,fail,,0.9446427931844362,anomalia,False,False,False,False,0,0,,B_type_mismatch
CD_a106fc0b1de2,CD,"{""corr_sign"": 1, ""reference"": ""XTINV"", ""reference_quartile"": ""high"", ""target"": ""PTEXT""}",anomalia,Desviacion de Correlacion,anomalia,Ruido,fail,,0.9812323772505076,anomalia,False,False,False,False,0,0,,B_type_mismatch
CD_2fe64ed7976e,CD,"{""corr_sign"": 1, ""reference"": ""XTINV"", ""reference_quartile"": ""high"", ""target"": ""PTEXT""}",anomalia,Desviacion de Correlacion,anomalia,Ruido,fail,,0.9997067217759602,anomalia,False,False,False,False,0,0,,B_type_mismatch
CD_1abdfbf368ea,CD,"{""corr_sign"": 1, ""reference"": ""XTINV"", ""reference_quartile"": ""high"", ""target"": ""PTEXT""}",anomalia,Desviacion de Correlacion,anomalia,Ruido,fail,,0.9995978884476922,anomalia,False,False,False,False,0,0,,B_type_mismatch
CD_4669115cd8b5,CD,"{""corr_sign"": 1, ""reference"": ""XTINV"", ""reference_quartile"": ""high"", ""target"": ""PTEXT""}",anomalia,Desviacion de Correlacion,anomalia,Ruido,fail,,0.9958981154495246,anomalia,False,False,False,False,0,0,,B_type_mismatch
CD_f187037f3a43,CD,"{""corr_sign"": 1, ""reference"": ""XTINV"", ""reference_quartile"": ""high"", ""target"": ""PTEXT""}",anomalia,Desviacion de Correlacion,anomalia,Ruido,fail,,0.9993591702774351,anomalia,False,False,False,False,0,0,,B_type_mismatch
CD_f362dd1c9e75,CD,"{""corr_sign"": 1, ""reference"": ""XTINV"", ""reference_quartile"": ""high"", ""target"": ""PTEXT""}",anomalia,Desviacion de Correlacion,anomalia,Ruido,fail,,0.9993172715874564,anomalia,False,False,False,False,0,0,,B_type_mismatch
CD_88387ef398df,CD,"{""corr_sign"": 1, ""reference"": ""XTINV"", ""reference_quartile"": ""high"", ""target"": ""PTEXT""}",anomalia,Desviacion de Correlacion,anomalia,Ruido,fail,,0.9993550679892784,anomalia,False,False,False,False,0,0,,B_type_mismatch
CD_93b5ac32b97d,CD,"{""corr_sign"": 1, ""reference"": ""XTINV"", ""reference_quartile"": ""high"", ""target"": ""PTEXT""}",anomalia,Desviacion de Correlacion,anomalia,Ruido,fail,,0.9990961726210492,anomalia,False,False,False,False,0,0,,B_type_mismatch
CD_99cd5069ddfe,CD,"{""corr_sign"": 1, ""reference"": ""XTINV"", ""reference_quartile"": ""high"", ""target"": ""PTEXT""}",anomalia,Desviacion de Correlacion,anomalia,Ruido,fail,,0.99966662344738,anomalia,False,False,False,False,0,0,,B_type_mismatch
CD_a98ae8415eeb,CD,"{""corr_sign"": 1, ""reference"": ""XTINV"", ""reference_quartile"": ""high"", ""target"": ""PTEXT""}",anomalia,Desviacion de Correlacion,anomalia,Ruido,fail,,0.9997048629394204,anomalia,False,False,False,False,0,0,,B_type_mismatch
CD_1e0c2a25ee79,CD,"{""corr_sign"": 1, ""reference"": ""XTINV"", ""reference_quartile"": ""high"", ""target"": ""PTEXT""}",anomalia,Desviacion de Correlacion,anomalia,Ruido,fail,,0.999127066323061,anomalia,False,False,False,False,0,0,,B_type_mismatch
CD_a5095e956f2f,CD,"{""corr_sign"": 1, ""reference"": ""XTINV"", ""reference_quartile"": ""high"", ""target"": ""PTEXT""}",anomalia,Desviacion de Correlacion,anomalia,Ruido,fail,,0.9994782773528336,anomalia,False,False,False,False,0,0,,B_type_mismatch
CD_8c3052f2b05d,CD,"{""corr_sign"": 1, ""reference"": ""XTINV"", ""reference_quartile"": ""high"", ""target"": ""PTEXT""}",anomalia,Desviacion de Correlacion,anomalia,Ruido,fail,,0.9946421547944776,anomalia,False,False,False,False,0,0,,B_type_mismatch
CD_882b286a953b,CD,"{""corr_sign"": 1, ""reference"": ""XTINV"", ""reference_quartile"": ""high"", ""target"": ""PTEXT""}",anomalia,Desviacion de Correlacion,anomalia,Ruido,fail,,0.995350111416903,anomalia,False,False,False,False,0,0,,B_type_mismatch
CD_2654833ef291,CD,"{""corr_sign"": 1, ""reference"": ""XTINV"", ""reference_quartile"": ""high"", ""target"": ""PTEXT""}",anomalia,Desviacion de Correlacion,anomalia,Ruido,fail,,0.9994925825187668,anomalia,False,False,False,False,0,0,,B_type_mismatch
CD_64f9eebfab3d,CD,"{""corr_sign"": 1, ""reference"": ""XTINV"", ""reference_quartile"": ""high"", ""target"": ""PTEXT""}",anomalia,Desviacion de Correlacion,anomalia,Ruido,fail,,0.9996912703155812,anomalia,False,False,False,False,0,0,,B_type_mismatch
CD_7551f64ddc7f,CD,"{""corr_sign"": 1, ""reference"": ""XTINV"", ""reference_quartile"": ""high"", ""target"": ""PTEXT""}",anomalia,Desviacion de Correlacion,anomalia,Ruido,fail,,0.9996467971172628,anomalia,False,False,False,False,0,0,,B_type_mismatch
CD_ec3d9353bd66,CD,"{""corr_sign"": 1, ""reference"": ""XTINV"", ""reference_quartile"": ""high"", ""target"": ""PTEXT""}",anomalia,Desviacion de Correlacion,anomalia,Ruido,fail,,0.9949859032046536,anomalia,False,False,False,False,0,0,,B_type_mismatch
CD_5c9c790791ef,CD,"{""corr_sign"": 1, ""reference"": ""XTINV"", ""reference_quartile"": ""high"", ""target"": ""PTEXT""}",anomalia,Desviacion de Correlacion,anomalia,Ruido,fail,,0.9996267082378416,anomalia,False,False,False,False,0,0,,B_type_mismatch
CD_7cedbb8688b5,CD,"{""corr_sign"": 1, ""reference"": ""XTINV"", ""reference_quartile"": ""high"", ""target"": ""PTEXT""}",anomalia,Desviacion de Correlacion,anomalia,Ruido,fail,,0.9992696410483808,anomalia,False,False,False,False,0,0,,B_type_mismatch
CD_e2dc709da89b,CD,"{""corr_sign"": 1, ""reference"": ""XTINV"", ""reference_quartile"": ""high"", ""target"": ""PTEXT""}",anomalia,Desviacion de Correlacion,anomalia,Ruido,fail,,0.9973708708262016,anomalia,False,False,False,False,0,0,,B_type_mismatch
CD_356c8029a605,CD,"{""corr_sign"": 1, ""reference"": ""XTINV"", ""reference_quartile"": ""high"", ""target"": ""PTEXT""}",anomalia,Desviacion de Correlacion,anomalia,Ruido,fail,,0.8487182366507533,anomalia,False,False,False,False,0,0,,B_type_mismatch
CD_248c06c97d8c,CD,"{""corr_sign"": 1, ""reference"": ""XTINV"", ""reference_quartile"": ""high"", ""target"": ""PTEXT""}",anomalia,Desviacion de Correlacion,anomalia,Ruido,fail,,0.998140980283514,anomalia,False,False,False,False,0,0,,B_type_mismatch
CD_5065e7db5ab5,CD,"{""corr_sign"": 1, ""reference"": ""XTINV"", ""reference_quartile"": ""high"", ""target"": ""PTEXT""}",anomalia,Desviacion de Correlacion,anomalia,Ruido,fail,,0.9985122068342912,anomalia,False,False,False,False,0,0,,B_type_mismatch
CD_2437efe4ca03,CD,"{""corr_sign"": 1, ""reference"": ""XTINV"", ""reference_quartile"": ""high"", ""target"": ""PTEXT""}",anomalia,Desviacion de Correlacion,anomalia,Ruido,fail,,0.9994455657324512,anomalia,False,False,False,False,0,0,,B_type_mismatch
CD_028576b04feb,CD,"{""corr_sign"": 1, ""reference"": ""XTINV"", ""reference_quartile"": ""high"", ""target"": ""PTEXT""}",anomalia,Desviacion de Correlacion,anomalia,Ruido,fail,,0.9995854602253804,anomalia,False,False,False,False,0,0,,B_type_mismatch
CD_4ebb150c5b38,CD,"{""corr_sign"": 1, ""reference"": ""XTINV"", ""reference_quartile"": ""high"", ""target"": ""PTEXT""}",anomalia,Desviacion de Correlacion,anomalia,Ruido,fail,,0.9997187917844964,anomalia,False,False,False,False,0,0,,B_type_mismatch
CD_489254265c29,CD,"{""corr_sign"": 1, ""reference"": ""XTINV"", ""reference_quartile"": ""high"", ""target"": ""PTEXT""}",anomalia,Desviacion de Correlacion,anomalia,Ruido,fail,,0.9953563163856942,anomalia,False,False,False,False,0,0,,B_type_mismatch
CD_2a9cb588cfce,CD,"{""corr_sign"": 1, ""reference"": ""XTINV"", ""reference_quartile"": ""high"", ""target"": ""PTEXT""}",anomalia,Desviacion de Correlacion,anomalia,Ruido,fail,,0.9969060269819596,anomalia,False,False,False,False,0,0,,B_type_mismatch
CD_ff8b7bb75c95,CD,"{""corr_sign"": 1, ""reference"": ""XTINV"", ""reference_quartile"": ""high"", ""target"": ""PTEXT""}",anomalia,Desviacion de Correlacion,anomalia,Ruido,fail,,0.9996591406631276,anomalia,False,False,False,False,0,0,,B_type_mismatch
CD_6903bdeb9dc3,CD,"{""corr_sign"": 1, ""reference"": ""XTINV"", ""reference_quartile"": ""high"", ""target"": ""PTEXT""}",anomalia,Desviacion de Correlacion,anomalia,Ruido,fail,,0.9982033483434792,anomalia,False,False,False,False,0,0,,B_type_mismatch
CD_ca0167418c30,CD,"{""corr_sign"": 1, ""reference"": ""XTINV"", ""reference_quartile"": ""high"", ""target"": ""PTEXT""}",anomalia,Desviacion de Correlacion,anomalia,Ruido,fail,,0.9990721818172535,anomalia,False,False,False,False,0,0,,B_type_mismatch
CD_5abe5df75c5d,CD,"{""corr_sign"": 1, ""reference"": ""XTINV"", ""reference_quartile"": ""high"", ""target"": ""PTEXT""}",anomalia,Desviacion de Correlacion,anomalia,Ruido,fail,,0.9958597717262376,anomalia,False,False,False,False,0,0,,B_type_mismatch
CD_d774eee87603,CD,"{""corr_sign"": 1, ""reference"": ""XTINV"", ""reference_quartile"": ""high"", ""target"": ""PTEXT""}",anomalia,Desviacion de Correlacion,anomalia,Ruido,fail,,0.9890342054450206,anomalia,False,False,False,False,0,0,,B_type_mismatch
CD_b34442d52da6,CD,"{""corr_sign"": 1, ""reference"": ""XTINV"", ""reference_quartile"": ""high"", ""target"": ""PTEXT""}",anomalia,Desviacion de Correlacion,anomalia,Ruido,fail,,0.9674517786649606,anomalia,False,False,False,False,0,0,,B_type_mismatch
CD_e5d41a708029,CD,"{""corr_sign"": 1, ""reference"": ""XTINV"", ""reference_quartile"": ""high"", ""target"": ""PTEXT""}",anomalia,Desviacion de Correlacion,anomalia,Ruido,fail,,0.9995275191614732,anomalia,False,False,False,False,0,0,,B_type_mismatch
CD_f0afca48571b,CD,"{""corr_sign"": 1, ""reference"": ""XTINV"", ""reference_quartile"": ""high"", ""target"": ""PTEXT""}",anomalia,Desviacion de Correlacion,anomalia,Ruido,fail,,0.9444730538609024,anomalia,False,False,False,False,0,0,,B_type_mismatch
CD_b723c5d3941f,CD,"{""corr_sign"": 1, ""reference"": ""XTINV"", ""reference_quartile"": ""high"", ""target"": ""PTEXT""}",anomalia,Desviacion de Correlacion,anomalia,Ruido,fail,,0.9991943454101458,anomalia,False,False,False,False,0,0,,B_type_mismatch
CD_f99eac7f9f29,CD,"{""corr_sign"": 1, ""reference"": ""XTINV"", ""reference_quartile"": ""high"", ""target"": ""PTEXT""}",anomalia,Desviacion de Correlacion,anomalia,Ruido,fail,,0.9954743244903836,anomalia,False,False,False,False,0,0,,B_type_mismatch
CD_06e6755b31c7,CD,"{""corr_sign"": 1, ""reference"": ""XTINV"", ""reference_quartile"": ""high"", ""target"": ""PTEXT""}",anomalia,Desviacion de Correlacion,anomalia,Ruido,fail,,0.987141842324218,anomalia,False,False,False,False,0,0,,B_type_mismatch
CD_3862402cf9cb,CD,"{""corr_sign"": 1, ""reference"": ""XTINV"", ""reference_quartile"": ""high"", ""target"": ""PTEXT""}",anomalia,Desviacion de Correlacion,anomalia,Ruido,fail,,0.982917286453703,anomalia,False,False,False,False,0,0,,B_type_mismatch
CD_a313bd41deb4,CD,"{""corr_sign"": 1, ""reference"": ""XTINV"", ""reference_quartile"": ""high"", ""target"": ""PTEXT""}",anomalia,Desviacion de Correlacion,anomalia,Ruido,fail,,0.9225656297584226,anomalia,False,False,False,False,0,0,,B_type_mismatch
CD_065fb0203c82,CD,"{""corr_sign"": 1, ""reference"": ""XTINV"", ""reference_quartile"": ""high"", ""target"": ""PTEXT""}",anomalia,Desviacion de Correlacion,anomalia,Ruido,fail,,0.999746549333418,anomalia,False,False,False,False,0,0,,B_type_mismatch
CD_ba0bf45a2e19,CD,"{""corr_sign"": 1, ""reference"": ""XTINV"", ""reference_quartile"": ""high"", ""target"": ""PTEXT""}",anomalia,Desviacion de Correlacion,anomalia,Ruido,fail,,0.9995899159835367,anomalia,False,False,False,False,0,0,,B_type_mismatch
CD_93a8c975e727,CD,"{""corr_sign"": 1, ""reference"": ""XTINV"", ""reference_quartile"": ""high"", ""target"": ""PTEXT""}",anomalia,Desviacion de Correlacion,anomalia,Ruido,fail,,0.9797282323270208,anomalia,False,False,False,False,0,0,,B_type_mismatch
CD_7900e21002ce,CD,"{""corr_sign"": 1, ""reference"": ""XTINV"", ""reference_quartile"": ""high"", ""target"": ""PTEXT""}",anomalia,Desviacion de Correlacion,anomalia,Ruido,fail,,0.9996570255413249,anomalia,False,False,False,False,0,0,,B_type_mismatch
CD_d14952ca4a29,CD,"{""corr_sign"": 1, ""reference"": ""XTINV"", ""reference_quartile"": ""high"", ""target"": ""PTEXT""}",anomalia,Desviacion de Correlacion,anomalia,Ruido,fail,,0.999751410184586,anomalia,False,False,False,False,0,0,,B_type_mismatch
CD_0203c131ecab,CD,"{""corr_sign"": 1, ""reference"": ""XTINV"", ""reference_quartile"": ""high"", ""target"": ""PTEXT""}",anomalia,Desviacion de Correlacion,anomalia,Ruido,fail,,0.999080036719237,anomalia,False,False,False,False,0,0,,B_type_mismatch
CD_30530f8350df,CD,"{""corr_sign"": 1, ""reference"": ""XTINV"", ""reference_quartile"": ""high"", ""target"": ""PTEXT""}",anomalia,Desviacion de Correlacion,anomalia,Ruido,fail,,0.9979615587119536,anomalia,False,False,False,False,0,0,,B_type_mismatch
CD_22cfe8b71524,CD,"{""corr_sign"": 1, ""reference"": ""XTINV"", ""reference_quartile"": ""high"", ""target"": ""PTEXT""}",anomalia,Desviacion de Correlacion,anomalia,Ruido,fail,,0.9939190314413338,anomalia,False,False,False,False,0,0,,B_type_mismatch
CD_e93b9ff0bf85,CD,"{""corr_sign"": 1, ""reference"": ""XTINV"", ""reference_quartile"": ""high"", ""target"": ""PTEXT""}",anomalia,Desviacion de Correlacion,anomalia,Ruido,fail,,0.996323077225726,anomalia,False,False,False,False,0,0,,B_type_mismatch
CD_95b05e68a256,CD,"{""corr_sign"": 1, ""reference"": ""XTINV"", ""reference_quartile"": ""high"", ""target"": ""PTEXT""}",anomalia,Desviacion de Correlacion,anomalia,Ruido,fail,,0.9996292926955976,anomalia,False,False,False,False,0,0,,B_type_mismatch
CD_a43a3a2a875c,CD,"{""corr_sign"": 1, ""reference"": ""XTINV"", ""reference_quartile"": ""high"", ""target"": ""PTEXT""}",anomalia,Desviacion de Correlacion,anomalia,Ruido,fail,,0.9959149802718866,anomalia,False,False,False,False,0,0,,B_type_mismatch
CD_8dc617734eec,CD,"{""corr_sign"": 1, ""reference"": ""XTINV"", ""reference_quartile"": ""high"", ""target"": ""PTEXT""}",anomalia,Desviacion de Correlacion,anomalia,Ruido,fail,,0.996160720671301,anomalia,False,False,False,False,0,0,,B_type_mismatch
CD_2b944fe1c037,CD,"{""corr_sign"": 1, ""reference"": ""XTINV"", ""reference_quartile"": ""high"", ""target"": ""PTEXT""}",anomalia,Desviacion de Correlacion,anomalia,Ruido,fail,,0.9995207133476016,anomalia,False,False,False,False,0,0,,B_type_mismatch
CD_adf28ed81aa6,CD,"{""corr_sign"": 1, ""reference"": ""XTINV"", ""reference_quartile"": ""high"", ""target"": ""PTEXT""}",anomalia,Desviacion de Correlacion,anomalia,Ruido,fail,,0.9965528089640402,anomalia,False,False,False,False,0,0,,B_type_mismatch
CD_64d8750b231d,CD,"{""corr_sign"": 1, ""reference"": ""XTINV"", ""reference_quartile"": ""high"", ""target"": ""PTEXT""}",anomalia,Desviacion de Correlacion,anomalia,Ruido,fail,,0.9995426602360334,anomalia,False,False,False,False,0,0,,B_type_mismatch
CD_181d654b391d,CD,"{""corr_sign"": 1, ""reference"": ""XTINV"", ""reference_quartile"": ""high"", ""target"": ""PTEXT""}",anomalia,Desviacion de Correlacion,anomalia,Ruido,fail,,0.999710892761715,anomalia,False,False,False,False,0,0,,B_type_mismatch
CD_cbb164d9d256,CD,"{""corr_sign"": 1, ""reference"": ""XTINV"", ""reference_quartile"": ""high"", ""target"": ""PTEXT""}",anomalia,Desviacion de Correlacion,anomalia,Ruido,fail,,0.999167820648089,anomalia,False,False,False,False,0,0,,B_type_mismatch
CD_b708f2f34e22,CD,"{""corr_sign"": 1, ""reference"": ""XTINV"", ""reference_quartile"": ""high"", ""target"": ""PTEXT""}",anomalia,Desviacion de Correlacion,anomalia,Ruido,fail,,0.9995330095338204,anomalia,False,False,False,False,0,0,,B_type_mismatch
CD_496a0889ddda,CD,"{""corr_sign"": 1, ""reference"": ""XTINV"", ""reference_quartile"": ""high"", ""target"": ""PTEXT""}",anomalia,Desviacion de Correlacion,anomalia,Ruido,fail,,0.999249387092007,anomalia,False,False,False,False,0,0,,B_type_mismatch
CD_1eb81cdd6e68,CD,"{""corr_sign"": 1, ""reference"": ""XTINV"", ""reference_quartile"": ""high"", ""target"": ""PTEXT""}",anomalia,Desviacion de Correlacion,anomalia,Ruido,fail,,0.9993247397231716,anomalia,False,False,False,False,0,0,,B_type_mismatch
CD_4906b8c11e85,CD,"{""corr_sign"": 1, ""reference"": ""XTINV"", ""reference_quartile"": ""high"", ""target"": ""PTEXT""}",anomalia,Desviacion de Correlacion,anomalia,Ruido,fail,,0.9987338240240224,anomalia,False,False,False,False,0,0,,B_type_mismatch
CD_14f73ad2f660,CD,"{""corr_sign"": 1, ""reference"": ""XTINV"", ""reference_quartile"": ""high"", ""target"": ""PTEXT""}",anomalia,Desviacion de Correlacion,anomalia,Ruido,fail,,0.9989321033420236,anomalia,False,False,False,False,0,0,,B_type_mismatch
CD_93e89d63798d,CD,"{""corr_sign"": 1, ""reference"": ""XTINV"", ""reference_quartile"": ""high"", ""target"": ""PTEXT""}",anomalia,Desviacion de Correlacion,anomalia,Ruido,fail,,0.9990225051201737,anomalia,False,False,False,False,0,0,,B_type_mismatch
CD_3c314514fc90,CD,"{""corr_sign"": 1, ""reference"": ""XTINV"", ""reference_quartile"": ""high"", ""target"": ""PTEXT""}",anomalia,Desviacion de Correlacion,anomalia,Ruido,fail,,0.9811559400372468,anomalia,False,False,False,False,0,0,,B_type_mismatch
CD_1c96088cee02,CD,"{""corr_sign"": 1, ""reference"": ""XTINV"", ""reference_quartile"": ""high"", ""target"": ""PTEXT""}",anomalia,Desviacion de Correlacion,anomalia,Ruido,fail,,0.9735626527821044,anomalia,False,False,False,False,0,0,,B_type_mismatch
CD_ee1df40b807a,CD,"{""corr_sign"": 1, ""reference"": ""XTINV"", ""reference_quartile"": ""high"", ""target"": ""PTEXT""}",anomalia,Desviacion de Correlacion,anomalia,Ruido,fail,,0.9993807501513466,anomalia,False,False,False,False,0,0,,B_type_mismatch
CD_8002c5ff9e29,CD,"{""corr_sign"": 1, ""reference"": ""XTINV"", ""reference_quartile"": ""high"", ""target"": ""PTEXT""}",anomalia,Desviacion de Correlacion,normal,normal,fail,,0.776086198433288,normal,False,False,False,False,0,0,,A_binary_miss
CD_05d070cc9d8f,CD,"{""corr_sign"": 1, ""reference"": ""XTINV"", ""reference_quartile"": ""high"", ""target"": ""PTEXT""}",anomalia,Desviacion de Correlacion,anomalia,Ruido,fail,,0.9995112811331957,anomalia,False,False,False,False,0,0,,B_type_mismatch
CD_d9f9113d73a7,CD,"{""corr_sign"": 1, ""reference"": ""XTINV"", ""reference_quartile"": ""high"", ""target"": ""PTEXT""}",anomalia,Desviacion de Correlacion,anomalia,Ruido,fail,,0.997978985973155,anomalia,False,False,False,False,0,0,,B_type_mismatch
CD_2a3983c039be,CD,"{""corr_sign"": 1, ""reference"": ""XTINV"", ""reference_quartile"": ""high"", ""target"": ""PTEXT""}",anomalia,Desviacion de Correlacion,anomalia,Ruido,fail,,0.9967210649602024,anomalia,False,False,False,False,0,0,,B_type_mismatch
CD_2204511e7bcc,CD,"{""corr_sign"": 1, ""reference"": ""XTINV"", ""reference_quartile"": ""high"", ""target"": ""PTEXT""}",anomalia,Desviacion de Correlacion,anomalia,Ruido,fail,,0.9987806707598408,anomalia,False,False,False,False,0,0,,B_type_mismatch
CD_75267329639c,CD,"{""corr_sign"": 1, ""reference"": ""XTINV"", ""reference_quartile"": ""high"", ""target"": ""PTEXT""}",anomalia,Desviacion de Correlacion,anomalia,Ruido,fail,,0.9942511989408442,anomalia,False,False,False,False,0,0,,B_type_mismatch
CD_03103f9ce876,CD,"{""corr_sign"": 1, ""reference"": ""XTINV"", ""reference_quartile"": ""high"", ""target"": ""PTEXT""}",anomalia,Desviacion de Correlacion,anomalia,Ruido,fail,,0.996516621347839,anomalia,False,False,False,False,0,0,,B_type_mismatch
CD_06e8356b2773,CD,"{""corr_sign"": 1, ""reference"": ""XTINV"", ""reference_quartile"": ""high"", ""target"": ""PTEXT""}",anomalia,Desviacion de Correlacion,anomalia,Ruido,fail,,0.9980092442770064,anomalia,False,False,False,False,0,0,,B_type_mismatch
CD_78b43729a9ff,CD,"{""corr_sign"": 1, ""reference"": ""XTINV"", ""reference_quartile"": ""high"", ""target"": ""PTEXT""}",anomalia,Desviacion de Correlacion,anomalia,Ruido,fail,,0.9531515736242152,anomalia,False,False,False,False,0,0,,B_type_mismatch
CD_4afd4d9778d8,CD,"{""corr_sign"": 1, ""reference"": ""XTINV"", ""reference_quartile"": ""high"", ""target"": ""PTEXT""}",anomalia,Desviacion de Correlacion,anomalia,Ruido,fail,,0.9991955176439936,anomalia,False,False,False,False,0,0,,B_type_mismatch
CD_a571b2915b86,CD,"{""corr_sign"": 1, ""reference"": ""XTINV"", ""reference_quartile"": ""high"", ""target"": ""PTEXT""}",anomalia,Desviacion de Correlacion,anomalia,Ruido,fail,,0.9925667014149452,anomalia,False,False,False,False,0,0,,B_type_mismatch
CD_a0d5bdc105c9,CD,"{""corr_sign"": 1, ""reference"": ""XTINV"", ""reference_quartile"": ""high"", ""target"": ""PTEXT""}",anomalia,Desviacion de Correlacion,anomalia,Ruido,fail,,0.9996675825761364,anomalia,False,False,False,False,0,0,,B_type_mismatch
CD_335b41f2fbb6,CD,"{""corr_sign"": 1, ""reference"": ""XTINV"", ""reference_quartile"": ""high"", ""target"": ""PTEXT""}",anomalia,Desviacion de Correlacion,anomalia,Ruido,fail,,0.9997002575389146,anomalia,False,False,False,False,0,0,,B_type_mismatch
CD_112f9c53c9fa,CD,"{""corr_sign"": 1, ""reference"": ""XTINV"", ""reference_quartile"": ""high"", ""target"": ""PTEXT""}",anomalia,Desviacion de Correlacion,anomalia,Ruido,fail,,0.9382786234195768,anomalia,False,False,False,False,0,0,,B_type_mismatch
CD_f36160ff0e33,CD,"{""corr_sign"": 1, ""reference"": ""XTINV"", ""reference_quartile"": ""high"", ""target"": ""PTEXT""}",anomalia,Desviacion de Correlacion,anomalia,Ruido,fail,,0.9995467104566168,anomalia,False,False,False,False,0,0,,B_type_mismatch
CD_a08a1e31e979,CD,"{""corr_sign"": 1, ""reference"": ""XHINV"", ""reference_quartile"": ""low"", ""target"": ""PHEXT""}",anomalia,Desviacion de Correlacion,anomalia,Ruido,fail,,0.9992848018545216,anomalia,False,False,False,False,0,0,,B_type_mismatch
CD_a0d8c2cf7a66,CD,"{""corr_sign"": 1, ""reference"": ""XHINV"", ""reference_quartile"": ""low"", ""target"": ""PHEXT""}",anomalia,Desviacion de Correlacion,anomalia,Ruido,fail,,0.9990915829438254,anomalia,False,False,False,False,0,0,,B_type_mismatch
CD_5168a5de5f4a,CD,"{""corr_sign"": 1, ""reference"": ""XHINV"", ""reference_quartile"": ""low"", ""target"": ""PHEXT""}",anomalia,Desviacion de Correlacion,anomalia,Ruido,fail,,0.9995285809872594,anomalia,False,False,False,False,0,0,,B_type_mismatch
CD_e65975f20b9f,CD,"{""corr_sign"": 1, ""reference"": ""XHINV"", ""reference_quartile"": ""low"", ""target"": ""PHEXT""}",anomalia,Desviacion de Correlacion,anomalia,Ruido,fail,,0.999642935903403,anomalia,False,False,False,False,0,0,,B_type_mismatch
CD_b63e6a5c2c17,CD,"{""corr_sign"": 1, ""reference"": ""XHINV"", ""reference_quartile"": ""low"", ""target"": ""PHEXT""}",anomalia,Desviacion de Correlacion,anomalia,Ruido,fail,,0.9991208130333858,anomalia,False,False,False,False,0,0,,B_type_mismatch
CD_146f981c8b11,CD,"{""corr_sign"": 1, ""reference"": ""XHINV"", ""reference_quartile"": ""low"", ""target"": ""PHEXT""}",anomalia,Desviacion de Correlacion,anomalia,Ruido,fail,,0.9976177327309252,anomalia,False,False,False,False,0,0,,B_type_mismatch
CD_6d250f7f36ae,CD,"{""corr_sign"": 1, ""reference"": ""XHINV"", ""reference_quartile"": ""low"", ""target"": ""PHEXT""}",anomalia,Desviacion de Correlacion,anomalia,Ruido,fail,,0.9989939651453816,anomalia,False,False,False,False,0,0,,B_type_mismatch
CD_6e33515d4eba,CD,"{""corr_sign"": 1, ""reference"": ""XHINV"", ""reference_quartile"": ""low"", ""target"": ""PHEXT""}",anomalia,Desviacion de Correlacion,anomalia,Ruido,fail,,0.9854097710257208,anomalia,False,False,False,False,0,0,,B_type_mismatch
CD_1053045e1c8c,CD,"{""corr_sign"": 1, ""reference"": ""XHINV"", ""reference_quartile"": ""low"", ""target"": ""PHEXT""}",anomalia,Desviacion de Correlacion,anomalia,Ruido,fail,,0.9930586547022184,anomalia,False,False,False,False,0,0,,B_type_mismatch
CD_3980cff2f103,CD,"{""corr_sign"": 1, ""reference"": ""XHINV"", ""reference_quartile"": ""low"", ""target"": ""PHEXT""}",anomalia,Desviacion de Correlacion,anomalia,Ruido,fail,,0.9981680118971666,anomalia,False,False,False,False,0,0,,B_type_mismatch
CD_c9e51c1bd288,CD,"{""corr_sign"": 1, ""reference"": ""XHINV"", ""reference_quartile"": ""low"", ""target"": ""PHEXT""}",anomalia,Desviacion de Correlacion,anomalia,Ruido,fail,,0.9984678009226514,anomalia,False,False,False,False,0,0,,B_type_mismatch
CD_ed1964e6b9ee,CD,"{""corr_sign"": 1, ""reference"": ""XHINV"", ""reference_quartile"": ""low"", ""target"": ""PHEXT""}",anomalia,Desviacion de Correlacion,anomalia,Ruido,fail,,0.9991179349357784,anomalia,False,False,False,False,0,0,,B_type_mismatch
CD_f5ffc516e66f,CD,"{""corr_sign"": 1, ""reference"": ""XHINV"", ""reference_quartile"": ""low"", ""target"": ""PHEXT""}",anomalia,Desviacion de Correlacion,anomalia,Ruido,fail,,0.999361108458116,anomalia,False,False,False,False,0,0,,B_type_mismatch
CD_1838a75f9ab3,CD,"{""corr_sign"": 1, ""reference"": ""XHINV"", ""reference_quartile"": ""low"", ""target"": ""PHEXT""}",anomalia,Desviacion de Correlacion,anomalia,Ruido,fail,,0.995256772082172,anomalia,False,False,False,False,0,0,,B_type_mismatch
CD_4b964b2f5f8e,CD,"{""corr_sign"": 1, ""reference"": ""XHINV"", ""reference_quartile"": ""low"", ""target"": ""PHEXT""}",anomalia,Desviacion de Correlacion,anomalia,Ruido,fail,,0.9984717124752184,anomalia,False,False,False,False,0,0,,B_type_mismatch
CD_fe699a498f6d,CD,"{""corr_sign"": 1, ""reference"": ""XHINV"", ""reference_quartile"": ""low"", ""target"": ""PHEXT""}",anomalia,Desviacion de Correlacion,anomalia,Ruido,fail,,0.9992217425674628,anomalia,False,False,False,False,0,0,,B_type_mismatch
CD_cca21c330237,CD,"{""corr_sign"": 1, ""reference"": ""XHINV"", ""reference_quartile"": ""low"", ""target"": ""PHEXT""}",anomalia,Desviacion de Correlacion,anomalia,Ruido,fail,,0.999715853730154,anomalia,False,False,False,False,0,0,,B_type_mismatch
CD_cd83366fed21,CD,"{""corr_sign"": 1, ""reference"": ""XHINV"", ""reference_quartile"": ""low"", ""target"": ""PHEXT""}",anomalia,Desviacion de Correlacion,anomalia,Ruido,fail,,0.9975127341622212,anomalia,False,False,False,False,0,0,,B_type_mismatch
CD_62a4d8c9d651,CD,"{""corr_sign"": 1, ""reference"": ""XHINV"", ""reference_quartile"": ""low"", ""target"": ""PHEXT""}",anomalia,Desviacion de Correlacion,anomalia,Ruido,fail,,0.99914373758456,anomalia,False,False,False,False,0,1,,B_type_mismatch
CD_b1584ed10bb6,CD,"{""corr_sign"": 1, ""reference"": ""XHINV"", ""reference_quartile"": ""low"", ""target"": ""PHEXT""}",anomalia,Desviacion de Correlacion,anomalia,Ruido,fail,,0.9968111682745784,anomalia,False,False,False,False,0,0,,B_type_mismatch
CD_946884dc1768,CD,"{""corr_sign"": 1, ""reference"": ""XHINV"", ""reference_quartile"": ""low"", ""target"": ""PHEXT""}",anomalia,Desviacion de Correlacion,anomalia,Ruido,fail,,0.9995312702064388,anomalia,False,False,False,False,0,0,,B_type_mismatch
CD_d6d7d6941a57,CD,"{""corr_sign"": 1, ""reference"": ""XHINV"", ""reference_quartile"": ""low"", ""target"": ""PHEXT""}",anomalia,Desviacion de Correlacion,anomalia,Ruido,fail,,0.999394034049007,anomalia,False,False,False,False,0,0,,B_type_mismatch
CD_e56005af8903,CD,"{""corr_sign"": 1, ""reference"": ""XHINV"", ""reference_quartile"": ""low"", ""target"": ""PHEXT""}",anomalia,Desviacion de Correlacion,anomalia,Ruido,fail,,0.9993152647820396,anomalia,False,False,False,False,0,1,,B_type_mismatch
CD_9228abcc159c,CD,"{""corr_sign"": 1, ""reference"": ""XHINV"", ""reference_quartile"": ""low"", ""target"": ""PHEXT""}",anomalia,Desviacion de Correlacion,anomalia,Ruido,fail,,0.9990585318753908,anomalia,False,False,False,False,0,0,,B_type_mismatch
CD_4b9593bf75d7,CD,"{""corr_sign"": 1, ""reference"": ""XHINV"", ""reference_quartile"": ""low"", ""target"": ""PHEXT""}",anomalia,Desviacion de Correlacion,anomalia,Ruido,fail,,0.9962834792926226,anomalia,False,False,False,False,0,0,,B_type_mismatch
CD_786dcf2b9400,CD,"{""corr_sign"": 1, ""reference"": ""XHINV"", ""reference_quartile"": ""low"", ""target"": ""PHEXT""}",anomalia,Desviacion de Correlacion,anomalia,Ruido,fail,,0.9991140318170064,anomalia,False,False,False,False,0,0,,B_type_mismatch
CD_2adc0642ae38,CD,"{""corr_sign"": 1, ""reference"": ""XHINV"", ""reference_quartile"": ""low"", ""target"": ""PHEXT""}",anomalia,Desviacion de Correlacion,anomalia,Ruido,fail,,0.9990587954126118,anomalia,False,False,False,False,0,0,,B_type_mismatch
CD_3f91229985f0,CD,"{""corr_sign"": 1, ""reference"": ""XHINV"", ""reference_quartile"": ""low"", ""target"": ""PHEXT""}",anomalia,Desviacion de Correlacion,anomalia,Ruido,fail,,0.999075775998755,anomalia,False,False,False,False,0,0,,B_type_mismatch
CD_1464bba5cde3,CD,"{""corr_sign"": 1, ""reference"": ""XHINV"", ""reference_quartile"": ""low"", ""target"": ""PHEXT""}",anomalia,Desviacion de Correlacion,anomalia,Ruido,fail,,0.9997180299323946,anomalia,False,False,False,False,0,0,,B_type_mismatch
CD_de1ff7508414,CD,"{""corr_sign"": 1, ""reference"": ""XHINV"", ""reference_quartile"": ""low"", ""target"": ""PHEXT""}",anomalia,Desviacion de Correlacion,anomalia,Ruido,fail,,0.9990729576479198,anomalia,False,False,False,False,0,0,,B_type_mismatch
CD_b5fc8b5dfeee,CD,"{""corr_sign"": 1, ""reference"": ""XHINV"", ""reference_quartile"": ""low"", ""target"": ""PHEXT""}",anomalia,Desviacion de Correlacion,anomalia,Ruido,fail,,0.9991488783526786,anomalia,False,False,False,False,0,0,,B_type_mismatch
CD_d8957adc1690,CD,"{""corr_sign"": 1, ""reference"": ""XHINV"", ""reference_quartile"": ""low"", ""target"": ""PHEXT""}",anomalia,Desviacion de Correlacion,anomalia,Ruido,fail,,0.9990094084606328,anomalia,False,False,False,False,0,0,,B_type_mismatch
CD_1fd1a48d596f,CD,"{""corr_sign"": 1, ""reference"": ""XHINV"", ""reference_quartile"": ""low"", ""target"": ""PHEXT""}",anomalia,Desviacion de Correlacion,anomalia,Ruido,fail,,0.998284859609594,anomalia,False,False,False,False,0,0,,B_type_mismatch
CD_391fb1675a1e,CD,"{""corr_sign"": 1, ""reference"": ""XHINV"", ""reference_quartile"": ""low"", ""target"": ""PHEXT""}",anomalia,Desviacion de Correlacion,anomalia,Ruido,fail,,0.9990175352339784,anomalia,False,False,False,False,0,0,,B_type_mismatch
CD_77bead5c826b,CD,"{""corr_sign"": 1, ""reference"": ""XHINV"", ""reference_quartile"": ""low"", ""target"": ""PHEXT""}",anomalia,Desviacion de Correlacion,anomalia,Ruido,fail,,0.998857848983429,anomalia,False,False,False,False,0,0,,B_type_mismatch
CD_4dd00121609b,CD,"{""corr_sign"": 1, ""reference"": ""XHINV"", ""reference_quartile"": ""low"", ""target"": ""PHEXT""}",anomalia,Desviacion de Correlacion,anomalia,Ruido,fail,,0.9954262183835876,anomalia,False,False,False,False,0,0,,B_type_mismatch
CD_586020fa5c21,CD,"{""corr_sign"": 1, ""reference"": ""XHINV"", ""reference_quartile"": ""low"", ""target"": ""PHEXT""}",anomalia,Desviacion de Correlacion,anomalia,Ruido,fail,,0.999468546639278,anomalia,False,False,False,False,0,0,,B_type_mismatch
CD_63bad8667798,CD,"{""corr_sign"": 1, ""reference"": ""XHINV"", ""reference_quartile"": ""low"", ""target"": ""PHEXT""}",anomalia,Desviacion de Correlacion,anomalia,Ruido,fail,,0.9997083013231484,anomalia,False,False,False,False,0,1,,B_type_mismatch
CD_9884f9bf1718,CD,"{""corr_sign"": 1, ""reference"": ""XHINV"", ""reference_quartile"": ""low"", ""target"": ""PHEXT""}",anomalia,Desviacion de Correlacion,anomalia,Ruido,fail,,0.992923187224789,anomalia,False,False,False,False,0,0,,B_type_mismatch
CD_7540e9da0a0a,CD,"{""corr_sign"": 1, ""reference"": ""XHINV"", ""reference_quartile"": ""low"", ""target"": ""PHEXT""}",anomalia,Desviacion de Correlacion,anomalia,Ruido,fail,,0.9984218718283938,anomalia,False,False,False,False,0,0,,B_type_mismatch
CD_ce19d4699581,CD,"{""corr_sign"": 1, ""reference"": ""XHINV"", ""reference_quartile"": ""low"", ""target"": ""PHEXT""}",anomalia,Desviacion de Correlacion,anomalia,Ruido,fail,,0.9997265056535194,anomalia,False,False,False,False,0,1,,B_type_mismatch
CD_343803069e16,CD,"{""corr_sign"": 1, ""reference"": ""XHINV"", ""reference_quartile"": ""low"", ""target"": ""PHEXT""}",anomalia,Desviacion de Correlacion,anomalia,Ruido,fail,,0.9983627093896156,anomalia,False,False,False,False,0,0,,B_type_mismatch
CD_ac346b1ec8e2,CD,"{""corr_sign"": 1, ""reference"": ""XHINV"", ""reference_quartile"": ""low"", ""target"": ""PHEXT""}",anomalia,Desviacion de Correlacion,anomalia,Ruido,fail,,0.9970351277329156,anomalia,False,False,False,False,0,0,,B_type_mismatch
CD_8b117d58ada9,CD,"{""corr_sign"": 1, ""reference"": ""XHINV"", ""reference_quartile"": ""low"", ""target"": ""PHEXT""}",anomalia,Desviacion de Correlacion,anomalia,Ruido,fail,,0.995298725203641,anomalia,False,False,False,False,0,0,,B_type_mismatch
CD_16a352ec2cd7,CD,"{""corr_sign"": 1, ""reference"": ""XHINV"", ""reference_quartile"": ""low"", ""target"": ""PHEXT""}",anomalia,Desviacion de Correlacion,anomalia,Ruido,fail,,0.9987282441693628,anomalia,False,False,False,False,0,0,,B_type_mismatch
CD_d421f7499a53,CD,"{""corr_sign"": 1, ""reference"": ""XHINV"", ""reference_quartile"": ""low"", ""target"": ""PHEXT""}",anomalia,Desviacion de Correlacion,anomalia,Ruido,fail,,0.9929394063974692,anomalia,False,False,False,False,0,0,,B_type_mismatch
CD_4c34937b3025,CD,"{""corr_sign"": 1, ""reference"": ""XHINV"", ""reference_quartile"": ""low"", ""target"": ""PHEXT""}",anomalia,Desviacion de Correlacion,anomalia,Ruido,fail,,0.9993369027399064,anomalia,False,False,False,False,0,0,,B_type_mismatch
CD_7138d0d04b3f,CD,"{""corr_sign"": 1, ""reference"": ""XHINV"", ""reference_quartile"": ""low"", ""target"": ""PHEXT""}",anomalia,Desviacion de Correlacion,anomalia,Ruido,fail,,0.9988393216630932,anomalia,False,False,False,False,0,0,,B_type_mismatch
CD_7aea22d58171,CD,"{""corr_sign"": 1, ""reference"": ""XHINV"", ""reference_quartile"": ""low"", ""target"": ""PHEXT""}",anomalia,Desviacion de Correlacion,anomalia,Ruido,fail,,0.9995318630814184,anomalia,False,False,False,False,0,0,,B_type_mismatch
CD_f8cbfbf97596,CD,"{""corr_sign"": 1, ""reference"": ""XHINV"", ""reference_quartile"": ""low"", ""target"": ""PHEXT""}",anomalia,Desviacion de Correlacion,anomalia,Ruido,fail,,0.9971341713868832,anomalia,False,False,False,False,0,0,,B_type_mismatch
CD_94b8cfc52c37,CD,"{""corr_sign"": 1, ""reference"": ""XHINV"", ""reference_quartile"": ""low"", ""target"": ""PHEXT""}",anomalia,Desviacion de Correlacion,anomalia,Ruido,fail,,0.9888753853123656,anomalia,False,False,False,False,0,0,,B_type_mismatch
CD_bd0bb75beb61,CD,"{""corr_sign"": 1, ""reference"": ""XHINV"", ""reference_quartile"": ""low"", ""target"": ""PHEXT""}",anomalia,Desviacion de Correlacion,anomalia,Ruido,fail,,0.999329308906586,anomalia,False,False,False,False,0,0,,B_type_mismatch
CD_a503bfe480f3,CD,"{""corr_sign"": 1, ""reference"": ""XHINV"", ""reference_quartile"": ""low"", ""target"": ""PHEXT""}",anomalia,Desviacion de Correlacion,anomalia,Ruido,fail,,0.9960028688533824,anomalia,False,False,False,False,0,0,,B_type_mismatch
CD_d2c73ae97305,CD,"{""corr_sign"": 1, ""reference"": ""XHINV"", ""reference_quartile"": ""low"", ""target"": ""PHEXT""}",anomalia,Desviacion de Correlacion,anomalia,Ruido,fail,,0.9991772615225012,anomalia,False,False,False,False,0,0,,B_type_mismatch
CD_ecf858e0bba7,CD,"{""corr_sign"": 1, ""reference"": ""XHINV"", ""reference_quartile"": ""low"", ""target"": ""PHEXT""}",anomalia,Desviacion de Correlacion,anomalia,Ruido,fail,,0.999385464340892,anomalia,False,False,False,False,0,0,,B_type_mismatch
CD_fcbd7e126846,CD,"{""corr_sign"": 1, ""reference"": ""XHINV"", ""reference_quartile"": ""low"", ""target"": ""PHEXT""}",anomalia,Desviacion de Correlacion,anomalia,Ruido,fail,,0.9993182104308556,anomalia,False,False,False,False,0,0,,B_type_mismatch
CD_5dfd6b6c1af8,CD,"{""corr_sign"": 1, ""reference"": ""XHINV"", ""reference_quartile"": ""low"", ""target"": ""PHEXT""}",anomalia,Desviacion de Correlacion,anomalia,Ruido,fail,,0.9990220750105738,anomalia,False,False,False,False,0,0,,B_type_mismatch
CD_4cd538efa49a,CD,"{""corr_sign"": 1, ""reference"": ""XHINV"", ""reference_quartile"": ""low"", ""target"": ""PHEXT""}",anomalia,Desviacion de Correlacion,anomalia,Ruido,fail,,0.8356273447052293,anomalia,False,False,False,False,0,0,,B_type_mismatch
CD_f56d0cc769fe,CD,"{""corr_sign"": 1, ""reference"": ""XHINV"", ""reference_quartile"": ""low"", ""target"": ""PHEXT""}",anomalia,Desviacion de Correlacion,anomalia,Ruido,fail,,0.9995305293216504,anomalia,False,False,False,False,0,1,,B_type_mismatch
CD_7a26c6644014,CD,"{""corr_sign"": 1, ""reference"": ""XHINV"", ""reference_quartile"": ""low"", ""target"": ""PHEXT""}",anomalia,Desviacion de Correlacion,anomalia,Ruido,fail,,0.9987530226991752,anomalia,False,False,False,False,0,0,,B_type_mismatch
CD_81a4988c1d3b,CD,"{""corr_sign"": 1, ""reference"": ""XHINV"", ""reference_quartile"": ""low"", ""target"": ""PHEXT""}",anomalia,Desviacion de Correlacion,anomalia,Ruido,fail,,0.9990447047769716,anomalia,False,False,False,False,0,0,,B_type_mismatch
CD_573b7d2bef35,CD,"{""corr_sign"": 1, ""reference"": ""XHINV"", ""reference_quartile"": ""low"", ""target"": ""PHEXT""}",anomalia,Desviacion de Correlacion,anomalia,Ruido,fail,,0.9997548563056649,anomalia,False,False,False,False,0,0,,B_type_mismatch
CD_3fe520a04fcf,CD,"{""corr_sign"": 1, ""reference"": ""XHINV"", ""reference_quartile"": ""low"", ""target"": ""PHEXT""}",anomalia,Desviacion de Correlacion,anomalia,Ruido,fail,,0.991725711518919,anomalia,False,False,False,False,0,0,,B_type_mismatch
CD_b681f534edea,CD,"{""corr_sign"": 1, ""reference"": ""XHINV"", ""reference_quartile"": ""low"", ""target"": ""PHEXT""}",anomalia,Desviacion de Correlacion,anomalia,Ruido,fail,,0.9985552898159288,anomalia,False,False,False,False,0,0,,B_type_mismatch
CD_9a9fdcf98af5,CD,"{""corr_sign"": 1, ""reference"": ""XHINV"", ""reference_quartile"": ""low"", ""target"": ""PHEXT""}",anomalia,Desviacion de Correlacion,anomalia,Ruido,fail,,0.9993937210740684,anomalia,False,False,False,False,0,0,,B_type_mismatch
CD_05c6f1bdbf00,CD,"{""corr_sign"": 1, ""reference"": ""XHINV"", ""reference_quartile"": ""low"", ""target"": ""PHEXT""}",anomalia,Desviacion de Correlacion,anomalia,Ruido,fail,,0.99448851777459,anomalia,False,False,False,False,0,0,,B_type_mismatch
CD_d3c9e7351496,CD,"{""corr_sign"": 1, ""reference"": ""XHINV"", ""reference_quartile"": ""low"", ""target"": ""PHEXT""}",anomalia,Desviacion de Correlacion,anomalia,Ruido,fail,,0.9985029451664608,anomalia,False,False,False,False,0,0,,B_type_mismatch
CD_9f8cd0963161,CD,"{""corr_sign"": 1, ""reference"": ""XHINV"", ""reference_quartile"": ""low"", ""target"": ""PHEXT""}",anomalia,Desviacion de Correlacion,anomalia,Ruido,fail,,0.999467739316654,anomalia,False,False,False,False,0,0,,B_type_mismatch
CD_c2077a1262fa,CD,"{""corr_sign"": 1, ""reference"": ""XHINV"", ""reference_quartile"": ""low"", ""target"": ""PHEXT""}",anomalia,Desviacion de Correlacion,anomalia,Ruido,fail,,0.9990869008281942,anomalia,False,False,False,False,0,0,,B_type_mismatch
CD_1419a98f4ee5,CD,"{""corr_sign"": 1, ""reference"": ""XHINV"", ""reference_quartile"": ""low"", ""target"": ""PHEXT""}",anomalia,Desviacion de Correlacion,anomalia,Ruido,fail,,0.9994399214551984,anomalia,False,False,False,False,0,0,,B_type_mismatch
CD_97e46e2f4ea6,CD,"{""corr_sign"": 1, ""reference"": ""XHINV"", ""reference_quartile"": ""low"", ""target"": ""PHEXT""}",anomalia,Desviacion de Correlacion,anomalia,Ruido,fail,,0.992792666727956,anomalia,False,False,False,False,0,0,,B_type_mismatch
CD_8b88d8bea3fb,CD,"{""corr_sign"": 1, ""reference"": ""XHINV"", ""reference_quartile"": ""low"", ""target"": ""PHEXT""}",anomalia,Desviacion de Correlacion,anomalia,Ruido,fail,,0.9969030532394793,anomalia,False,False,False,False,0,0,,B_type_mismatch
CD_8774d0c5e79f,CD,"{""corr_sign"": 1, ""reference"": ""XHINV"", ""reference_quartile"": ""low"", ""target"": ""PHEXT""}",anomalia,Desviacion de Correlacion,anomalia,Ruido,fail,,0.9975147701285952,anomalia,False,False,False,False,0,0,,B_type_mismatch
CD_0bd587cc3518,CD,"{""corr_sign"": 1, ""reference"": ""XHINV"", ""reference_quartile"": ""low"", ""target"": ""PHEXT""}",anomalia,Desviacion de Correlacion,anomalia,Ruido,fail,,0.9994524380138224,anomalia,False,False,False,False,0,0,,B_type_mismatch
CD_302b2c419f36,CD,"{""corr_sign"": 1, ""reference"": ""XHINV"", ""reference_quartile"": ""low"", ""target"": ""PHEXT""}",anomalia,Desviacion de Correlacion,anomalia,Ruido,fail,,0.9995504571065076,anomalia,False,False,False,False,0,0,,B_type_mismatch
CD_7d480c40dc97,CD,"{""corr_sign"": 1, ""reference"": ""XHINV"", ""reference_quartile"": ""low"", ""target"": ""PHEXT""}",anomalia,Desviacion de Correlacion,anomalia,Ruido,fail,,0.9983784219786128,anomalia,False,False,False,False,0,0,,B_type_mismatch
CD_a60f5a72525a,CD,"{""corr_sign"": 1, ""reference"": ""XHINV"", ""reference_quartile"": ""low"", ""target"": ""PHEXT""}",anomalia,Desviacion de Correlacion,anomalia,Ruido,fail,,0.9978526055883568,anomalia,False,False,False,False,0,0,,B_type_mismatch
CD_53bd34c3044d,CD,"{""corr_sign"": 1, ""reference"": ""XHINV"", ""reference_quartile"": ""low"", ""target"": ""PHEXT""}",anomalia,Desviacion de Correlacion,anomalia,Ruido,fail,,0.995483602630972,anomalia,False,False,False,False,0,0,,B_type_mismatch
CD_6b81d84dbce2,CD,"{""corr_sign"": 1, ""reference"": ""XHINV"", ""reference_quartile"": ""low"", ""target"": ""PHEXT""}",anomalia,Desviacion de Correlacion,anomalia,Ruido,fail,,0.997912742720098,anomalia,False,False,False,False,0,0,,B_type_mismatch
CD_471776be2f66,CD,"{""corr_sign"": 1, ""reference"": ""XHINV"", ""reference_quartile"": ""low"", ""target"": ""PHEXT""}",anomalia,Desviacion de Correlacion,anomalia,Ruido,fail,,0.9943909464523168,anomalia,False,False,False,False,0,0,,B_type_mismatch
CD_578d8f597018,CD,"{""corr_sign"": 1, ""reference"": ""XHINV"", ""reference_quartile"": ""low"", ""target"": ""PHEXT""}",anomalia,Desviacion de Correlacion,anomalia,Ruido,fail,,0.9894602172061416,anomalia,False,False,False,False,0,0,,B_type_mismatch
CD_464f7450e4aa,CD,"{""corr_sign"": 1, ""reference"": ""XHINV"", ""reference_quartile"": ""low"", ""target"": ""PHEXT""}",anomalia,Desviacion de Correlacion,anomalia,Ruido,fail,,0.9984844110140334,anomalia,False,False,False,False,0,0,,B_type_mismatch
CD_06555fba5f49,CD,"{""corr_sign"": 1, ""reference"": ""XHINV"", ""reference_quartile"": ""low"", ""target"": ""PHEXT""}",anomalia,Desviacion de Correlacion,anomalia,Ruido,fail,,0.9983998104761644,anomalia,False,False,False,False,0,0,,B_type_mismatch
CD_aec773c452b8,CD,"{""corr_sign"": 1, ""reference"": ""XHINV"", ""reference_quartile"": ""low"", ""target"": ""PHEXT""}",anomalia,Desviacion de Correlacion,anomalia,Ruido,fail,,0.9990044737902444,anomalia,False,False,False,False,0,0,,B_type_mismatch
CD_858088b87789,CD,"{""corr_sign"": 1, ""reference"": ""XHINV"", ""reference_quartile"": ""low"", ""target"": ""PHEXT""}",anomalia,Desviacion de Correlacion,anomalia,Ruido,fail,,0.9996546712300172,anomalia,False,False,False,False,0,0,,B_type_mismatch
CD_600ea5872334,CD,"{""corr_sign"": 1, ""reference"": ""XHINV"", ""reference_quartile"": ""low"", ""target"": ""PHEXT""}",anomalia,Desviacion de Correlacion,anomalia,Ruido,fail,,0.9992063406790588,anomalia,False,False,False,False,0,0,,B_type_mismatch
CD_27371a561ceb,CD,"{""corr_sign"": 1, ""reference"": ""XHINV"", ""reference_quartile"": ""low"", ""target"": ""PHEXT""}",anomalia,Desviacion de Correlacion,anomalia,Ruido,fail,,0.8905186170802425,anomalia,False,False,False,False,0,0,,B_type_mismatch
CD_de036650fb96,CD,"{""corr_sign"": 1, ""reference"": ""XHINV"", ""reference_quartile"": ""low"", ""target"": ""PHEXT""}",anomalia,Desviacion de Correlacion,anomalia,Ruido,fail,,0.9970208610565569,anomalia,False,False,False,False,0,0,,B_type_mismatch
CD_6e6a594c8467,CD,"{""corr_sign"": 1, ""reference"": ""XHINV"", ""reference_quartile"": ""low"", ""target"": ""PHEXT""}",anomalia,Desviacion de Correlacion,anomalia,Ruido,fail,,0.9963693429402054,anomalia,False,False,False,False,0,0,,B_type_mismatch
CD_5925c22bcf96,CD,"{""corr_sign"": 1, ""reference"": ""XHINV"", ""reference_quartile"": ""low"", ""target"": ""PHEXT""}",anomalia,Desviacion de Correlacion,anomalia,Ruido,fail,,0.9995188682230992,anomalia,False,False,False,False,0,0,,B_type_mismatch
CD_f83f4713c279,CD,"{""corr_sign"": 1, ""reference"": ""XHINV"", ""reference_quartile"": ""low"", ""target"": ""PHEXT""}",anomalia,Desviacion de Correlacion,anomalia,Ruido,fail,,0.9961970798908166,anomalia,False,False,False,False,0,0,,B_type_mismatch
CD_36a4aa94b0b6,CD,"{""corr_sign"": 1, ""reference"": ""XHINV"", ""reference_quartile"": ""low"", ""target"": ""PHEXT""}",anomalia,Desviacion de Correlacion,anomalia,Ruido,fail,,0.9991148615251164,anomalia,False,False,False,False,0,0,,B_type_mismatch
CD_13a77737c392,CD,"{""corr_sign"": 1, ""reference"": ""XHINV"", ""reference_quartile"": ""low"", ""target"": ""PHEXT""}",anomalia,Desviacion de Correlacion,anomalia,Ruido,fail,,0.997202428354267,anomalia,False,False,False,False,0,0,,B_type_mismatch
CD_1339eec11b9a,CD,"{""corr_sign"": 1, ""reference"": ""XHINV"", ""reference_quartile"": ""low"", ""target"": ""PHEXT""}",anomalia,Desviacion de Correlacion,anomalia,Ruido,fail,,0.9986925133491102,anomalia,False,False,False,False,0,0,,B_type_mismatch
CD_aee437d6219a,CD,"{""corr_sign"": 1, ""reference"": ""XHINV"", ""reference_quartile"": ""low"", ""target"": ""PHEXT""}",anomalia,Desviacion de Correlacion,anomalia,Ruido,fail,,0.9996619057303932,anomalia,False,False,False,False,0,0,,B_type_mismatch
CD_73f45f188359,CD,"{""corr_sign"": 1, ""reference"": ""XHINV"", ""reference_quartile"": ""low"", ""target"": ""PHEXT""}",anomalia,Desviacion de Correlacion,anomalia,Ruido,fail,,0.9985601331065654,anomalia,False,False,False,False,0,0,,B_type_mismatch
CD_f5be85d806cc,CD,"{""corr_sign"": 1, ""reference"": ""XHINV"", ""reference_quartile"": ""low"", ""target"": ""PHEXT""}",anomalia,Desviacion de Correlacion,anomalia,Ruido,fail,,0.997430022640976,anomalia,False,False,False,False,0,0,,B_type_mismatch
CD_1af81119ff93,CD,"{""corr_sign"": 1, ""reference"": ""XHINV"", ""reference_quartile"": ""low"", ""target"": ""PHEXT""}",anomalia,Desviacion de Correlacion,anomalia,Ruido,fail,,0.9990085828148796,anomalia,False,False,False,False,0,0,,B_type_mismatch
CD_631d1a5f5850,CD,"{""corr_sign"": 1, ""reference"": ""XHINV"", ""reference_quartile"": ""low"", ""target"": ""PHEXT""}",anomalia,Desviacion de Correlacion,anomalia,Ruido,fail,,0.9969884867401204,anomalia,False,False,False,False,0,0,,B_type_mismatch
CD_bea5a92b25d7,CD,"{""corr_sign"": 1, ""reference"": ""XHINV"", ""reference_quartile"": ""low"", ""target"": ""PHEXT""}",anomalia,Desviacion de Correlacion,anomalia,Ruido,fail,,0.9791980094846354,anomalia,False,False,False,False,0,0,,B_type_mismatch
CD_fb812ab22821,CD,"{""corr_sign"": 1, ""reference"": ""XHINV"", ""reference_quartile"": ""low"", ""target"": ""PHEXT""}",anomalia,Desviacion de Correlacion,anomalia,Ruido,fail,,0.999280211569882,anomalia,False,False,False,False,0,0,,B_type_mismatch
CD_cb08cc0ee0ae,CD,"{""corr_sign"": 1, ""reference"": ""XHINV"", ""reference_quartile"": ""low"", ""target"": ""PHEXT""}",anomalia,Desviacion de Correlacion,anomalia,Ruido,fail,,0.9951460040557318,anomalia,False,False,False,False,0,0,,B_type_mismatch
CD_ac3ff7db9822,CD,"{""corr_sign"": 1, ""reference"": ""XHINV"", ""reference_quartile"": ""low"", ""target"": ""PHEXT""}",anomalia,Desviacion de Correlacion,anomalia,Ruido,fail,,0.9996941527416392,anomalia,False,False,False,False,0,0,,B_type_mismatch
CD_2277ac8aee48,CD,"{""corr_sign"": 1, ""reference"": ""XHINV"", ""reference_quartile"": ""low"", ""target"": ""PHEXT""}",anomalia,Desviacion de Correlacion,anomalia,Ruido,fail,,0.9994452398265616,anomalia,False,False,False,False,0,0,,B_type_mismatch
CD_46fc45707ccd,CD,"{""corr_sign"": 1, ""reference"": ""XHINV"", ""reference_quartile"": ""low"", ""target"": ""PHEXT""}",anomalia,Desviacion de Correlacion,anomalia,Ruido,fail,,0.9922924230748824,anomalia,False,False,False,False,0,0,,B_type_mismatch
CD_4fb121347dbe,CD,"{""corr_sign"": 1, ""reference"": ""XHINV"", ""reference_quartile"": ""low"", ""target"": ""PHEXT""}",anomalia,Desviacion de Correlacion,anomalia,Ruido,fail,,0.999428888878622,anomalia,False,False,False,False,0,0,,B_type_mismatch
CD_da6168bd9036,CD,"{""corr_sign"": 1, ""reference"": ""XHINV"", ""reference_quartile"": ""low"", ""target"": ""PHEXT""}",anomalia,Desviacion de Correlacion,anomalia,Ruido,fail,,0.9990647579343396,anomalia,False,False,False,False,0,0,,B_type_mismatch
CD_bba9dc4cf4d6,CD,"{""corr_sign"": 1, ""reference"": ""XHINV"", ""reference_quartile"": ""low"", ""target"": ""PHEXT""}",anomalia,Desviacion de Correlacion,anomalia,Ruido,fail,,0.9984518416265024,anomalia,False,False,False,False,0,0,,B_type_mismatch
CD_ff1cb24181d8,CD,"{""corr_sign"": 1, ""reference"": ""XHINV"", ""reference_quartile"": ""low"", ""target"": ""PHEXT""}",anomalia,Desviacion de Correlacion,anomalia,Ruido,fail,,0.9950426928608904,anomalia,False,False,False,False,0,0,,B_type_mismatch
CD_cf91ace87ff2,CD,"{""corr_sign"": 1, ""reference"": ""XHINV"", ""reference_quartile"": ""low"", ""target"": ""PHEXT""}",anomalia,Desviacion de Correlacion,anomalia,Ruido,fail,,0.9916813820458926,anomalia,False,False,False,False,0,0,,B_type_mismatch
CD_69bc67577142,CD,"{""corr_sign"": 1, ""reference"": ""XHINV"", ""reference_quartile"": ""low"", ""target"": ""PHEXT""}",anomalia,Desviacion de Correlacion,anomalia,Ruido,fail,,0.9980272686946562,anomalia,False,False,False,False,0,0,,B_type_mismatch
CD_f8e6696e4d18,CD,"{""corr_sign"": 1, ""reference"": ""XHINV"", ""reference_quartile"": ""low"", ""target"": ""PHEXT""}",anomalia,Desviacion de Correlacion,anomalia,Ruido,fail,,0.9954427228541514,anomalia,False,False,False,False,0,0,,B_type_mismatch
CD_fd3064c4a596,CD,"{""corr_sign"": 1, ""reference"": ""XHINV"", ""reference_quartile"": ""low"", ""target"": ""PHEXT""}",anomalia,Desviacion de Correlacion,anomalia,Ruido,fail,,0.9988896918255168,anomalia,False,False,False,False,0,0,,B_type_mismatch
CD_0ffda0559870,CD,"{""corr_sign"": 1, ""reference"": ""XHINV"", ""reference_quartile"": ""low"", ""target"": ""PHEXT""}",anomalia,Desviacion de Correlacion,anomalia,Ruido,fail,,0.999010520491085,anomalia,False,False,False,False,0,0,,B_type_mismatch
CD_c7fb5c945752,CD,"{""corr_sign"": 1, ""reference"": ""XHINV"", ""reference_quartile"": ""low"", ""target"": ""PHEXT""}",anomalia,Desviacion de Correlacion,anomalia,Ruido,fail,,0.9990406315875529,anomalia,False,False,False,False,0,0,,B_type_mismatch
CD_058e4d109393,CD,"{""corr_sign"": 1, ""reference"": ""XHINV"", ""reference_quartile"": ""low"", ""target"": ""PHEXT""}",anomalia,Desviacion de Correlacion,anomalia,Ruido,fail,,0.9978945720989866,anomalia,False,False,False,False,0,0,,B_type_mismatch
CD_765fbaea877f,CD,"{""corr_sign"": 1, ""reference"": ""XHINV"", ""reference_quartile"": ""low"", ""target"": ""PHEXT""}",anomalia,Desviacion de Correlacion,anomalia,Ruido,fail,,0.998169281310758,anomalia,False,False,False,False,0,0,,B_type_mismatch
CD_c24e1f29b2f9,CD,"{""corr_sign"": 1, ""reference"": ""XHINV"", ""reference_quartile"": ""low"", ""target"": ""PHEXT""}",anomalia,Desviacion de Correlacion,anomalia,Ruido,fail,,0.9990279419225704,anomalia,False,False,False,False,0,0,,B_type_mismatch
CD_41e6bc23b302,CD,"{""corr_sign"": 1, ""reference"": ""XHINV"", ""reference_quartile"": ""low"", ""target"": ""PHEXT""}",anomalia,Desviacion de Correlacion,anomalia,Ruido,fail,,0.872379782136246,anomalia,False,False,False,False,0,0,,B_type_mismatch
CD_70a21c4b9955,CD,"{""corr_sign"": 1, ""reference"": ""XHINV"", ""reference_quartile"": ""low"", ""target"": ""PHEXT""}",anomalia,Desviacion de Correlacion,anomalia,Ruido,fail,,0.9920736637487524,anomalia,False,False,False,False,0,0,,B_type_mismatch
CD_4f2574555366,CD,"{""corr_sign"": 1, ""reference"": ""XHINV"", ""reference_quartile"": ""low"", ""target"": ""PHEXT""}",anomalia,Desviacion de Correlacion,anomalia,Ruido,fail,,0.999154967214389,anomalia,False,False,False,False,0,0,,B_type_mismatch
CD_59fc74be7180,CD,"{""corr_sign"": 1, ""reference"": ""XHINV"", ""reference_quartile"": ""low"", ""target"": ""PHEXT""}",anomalia,Desviacion de Correlacion,anomalia,Ruido,fail,,0.9977094914661562,anomalia,False,False,False,False,0,0,,B_type_mismatch
CD_9d7520129c09,CD,"{""corr_sign"": 1, ""reference"": ""XHINV"", ""reference_quartile"": ""low"", ""target"": ""PHEXT""}",anomalia,Desviacion de Correlacion,anomalia,Ruido,fail,,0.9972013181053948,anomalia,False,False,False,False,0,0,,B_type_mismatch
CD_ad5c19e98e4c,CD,"{""corr_sign"": 1, ""reference"": ""XHINV"", ""reference_quartile"": ""low"", ""target"": ""PHEXT""}",anomalia,Desviacion de Correlacion,anomalia,Ruido,fail,,0.9963324765276232,anomalia,False,False,False,False,0,0,,B_type_mismatch
CD_71e95015da63,CD,"{""corr_sign"": 1, ""reference"": ""XHINV"", ""reference_quartile"": ""low"", ""target"": ""PHEXT""}",anomalia,Desviacion de Correlacion,anomalia,Ruido,fail,,0.998728180975402,anomalia,False,False,False,False,0,0,,B_type_mismatch
CD_c738776bd206,CD,"{""corr_sign"": 1, ""reference"": ""XHINV"", ""reference_quartile"": ""low"", ""target"": ""PHEXT""}",anomalia,Desviacion de Correlacion,anomalia,Ruido,fail,,0.9990793957247311,anomalia,False,False,False,False,0,0,,B_type_mismatch
CD_bae0995cae78,CD,"{""corr_sign"": 1, ""reference"": ""XHINV"", ""reference_quartile"": ""low"", ""target"": ""PHEXT""}",anomalia,Desviacion de Correlacion,anomalia,Ruido,fail,,0.9991021286915585,anomalia,False,False,False,False,0,0,,B_type_mismatch
CD_b00854bdd76c,CD,"{""corr_sign"": 1, ""reference"": ""XHINV"", ""reference_quartile"": ""low"", ""target"": ""PHEXT""}",anomalia,Desviacion de Correlacion,anomalia,Ruido,fail,,0.999388947271728,anomalia,False,False,False,False,0,0,,B_type_mismatch
CD_45fe6a7bdab5,CD,"{""corr_sign"": 1, ""reference"": ""XHINV"", ""reference_quartile"": ""low"", ""target"": ""PHEXT""}",anomalia,Desviacion de Correlacion,anomalia,Ruido,fail,,0.999191646902848,anomalia,False,False,False,False,0,0,,B_type_mismatch
CD_f66d891801cd,CD,"{""corr_sign"": 1, ""reference"": ""XHINV"", ""reference_quartile"": ""low"", ""target"": ""PHEXT""}",anomalia,Desviacion de Correlacion,anomalia,Ruido,fail,,0.99916032286039,anomalia,False,False,False,False,0,0,,B_type_mismatch
CD_7ab529af21c9,CD,"{""corr_sign"": 1, ""reference"": ""XHINV"", ""reference_quartile"": ""low"", ""target"": ""PHEXT""}",anomalia,Desviacion de Correlacion,anomalia,Ruido,fail,,0.9994054761502266,anomalia,False,False,False,False,0,0,,B_type_mismatch
CD_fee4e101f54f,CD,"{""corr_sign"": 1, ""reference"": ""XHINV"", ""reference_quartile"": ""low"", ""target"": ""PHEXT""}",anomalia,Desviacion de Correlacion,anomalia,Ruido,fail,,0.9991473621106616,anomalia,False,False,False,False,0,0,,B_type_mismatch
CD_42243bee8906,CD,"{""corr_sign"": 1, ""reference"": ""XHINV"", ""reference_quartile"": ""low"", ""target"": ""PHEXT""}",anomalia,Desviacion de Correlacion,anomalia,Ruido,fail,,0.996469943910836,anomalia,False,False,False,False,0,0,,B_type_mismatch
CD_93486ee1af24,CD,"{""corr_sign"": 1, ""reference"": ""XHINV"", ""reference_quartile"": ""low"", ""target"": ""PHEXT""}",anomalia,Desviacion de Correlacion,anomalia,Ruido,fail,,0.9968696263141468,anomalia,False,False,False,False,0,0,,B_type_mismatch
CD_7138f0f5ca50,CD,"{""corr_sign"": 1, ""reference"": ""XHINV"", ""reference_quartile"": ""low"", ""target"": ""PHEXT""}",anomalia,Desviacion de Correlacion,anomalia,Ruido,fail,,0.9608148929155118,anomalia,False,False,False,False,0,0,,B_type_mismatch
CD_94a8f95978d6,CD,"{""corr_sign"": 1, ""reference"": ""XHINV"", ""reference_quartile"": ""low"", ""target"": ""PHEXT""}",anomalia,Desviacion de Correlacion,anomalia,Ruido,fail,,0.9992975445260308,anomalia,False,False,False,False,0,0,,B_type_mismatch
CD_dec12cda306c,CD,"{""corr_sign"": 1, ""reference"": ""XHINV"", ""reference_quartile"": ""low"", ""target"": ""PHEXT""}",anomalia,Desviacion de Correlacion,anomalia,Ruido,fail,,0.990494006345181,anomalia,False,False,False,False,0,0,,B_type_mismatch
CD_17616bf811be,CD,"{""corr_sign"": 1, ""reference"": ""XHINV"", ""reference_quartile"": ""low"", ""target"": ""PHEXT""}",anomalia,Desviacion de Correlacion,anomalia,Ruido,fail,,0.998989114348482,anomalia,False,False,False,False,0,0,,B_type_mismatch
CD_1e2c6221793e,CD,"{""corr_sign"": 1, ""reference"": ""XHINV"", ""reference_quartile"": ""low"", ""target"": ""PHEXT""}",anomalia,Desviacion de Correlacion,anomalia,Ruido,fail,,0.9934510153907968,anomalia,False,False,False,False,0,0,,B_type_mismatch
CD_a7574be6dab5,CD,"{""corr_sign"": 1, ""reference"": ""XHINV"", ""reference_quartile"": ""low"", ""target"": ""PHEXT""}",anomalia,Desviacion de Correlacion,anomalia,Ruido,fail,,0.9993983679744076,anomalia,False,False,False,False,0,0,,B_type_mismatch
CD_ebdf40e11349,CD,"{""corr_sign"": 1, ""reference"": ""XHINV"", ""reference_quartile"": ""low"", ""target"": ""PHEXT""}",anomalia,Desviacion de Correlacion,anomalia,Ruido,fail,,0.9995667149551958,anomalia,False,False,False,False,0,0,,B_type_mismatch
CD_0b5f1f55da5a,CD,"{""corr_sign"": 1, ""reference"": ""XHINV"", ""reference_quartile"": ""low"", ""target"": ""PHEXT""}",anomalia,Desviacion de Correlacion,anomalia,Ruido,fail,,0.998823061643996,anomalia,False,False,False,False,0,0,,B_type_mismatch
CD_4dd112af97ed,CD,"{""corr_sign"": 1, ""reference"": ""XHINV"", ""reference_quartile"": ""low"", ""target"": ""PHEXT""}",anomalia,Desviacion de Correlacion,anomalia,Ruido,fail,,0.9900099967103072,anomalia,False,False,False,False,0,0,,B_type_mismatch
CD_cbd238a9db6b,CD,"{""corr_sign"": 1, ""reference"": ""XHINV"", ""reference_quartile"": ""low"", ""target"": ""PHEXT""}",anomalia,Desviacion de Correlacion,anomalia,Ruido,fail,,0.9994489747309626,anomalia,False,False,False,False,0,0,,B_type_mismatch
CD_a57e351ff435,CD,"{""corr_sign"": 1, ""reference"": ""XHINV"", ""reference_quartile"": ""low"", ""target"": ""PHEXT""}",anomalia,Desviacion de Correlacion,anomalia,Ruido,fail,,0.9981275166403976,anomalia,False,False,False,False,0,0,,B_type_mismatch
CD_dfd462f1cc53,CD,"{""corr_sign"": 1, ""reference"": ""XHINV"", ""reference_quartile"": ""low"", ""target"": ""PHEXT""}",anomalia,Desviacion de Correlacion,anomalia,Ruido,fail,,0.9967316486445996,anomalia,False,False,False,False,0,0,,B_type_mismatch
CD_4ef301ffc16e,CD,"{""corr_sign"": 1, ""reference"": ""XHINV"", ""reference_quartile"": ""low"", ""target"": ""PHEXT""}",anomalia,Desviacion de Correlacion,anomalia,Ruido,fail,,0.998735411970588,anomalia,False,False,False,False,0,0,,B_type_mismatch
CD_a9e7e475227e,CD,"{""corr_sign"": 1, ""reference"": ""XHINV"", ""reference_quartile"": ""low"", ""target"": ""PHEXT""}",anomalia,Desviacion de Correlacion,anomalia,Ruido,fail,,0.9988491210695534,anomalia,False,False,False,False,0,0,,B_type_mismatch
CD_fe984c189e7e,CD,"{""corr_sign"": 1, ""reference"": ""XHINV"", ""reference_quartile"": ""low"", ""target"": ""PHEXT""}",anomalia,Desviacion de Correlacion,anomalia,Ruido,fail,,0.9993158301461492,anomalia,False,False,False,False,0,0,,B_type_mismatch
CD_c2674e8b6fee,CD,"{""corr_sign"": 1, ""reference"": ""XHINV"", ""reference_quartile"": ""low"", ""target"": ""PHEXT""}",anomalia,Desviacion de Correlacion,anomalia,Ruido,fail,,0.9944902718776274,anomalia,False,False,False,False,0,0,,B_type_mismatch
CD_a17fc771a189,CD,"{""corr_sign"": 1, ""reference"": ""XHINV"", ""reference_quartile"": ""low"", ""target"": ""PHEXT""}",anomalia,Desviacion de Correlacion,anomalia,Ruido,fail,,0.9965151111969917,anomalia,False,False,False,False,0,0,,B_type_mismatch
CD_f8d9219f504f,CD,"{""corr_sign"": 1, ""reference"": ""XHINV"", ""reference_quartile"": ""low"", ""target"": ""PHEXT""}",anomalia,Desviacion de Correlacion,anomalia,Ruido,fail,,0.99918278413629,anomalia,False,False,False,False,0,0,,B_type_mismatch
CD_afe2d73bfbac,CD,"{""corr_sign"": 1, ""reference"": ""XHINV"", ""reference_quartile"": ""low"", ""target"": ""PHEXT""}",anomalia,Desviacion de Correlacion,anomalia,Ruido,fail,,0.9940344286229936,anomalia,False,False,False,False,0,1,,B_type_mismatch
CD_48d3c18b7d38,CD,"{""corr_sign"": 1, ""reference"": ""XHINV"", ""reference_quartile"": ""low"", ""target"": ""PHEXT""}",anomalia,Desviacion de Correlacion,anomalia,Ruido,fail,,0.9979080047420974,anomalia,False,False,False,False,0,0,,B_type_mismatch
CD_23789aa6856f,CD,"{""corr_sign"": 1, ""reference"": ""XHINV"", ""reference_quartile"": ""low"", ""target"": ""PHEXT""}",anomalia,Desviacion de Correlacion,anomalia,Ruido,fail,,0.9992424875125512,anomalia,False,False,False,False,0,0,,B_type_mismatch
CD_31b2d3e94a3e,CD,"{""corr_sign"": 1, ""reference"": ""XHINV"", ""reference_quartile"": ""low"", ""target"": ""PHEXT""}",anomalia,Desviacion de Correlacion,anomalia,Ruido,fail,,0.9989248670498162,anomalia,False,False,False,False,0,0,,B_type_mismatch
CD_6b3b0cec1592,CD,"{""corr_sign"": 1, ""reference"": ""XHINV"", ""reference_quartile"": ""low"", ""target"": ""PHEXT""}",anomalia,Desviacion de Correlacion,anomalia,Ruido,fail,,0.9992913825760148,anomalia,False,False,False,False,0,0,,B_type_mismatch
CD_6184914a475f,CD,"{""corr_sign"": 1, ""reference"": ""XHINV"", ""reference_quartile"": ""low"", ""target"": ""PHEXT""}",anomalia,Desviacion de Correlacion,anomalia,Ruido,fail,,0.994737379148536,anomalia,False,False,False,False,0,0,,B_type_mismatch
CD_7e83f5ac64b3,CD,"{""corr_sign"": 1, ""reference"": ""XHINV"", ""reference_quartile"": ""low"", ""target"": ""PHEXT""}",anomalia,Desviacion de Correlacion,anomalia,Ruido,fail,,0.99907999723618,anomalia,False,False,False,False,0,0,,B_type_mismatch
CD_7d16228f7a97,CD,"{""corr_sign"": 1, ""reference"": ""XHINV"", ""reference_quartile"": ""low"", ""target"": ""PHEXT""}",anomalia,Desviacion de Correlacion,anomalia,Ruido,fail,,0.9992111606967394,anomalia,False,False,False,False,0,0,,B_type_mismatch
CD_364cbcede088,CD,"{""corr_sign"": 1, ""reference"": ""XHINV"", ""reference_quartile"": ""low"", ""target"": ""PHEXT""}",anomalia,Desviacion de Correlacion,anomalia,Ruido,fail,,0.9971268426089178,anomalia,False,False,False,False,0,0,,B_type_mismatch
CD_3d1b849b6f3f,CD,"{""corr_sign"": 1, ""reference"": ""XHINV"", ""reference_quartile"": ""low"", ""target"": ""PHEXT""}",anomalia,Desviacion de Correlacion,anomalia,Ruido,fail,,0.9981315644291237,anomalia,False,False,False,False,0,0,,B_type_mismatch
CD_6e32709849ba,CD,"{""corr_sign"": 1, ""reference"": ""XHINV"", ""reference_quartile"": ""low"", ""target"": ""PHEXT""}",anomalia,Desviacion de Correlacion,anomalia,Ruido,fail,,0.9993876242875822,anomalia,False,False,False,False,0,0,,B_type_mismatch
CD_7f8357130bee,CD,"{""corr_sign"": 1, ""reference"": ""XHINV"", ""reference_quartile"": ""low"", ""target"": ""PHEXT""}",anomalia,Desviacion de Correlacion,anomalia,Ruido,fail,,0.999450817693439,anomalia,False,False,False,False,0,0,,B_type_mismatch
CD_ef1683e96872,CD,"{""corr_sign"": 1, ""reference"": ""XHINV"", ""reference_quartile"": ""low"", ""target"": ""PHEXT""}",anomalia,Desviacion de Correlacion,anomalia,Ruido,fail,,0.9994365021366214,anomalia,False,False,False,False,0,0,,B_type_mismatch
CD_c96bd1494fa9,CD,"{""corr_sign"": 1, ""reference"": ""XHINV"", ""reference_quartile"": ""low"", ""target"": ""PHEXT""}",anomalia,Desviacion de Correlacion,anomalia,Ruido,fail,,0.9978787347110338,anomalia,False,False,False,False,0,0,,B_type_mismatch
CD_9e41cf4143a8,CD,"{""corr_sign"": 1, ""reference"": ""XHINV"", ""reference_quartile"": ""low"", ""target"": ""PHEXT""}",anomalia,Desviacion de Correlacion,anomalia,Ruido,fail,,0.9993450896107572,anomalia,False,False,False,False,0,0,,B_type_mismatch
CD_3baacf873969,CD,"{""corr_sign"": 1, ""reference"": ""XHINV"", ""reference_quartile"": ""low"", ""target"": ""PHEXT""}",anomalia,Desviacion de Correlacion,anomalia,Ruido,fail,,0.9995231151934688,anomalia,False,False,False,False,0,0,,B_type_mismatch
CD_90d8ce24c528,CD,"{""corr_sign"": 1, ""reference"": ""XHINV"", ""reference_quartile"": ""low"", ""target"": ""PHEXT""}",anomalia,Desviacion de Correlacion,anomalia,Ruido,fail,,0.9979019971795768,anomalia,False,False,False,False,0,0,,B_type_mismatch
CD_ed63e1565562,CD,"{""corr_sign"": 1, ""reference"": ""XHINV"", ""reference_quartile"": ""low"", ""target"": ""PHEXT""}",anomalia,Desviacion de Correlacion,anomalia,Ruido,fail,,0.9948720058404036,anomalia,False,False,False,False,0,0,,B_type_mismatch
CD_e24fd8fac570,CD,"{""corr_sign"": 1, ""reference"": ""XHINV"", ""reference_quartile"": ""low"", ""target"": ""PHEXT""}",anomalia,Desviacion de Correlacion,anomalia,Ruido,fail,,0.9989992576539812,anomalia,False,False,False,False,0,0,,B_type_mismatch
CD_8d1b4cf98b91,CD,"{""corr_sign"": 1, ""reference"": ""XHINV"", ""reference_quartile"": ""low"", ""target"": ""PHEXT""}",anomalia,Desviacion de Correlacion,anomalia,Ruido,fail,,0.9994061875997716,anomalia,False,False,False,False,0,0,,B_type_mismatch
CD_b0cefda00828,CD,"{""corr_sign"": 1, ""reference"": ""XHINV"", ""reference_quartile"": ""low"", ""target"": ""PHEXT""}",anomalia,Desviacion de Correlacion,anomalia,Ruido,fail,,0.9944568833672656,anomalia,False,False,False,False,0,0,,B_type_mismatch
CD_efbe35cdffa9,CD,"{""corr_sign"": 1, ""reference"": ""XHINV"", ""reference_quartile"": ""low"", ""target"": ""PHEXT""}",anomalia,Desviacion de Correlacion,anomalia,Ruido,fail,,0.9994337096520324,anomalia,False,False,False,False,0,0,,B_type_mismatch
CD_36fdf0e887c1,CD,"{""corr_sign"": 1, ""reference"": ""XHINV"", ""reference_quartile"": ""low"", ""target"": ""PHEXT""}",anomalia,Desviacion de Correlacion,anomalia,Ruido,fail,,0.9996456095496556,anomalia,False,False,False,False,0,0,,B_type_mismatch
CD_5b8990b68575,CD,"{""corr_sign"": 1, ""reference"": ""XHINV"", ""reference_quartile"": ""low"", ""target"": ""PHEXT""}",anomalia,Desviacion de Correlacion,anomalia,Ruido,fail,,0.9994929716796116,anomalia,False,False,False,False,0,0,,B_type_mismatch
CD_11069dd61b96,CD,"{""corr_sign"": 1, ""reference"": ""XHINV"", ""reference_quartile"": ""low"", ""target"": ""PHEXT""}",anomalia,Desviacion de Correlacion,anomalia,Ruido,fail,,0.9969024028902947,anomalia,False,False,False,False,0,0,,B_type_mismatch
CD_7721d11ed013,CD,"{""corr_sign"": 1, ""reference"": ""XHINV"", ""reference_quartile"": ""low"", ""target"": ""PHEXT""}",anomalia,Desviacion de Correlacion,anomalia,Ruido,fail,,0.9923438932826344,anomalia,False,False,False,False,0,0,,B_type_mismatch
CD_834e95d22a52,CD,"{""corr_sign"": 1, ""reference"": ""XHINV"", ""reference_quartile"": ""low"", ""target"": ""PHEXT""}",anomalia,Desviacion de Correlacion,anomalia,Ruido,fail,,0.9989106761114784,anomalia,False,False,False,False,0,0,,B_type_mismatch
CD_10b7a7a58e67,CD,"{""corr_sign"": 1, ""reference"": ""XHINV"", ""reference_quartile"": ""low"", ""target"": ""PHEXT""}",anomalia,Desviacion de Correlacion,anomalia,Ruido,fail,,0.9829927432154388,anomalia,False,False,False,False,0,0,,B_type_mismatch
CD_0066f704e32b,CD,"{""corr_sign"": 1, ""reference"": ""XHINV"", ""reference_quartile"": ""low"", ""target"": ""PHEXT""}",anomalia,Desviacion de Correlacion,anomalia,Ruido,fail,,0.9994765774562644,anomalia,False,False,False,False,0,0,,B_type_mismatch
CD_6f613f410bf1,CD,"{""corr_sign"": 1, ""reference"": ""XHINV"", ""reference_quartile"": ""low"", ""target"": ""PHEXT""}",anomalia,Desviacion de Correlacion,anomalia,Ruido,fail,,0.9984262268134952,anomalia,False,False,False,False,0,0,,B_type_mismatch
CD_89d82f16961c,CD,"{""corr_sign"": 1, ""reference"": ""XHINV"", ""reference_quartile"": ""low"", ""target"": ""PHEXT""}",anomalia,Desviacion de Correlacion,anomalia,Ruido,fail,,0.9985245147407515,anomalia,False,False,False,False,0,0,,B_type_mismatch
CD_cf3a5550080a,CD,"{""corr_sign"": 1, ""reference"": ""XHINV"", ""reference_quartile"": ""low"", ""target"": ""PHEXT""}",anomalia,Desviacion de Correlacion,anomalia,Ruido,fail,,0.999272770238594,anomalia,False,False,False,False,0,0,,B_type_mismatch
CD_291e70f61abe,CD,"{""corr_sign"": 1, ""reference"": ""XHINV"", ""reference_quartile"": ""low"", ""target"": ""PHEXT""}",anomalia,Desviacion de Correlacion,anomalia,Ruido,fail,,0.9998263733344612,anomalia,False,False,False,False,0,0,,B_type_mismatch
CD_e63845c3a51b,CD,"{""corr_sign"": 1, ""reference"": ""XHINV"", ""reference_quartile"": ""low"", ""target"": ""PHEXT""}",anomalia,Desviacion de Correlacion,anomalia,Ruido,fail,,0.9990703468211818,anomalia,False,False,False,False,0,0,,B_type_mismatch
CD_337aefd60bb7,CD,"{""corr_sign"": 1, ""reference"": ""XHINV"", ""reference_quartile"": ""low"", ""target"": ""PHEXT""}",anomalia,Desviacion de Correlacion,anomalia,Ruido,fail,,0.999592145202135,anomalia,False,False,False,False,0,0,,B_type_mismatch
CD_5e5c249c8457,CD,"{""corr_sign"": 1, ""reference"": ""XHINV"", ""reference_quartile"": ""low"", ""target"": ""PHEXT""}",anomalia,Desviacion de Correlacion,anomalia,Ruido,fail,,0.9924548423500482,anomalia,False,False,False,False,0,0,,B_type_mismatch
CD_bb24b4327aff,CD,"{""corr_sign"": 1, ""reference"": ""XHINV"", ""reference_quartile"": ""low"", ""target"": ""PHEXT""}",anomalia,Desviacion de Correlacion,anomalia,Ruido,fail,,0.993088199370305,anomalia,False,False,False,False,0,0,,B_type_mismatch
CD_1395aca870ed,CD,"{""corr_sign"": 1, ""reference"": ""XHINV"", ""reference_quartile"": ""low"", ""target"": ""PHEXT""}",anomalia,Desviacion de Correlacion,anomalia,Ruido,fail,,0.8421104654272813,anomalia,False,False,False,False,0,0,,B_type_mismatch
CD_961519016042,CD,"{""corr_sign"": 1, ""reference"": ""XHINV"", ""reference_quartile"": ""low"", ""target"": ""PHEXT""}",anomalia,Desviacion de Correlacion,anomalia,Ruido,fail,,0.999468394370171,anomalia,False,False,False,False,0,0,,B_type_mismatch
CD_ac79848b3549,CD,"{""corr_sign"": 1, ""reference"": ""XHINV"", ""reference_quartile"": ""low"", ""target"": ""PHEXT""}",anomalia,Desviacion de Correlacion,anomalia,Ruido,fail,,0.9923903263360226,anomalia,False,False,False,False,0,0,,B_type_mismatch
CD_97e0eafa9e00,CD,"{""corr_sign"": 1, ""reference"": ""XHINV"", ""reference_quartile"": ""low"", ""target"": ""PHEXT""}",anomalia,Desviacion de Correlacion,anomalia,Ruido,fail,,0.9931741965334648,anomalia,False,False,False,False,0,0,,B_type_mismatch
CD_c28b271647b4,CD,"{""corr_sign"": 1, ""reference"": ""XHINV"", ""reference_quartile"": ""low"", ""target"": ""PHEXT""}",anomalia,Desviacion de Correlacion,anomalia,Ruido,fail,,0.9987006632861825,anomalia,False,False,False,False,0,0,,B_type_mismatch
CD_801ed04bcc72,CD,"{""corr_sign"": 1, ""reference"": ""XHINV"", ""reference_quartile"": ""low"", ""target"": ""PHEXT""}",anomalia,Desviacion de Correlacion,anomalia,Ruido,fail,,0.990817940264516,anomalia,False,False,False,False,0,0,,B_type_mismatch
CD_23318038625a,CD,"{""corr_sign"": 1, ""reference"": ""XHINV"", ""reference_quartile"": ""low"", ""target"": ""PHEXT""}",anomalia,Desviacion de Correlacion,anomalia,Ruido,fail,,0.9993957903530498,anomalia,False,False,False,False,0,0,,B_type_mismatch
CD_2947c246f5ea,CD,"{""corr_sign"": 1, ""reference"": ""XHINV"", ""reference_quartile"": ""low"", ""target"": ""PHEXT""}",anomalia,Desviacion de Correlacion,anomalia,Ruido,fail,,0.9944445431915588,anomalia,False,False,False,False,0,0,,B_type_mismatch
CD_a377ebe231dc,CD,"{""corr_sign"": 1, ""reference"": ""XHINV"", ""reference_quartile"": ""low"", ""target"": ""PHEXT""}",anomalia,Desviacion de Correlacion,anomalia,Ruido,fail,,0.9991902590332754,anomalia,False,False,False,False,0,0,,B_type_mismatch
CD_80909510ee0d,CD,"{""corr_sign"": 1, ""reference"": ""XHINV"", ""reference_quartile"": ""low"", ""target"": ""PHEXT""}",anomalia,Desviacion de Correlacion,anomalia,Ruido,fail,,0.9856116802834082,anomalia,False,False,False,False,0,0,,B_type_mismatch
CD_b1896a7a1639,CD,"{""corr_sign"": 1, ""reference"": ""XHINV"", ""reference_quartile"": ""low"", ""target"": ""PHEXT""}",anomalia,Desviacion de Correlacion,anomalia,Ruido,fail,,0.9988240005913188,anomalia,False,False,False,False,0,0,,B_type_mismatch
CD_94fc64fd2ae7,CD,"{""corr_sign"": 1, ""reference"": ""XHINV"", ""reference_quartile"": ""high"", ""target"": ""PHEXT""}",anomalia,Desviacion de Correlacion,anomalia,Ruido,fail,,0.9985404860758166,anomalia,False,False,False,False,0,1,,B_type_mismatch
CD_8568f2173c46,CD,"{""corr_sign"": 1, ""reference"": ""XHINV"", ""reference_quartile"": ""high"", ""target"": ""PHEXT""}",anomalia,Desviacion de Correlacion,anomalia,Ruido,fail,,0.9937834320425308,anomalia,False,False,False,False,0,0,,B_type_mismatch
CD_6fa71b3823f8,CD,"{""corr_sign"": 1, ""reference"": ""XHINV"", ""reference_quartile"": ""high"", ""target"": ""PHEXT""}",anomalia,Desviacion de Correlacion,anomalia,Ruido,fail,,0.9989804088790264,anomalia,False,False,False,False,0,1,,B_type_mismatch
CD_3098e8647987,CD,"{""corr_sign"": 1, ""reference"": ""XHINV"", ""reference_quartile"": ""high"", ""target"": ""PHEXT""}",anomalia,Desviacion de Correlacion,anomalia,Ruido,fail,,0.9980645822123804,anomalia,False,False,False,False,0,0,,B_type_mismatch
CD_31c8b3f4f448,CD,"{""corr_sign"": 1, ""reference"": ""XHINV"", ""reference_quartile"": ""high"", ""target"": ""PHEXT""}",anomalia,Desviacion de Correlacion,anomalia,Ruido,fail,,0.9909303337928916,anomalia,False,False,False,False,0,0,,B_type_mismatch
CD_1be8704c1950,CD,"{""corr_sign"": 1, ""reference"": ""XHINV"", ""reference_quartile"": ""high"", ""target"": ""PHEXT""}",anomalia,Desviacion de Correlacion,anomalia,Ruido,fail,,0.9903406961984494,anomalia,False,False,False,False,0,0,,B_type_mismatch
CD_52400c2fa3a9,CD,"{""corr_sign"": 1, ""reference"": ""XHINV"", ""reference_quartile"": ""high"", ""target"": ""PHEXT""}",anomalia,Desviacion de Correlacion,anomalia,Ruido,fail,,0.9420927174965276,anomalia,False,False,False,False,0,0,,B_type_mismatch
CD_c19f30eab24c,CD,"{""corr_sign"": 1, ""reference"": ""XHINV"", ""reference_quartile"": ""high"", ""target"": ""PHEXT""}",anomalia,Desviacion de Correlacion,anomalia,Ruido,fail,,0.9980315831893286,anomalia,False,False,False,False,0,1,,B_type_mismatch
CD_c692ae98d785,CD,"{""corr_sign"": 1, ""reference"": ""XHINV"", ""reference_quartile"": ""high"", ""target"": ""PHEXT""}",anomalia,Desviacion de Correlacion,anomalia,Ruido,fail,,0.9987968445394656,anomalia,False,False,False,False,0,0,,B_type_mismatch
CD_5a779b1bb025,CD,"{""corr_sign"": 1, ""reference"": ""XHINV"", ""reference_quartile"": ""high"", ""target"": ""PHEXT""}",anomalia,Desviacion de Correlacion,normal,normal,fail,,0.6031729639180492,normal,False,False,False,False,0,1,,A_binary_miss
CD_cf1efa1ca732,CD,"{""corr_sign"": 1, ""reference"": ""XHINV"", ""reference_quartile"": ""high"", ""target"": ""PHEXT""}",anomalia,Desviacion de Correlacion,anomalia,Ruido,fail,,0.9841839329822064,anomalia,False,False,False,False,0,0,,B_type_mismatch
CD_bca7438d3a31,CD,"{""corr_sign"": 1, ""reference"": ""XHINV"", ""reference_quartile"": ""high"", ""target"": ""PHEXT""}",anomalia,Desviacion de Correlacion,anomalia,Ruido,fail,,0.9321165444507982,anomalia,False,False,False,False,0,1,,B_type_mismatch
CD_f536255b9a6d,CD,"{""corr_sign"": 1, ""reference"": ""XHINV"", ""reference_quartile"": ""high"", ""target"": ""PHEXT""}",anomalia,Desviacion de Correlacion,anomalia,Ruido,fail,,0.9889909828100636,anomalia,False,False,False,False,0,0,,B_type_mismatch
CD_4eba7e74c3d9,CD,"{""corr_sign"": 1, ""reference"": ""XHINV"", ""reference_quartile"": ""high"", ""target"": ""PHEXT""}",anomalia,Desviacion de Correlacion,anomalia,Ruido,fail,,0.9982562319732547,anomalia,False,False,False,False,0,1,,B_type_mismatch
CD_6c174c678416,CD,"{""corr_sign"": 1, ""reference"": ""XHINV"", ""reference_quartile"": ""high"", ""target"": ""PHEXT""}",anomalia,Desviacion de Correlacion,anomalia,Ruido,fail,,0.9986953768587566,anomalia,False,False,False,False,0,1,,B_type_mismatch
CD_d55479cd66f4,CD,"{""corr_sign"": 1, ""reference"": ""XHINV"", ""reference_quartile"": ""high"", ""target"": ""PHEXT""}",anomalia,Desviacion de Correlacion,anomalia,Ruido,fail,,0.9926314208440368,anomalia,False,False,False,False,0,1,,B_type_mismatch
CD_111763676fe8,CD,"{""corr_sign"": 1, ""reference"": ""XHINV"", ""reference_quartile"": ""high"", ""target"": ""PHEXT""}",anomalia,Desviacion de Correlacion,anomalia,Ruido,fail,,0.9806103991595584,anomalia,False,False,False,False,0,1,,B_type_mismatch
CD_b75b06f55aed,CD,"{""corr_sign"": 1, ""reference"": ""XHINV"", ""reference_quartile"": ""high"", ""target"": ""PHEXT""}",anomalia,Desviacion de Correlacion,anomalia,Ruido,fail,,0.9941599619439956,anomalia,False,False,False,False,0,0,,B_type_mismatch
CD_f10117399fc7,CD,"{""corr_sign"": 1, ""reference"": ""XHINV"", ""reference_quartile"": ""high"", ""target"": ""PHEXT""}",anomalia,Desviacion de Correlacion,anomalia,Ruido,fail,,0.9975580695344396,anomalia,False,False,False,False,0,0,,B_type_mismatch
CD_a6f0b1b73ac4,CD,"{""corr_sign"": 1, ""reference"": ""XHINV"", ""reference_quartile"": ""high"", ""target"": ""PHEXT""}",anomalia,Desviacion de Correlacion,anomalia,Ruido,fail,,0.9981184105249028,anomalia,False,False,False,False,0,1,,B_type_mismatch
CD_908cf6b9f286,CD,"{""corr_sign"": 1, ""reference"": ""XHINV"", ""reference_quartile"": ""high"", ""target"": ""PHEXT""}",anomalia,Desviacion de Correlacion,anomalia,Ruido,fail,,0.969708601507742,anomalia,False,False,False,False,0,0,,B_type_mismatch
CD_cf460573d256,CD,"{""corr_sign"": 1, ""reference"": ""XHINV"", ""reference_quartile"": ""high"", ""target"": ""PHEXT""}",anomalia,Desviacion de Correlacion,anomalia,Ruido,fail,,0.996420170302612,anomalia,False,False,False,False,0,0,,B_type_mismatch
CD_4906c718fa7e,CD,"{""corr_sign"": 1, ""reference"": ""XHINV"", ""reference_quartile"": ""high"", ""target"": ""PHEXT""}",anomalia,Desviacion de Correlacion,anomalia,Ruido,fail,,0.9987121655696762,anomalia,False,False,False,False,0,0,,B_type_mismatch
CD_1e25cc79e12a,CD,"{""corr_sign"": 1, ""reference"": ""XHINV"", ""reference_quartile"": ""high"", ""target"": ""PHEXT""}",anomalia,Desviacion de Correlacion,anomalia,Ruido,fail,,0.996713158837748,anomalia,False,False,False,False,0,0,,B_type_mismatch
CD_118bc694e313,CD,"{""corr_sign"": 1, ""reference"": ""XHINV"", ""reference_quartile"": ""high"", ""target"": ""PHEXT""}",anomalia,Desviacion de Correlacion,anomalia,Ruido,fail,,0.9841985567907454,anomalia,False,False,False,False,0,0,,B_type_mismatch
CD_158dddd35c08,CD,"{""corr_sign"": 1, ""reference"": ""XHINV"", ""reference_quartile"": ""high"", ""target"": ""PHEXT""}",anomalia,Desviacion de Correlacion,anomalia,Ruido,fail,,0.949737716126704,anomalia,False,False,False,False,0,0,,B_type_mismatch
CD_6e92a80f474d,CD,"{""corr_sign"": 1, ""reference"": ""XHINV"", ""reference_quartile"": ""high"", ""target"": ""PHEXT""}",anomalia,Desviacion de Correlacion,anomalia,Ruido,fail,,0.9969953378353362,anomalia,False,False,False,False,0,1,,B_type_mismatch
CD_e98e5e9c39e8,CD,"{""corr_sign"": 1, ""reference"": ""XHINV"", ""reference_quartile"": ""high"", ""target"": ""PHEXT""}",anomalia,Desviacion de Correlacion,anomalia,Ruido,fail,,0.9955632391247248,anomalia,False,False,False,False,0,1,,B_type_mismatch
CD_3d4edd21aa7c,CD,"{""corr_sign"": 1, ""reference"": ""XHINV"", ""reference_quartile"": ""high"", ""target"": ""PHEXT""}",anomalia,Desviacion de Correlacion,anomalia,Ruido,fail,,0.9991492853467482,anomalia,False,False,False,False,0,1,,B_type_mismatch
CD_0da991101a85,CD,"{""corr_sign"": 1, ""reference"": ""XHINV"", ""reference_quartile"": ""high"", ""target"": ""PHEXT""}",anomalia,Desviacion de Correlacion,anomalia,Ruido,fail,,0.994500855926894,anomalia,False,False,False,False,0,1,,B_type_mismatch
CD_b252e22416b9,CD,"{""corr_sign"": 1, ""reference"": ""XHINV"", ""reference_quartile"": ""high"", ""target"": ""PHEXT""}",anomalia,Desviacion de Correlacion,anomalia,Ruido,fail,,0.9990636872131564,anomalia,False,False,False,False,0,1,,B_type_mismatch
CD_ccbf92e83a5a,CD,"{""corr_sign"": 1, ""reference"": ""XHINV"", ""reference_quartile"": ""high"", ""target"": ""PHEXT""}",anomalia,Desviacion de Correlacion,anomalia,Ruido,fail,,0.979931166559147,anomalia,False,False,False,False,0,1,,B_type_mismatch
CD_7406c195285b,CD,"{""corr_sign"": 1, ""reference"": ""XHINV"", ""reference_quartile"": ""high"", ""target"": ""PHEXT""}",anomalia,Desviacion de Correlacion,anomalia,Ruido,fail,,0.9953938143229442,anomalia,False,False,False,False,0,1,,B_type_mismatch
CD_d58ffdf5daf1,CD,"{""corr_sign"": 1, ""reference"": ""XHINV"", ""reference_quartile"": ""high"", ""target"": ""PHEXT""}",anomalia,Desviacion de Correlacion,anomalia,Ruido,fail,,0.9956698615420968,anomalia,False,False,False,False,0,0,,B_type_mismatch
CD_088d3eedcbf8,CD,"{""corr_sign"": 1, ""reference"": ""XHINV"", ""reference_quartile"": ""high"", ""target"": ""PHEXT""}",anomalia,Desviacion de Correlacion,anomalia,Ruido,fail,,0.9986533440456468,anomalia,False,False,False,False,0,1,,B_type_mismatch
CD_c4cc73f6ae07,CD,"{""corr_sign"": 1, ""reference"": ""XHINV"", ""reference_quartile"": ""high"", ""target"": ""PHEXT""}",anomalia,Desviacion de Correlacion,anomalia,Ruido,fail,,0.8584830969507392,anomalia,False,False,False,False,0,0,,B_type_mismatch
CD_c7024c1ed31d,CD,"{""corr_sign"": 1, ""reference"": ""XHINV"", ""reference_quartile"": ""high"", ""target"": ""PHEXT""}",anomalia,Desviacion de Correlacion,anomalia,Ruido,fail,,0.9981662214153848,anomalia,False,False,False,False,0,1,,B_type_mismatch
CD_995fa9f241dc,CD,"{""corr_sign"": 1, ""reference"": ""XHINV"", ""reference_quartile"": ""high"", ""target"": ""PHEXT""}",anomalia,Desviacion de Correlacion,anomalia,Ruido,fail,,0.9986391144518132,anomalia,False,False,False,False,0,0,,B_type_mismatch
CD_9fc2bfe98b85,CD,"{""corr_sign"": 1, ""reference"": ""XHINV"", ""reference_quartile"": ""high"", ""target"": ""PHEXT""}",anomalia,Desviacion de Correlacion,normal,normal,fail,,0.1683756280028336,normal,False,False,False,False,0,1,,A_binary_miss
CD_e443e0b2eb4d,CD,"{""corr_sign"": 1, ""reference"": ""XHINV"", ""reference_quartile"": ""high"", ""target"": ""PHEXT""}",anomalia,Desviacion de Correlacion,anomalia,Ruido,fail,,0.9324279529621586,anomalia,False,False,False,False,0,0,,B_type_mismatch
CD_8789d270b568,CD,"{""corr_sign"": 1, ""reference"": ""XHINV"", ""reference_quartile"": ""high"", ""target"": ""PHEXT""}",anomalia,Desviacion de Correlacion,anomalia,Ruido,fail,,0.9979856896416048,anomalia,False,False,False,False,0,1,,B_type_mismatch
CD_d7ded38c7901,CD,"{""corr_sign"": 1, ""reference"": ""XHINV"", ""reference_quartile"": ""high"", ""target"": ""PHEXT""}",anomalia,Desviacion de Correlacion,anomalia,Ruido,fail,,0.9357925625055332,anomalia,False,False,False,False,0,0,,B_type_mismatch
CD_67a52ec0ecf3,CD,"{""corr_sign"": 1, ""reference"": ""XHINV"", ""reference_quartile"": ""high"", ""target"": ""PHEXT""}",anomalia,Desviacion de Correlacion,anomalia,Ruido,fail,,0.9973905132281526,anomalia,False,False,False,False,0,1,,B_type_mismatch
CD_9e8a78690670,CD,"{""corr_sign"": 1, ""reference"": ""XHINV"", ""reference_quartile"": ""high"", ""target"": ""PHEXT""}",anomalia,Desviacion de Correlacion,anomalia,Ruido,fail,,0.975880379728798,anomalia,False,False,False,False,0,1,,B_type_mismatch
CD_563f243bc30b,CD,"{""corr_sign"": 1, ""reference"": ""XHINV"", ""reference_quartile"": ""high"", ""target"": ""PHEXT""}",anomalia,Desviacion de Correlacion,anomalia,Ruido,fail,,0.9899991744945662,anomalia,False,False,False,False,0,0,,B_type_mismatch
CD_493283d9d99b,CD,"{""corr_sign"": 1, ""reference"": ""XHINV"", ""reference_quartile"": ""high"", ""target"": ""PHEXT""}",anomalia,Desviacion de Correlacion,anomalia,Ruido,fail,,0.9985483063683346,anomalia,False,False,False,False,0,1,,B_type_mismatch
CD_58505cad1461,CD,"{""corr_sign"": 1, ""reference"": ""XHINV"", ""reference_quartile"": ""high"", ""target"": ""PHEXT""}",anomalia,Desviacion de Correlacion,anomalia,Ruido,fail,,0.9875609328309616,anomalia,False,False,False,False,0,0,,B_type_mismatch
CD_b36e72e66a91,CD,"{""corr_sign"": 1, ""reference"": ""XHINV"", ""reference_quartile"": ""high"", ""target"": ""PHEXT""}",anomalia,Desviacion de Correlacion,anomalia,Ruido,fail,,0.9982522995751222,anomalia,False,False,False,False,0,0,,B_type_mismatch
CD_f70e702bcd71,CD,"{""corr_sign"": 1, ""reference"": ""XHINV"", ""reference_quartile"": ""high"", ""target"": ""PHEXT""}",anomalia,Desviacion de Correlacion,anomalia,Ruido,fail,,0.9993063007096518,anomalia,False,False,False,False,0,1,,B_type_mismatch
CD_66e0b3fdfb7a,CD,"{""corr_sign"": 1, ""reference"": ""XHINV"", ""reference_quartile"": ""high"", ""target"": ""PHEXT""}",anomalia,Desviacion de Correlacion,anomalia,Ruido,fail,,0.9988227268161138,anomalia,False,False,False,False,0,1,,B_type_mismatch
CD_492580790bd7,CD,"{""corr_sign"": 1, ""reference"": ""XHINV"", ""reference_quartile"": ""high"", ""target"": ""PHEXT""}",anomalia,Desviacion de Correlacion,anomalia,Ruido,fail,,0.9987858887454608,anomalia,False,False,False,False,0,1,,B_type_mismatch
CD_b5fd613d4177,CD,"{""corr_sign"": 1, ""reference"": ""XHINV"", ""reference_quartile"": ""high"", ""target"": ""PHEXT""}",anomalia,Desviacion de Correlacion,anomalia,Ruido,fail,,0.995822363454523,anomalia,False,False,False,False,0,1,,B_type_mismatch
CD_1e360c7a8cd4,CD,"{""corr_sign"": 1, ""reference"": ""XHINV"", ""reference_quartile"": ""high"", ""target"": ""PHEXT""}",anomalia,Desviacion de Correlacion,anomalia,Ruido,fail,,0.9922980231022732,anomalia,False,False,False,False,0,1,,B_type_mismatch
CD_30a4241ac12c,CD,"{""corr_sign"": 1, ""reference"": ""XHINV"", ""reference_quartile"": ""high"", ""target"": ""PHEXT""}",anomalia,Desviacion de Correlacion,anomalia,Ruido,fail,,0.9964875365867346,anomalia,False,False,False,False,0,1,,B_type_mismatch
CD_2c2ccb214dcd,CD,"{""corr_sign"": 1, ""reference"": ""XHINV"", ""reference_quartile"": ""high"", ""target"": ""PHEXT""}",anomalia,Desviacion de Correlacion,anomalia,Ruido,fail,,0.9993289656759622,anomalia,False,False,False,False,0,1,,B_type_mismatch
CD_39d3f0d21152,CD,"{""corr_sign"": 1, ""reference"": ""XHINV"", ""reference_quartile"": ""high"", ""target"": ""PHEXT""}",anomalia,Desviacion de Correlacion,anomalia,Ruido,fail,,0.9990527504204332,anomalia,False,False,False,False,0,0,,B_type_mismatch
CD_fcfff7aa9541,CD,"{""corr_sign"": 1, ""reference"": ""XHINV"", ""reference_quartile"": ""high"", ""target"": ""PHEXT""}",anomalia,Desviacion de Correlacion,anomalia,Ruido,fail,,0.9988314468161034,anomalia,False,False,False,False,0,1,,B_type_mismatch
CD_cd449f04db6a,CD,"{""corr_sign"": 1, ""reference"": ""XHINV"", ""reference_quartile"": ""high"", ""target"": ""PHEXT""}",anomalia,Desviacion de Correlacion,anomalia,Ruido,fail,,0.9982230412387528,anomalia,False,False,False,False,0,0,,B_type_mismatch
CD_4ab52157b49a,CD,"{""corr_sign"": 1, ""reference"": ""XHINV"", ""reference_quartile"": ""high"", ""target"": ""PHEXT""}",anomalia,Desviacion de Correlacion,anomalia,Ruido,fail,,0.999236050260026,anomalia,False,False,False,False,0,1,,B_type_mismatch
CD_3d26970d563c,CD,"{""corr_sign"": 1, ""reference"": ""XHINV"", ""reference_quartile"": ""high"", ""target"": ""PHEXT""}",anomalia,Desviacion de Correlacion,anomalia,Ruido,fail,,0.99774013174322,anomalia,False,False,False,False,0,0,,B_type_mismatch
CD_dfe0ae523dc4,CD,"{""corr_sign"": 1, ""reference"": ""XHINV"", ""reference_quartile"": ""high"", ""target"": ""PHEXT""}",anomalia,Desviacion de Correlacion,anomalia,Ruido,fail,,0.9985541432110172,anomalia,False,False,False,False,0,1,,B_type_mismatch
CD_9cd67d831d70,CD,"{""corr_sign"": 1, ""reference"": ""XHINV"", ""reference_quartile"": ""high"", ""target"": ""PHEXT""}",anomalia,Desviacion de Correlacion,anomalia,Ruido,fail,,0.9954976043727786,anomalia,False,False,False,False,0,1,,B_type_mismatch
CD_0fb029589e6b,CD,"{""corr_sign"": 1, ""reference"": ""XHINV"", ""reference_quartile"": ""high"", ""target"": ""PHEXT""}",anomalia,Desviacion de Correlacion,anomalia,Ruido,fail,,0.998077580839024,anomalia,False,False,False,False,0,1,,B_type_mismatch
CD_8d955ad7bc7a,CD,"{""corr_sign"": 1, ""reference"": ""XHINV"", ""reference_quartile"": ""high"", ""target"": ""PHEXT""}",anomalia,Desviacion de Correlacion,anomalia,Ruido,fail,,0.9996369689963592,anomalia,False,False,False,False,0,1,,B_type_mismatch
CD_abb31fff569d,CD,"{""corr_sign"": 1, ""reference"": ""XHINV"", ""reference_quartile"": ""high"", ""target"": ""PHEXT""}",anomalia,Desviacion de Correlacion,anomalia,Ruido,fail,,0.9981095430972536,anomalia,False,False,False,False,0,0,,B_type_mismatch
CD_8b1ebf230416,CD,"{""corr_sign"": 1, ""reference"": ""XHINV"", ""reference_quartile"": ""high"", ""target"": ""PHEXT""}",anomalia,Desviacion de Correlacion,anomalia,Ruido,fail,,0.9583836894639102,anomalia,False,False,False,False,0,1,,B_type_mismatch
CD_15dc132de130,CD,"{""corr_sign"": 1, ""reference"": ""XHINV"", ""reference_quartile"": ""high"", ""target"": ""PHEXT""}",anomalia,Desviacion de Correlacion,anomalia,Ruido,fail,,0.9989586000718096,anomalia,False,False,False,False,0,1,,B_type_mismatch
CD_b697ed970726,CD,"{""corr_sign"": 1, ""reference"": ""XHINV"", ""reference_quartile"": ""high"", ""target"": ""PHEXT""}",anomalia,Desviacion de Correlacion,anomalia,Ruido,fail,,0.997702329294861,anomalia,False,False,False,False,0,0,,B_type_mismatch
CD_a4a05c227a62,CD,"{""corr_sign"": 1, ""reference"": ""XHINV"", ""reference_quartile"": ""high"", ""target"": ""PHEXT""}",anomalia,Desviacion de Correlacion,anomalia,Ruido,fail,,0.9975470350989084,anomalia,False,False,False,False,0,1,,B_type_mismatch
CD_5148466641ef,CD,"{""corr_sign"": 1, ""reference"": ""XHINV"", ""reference_quartile"": ""high"", ""target"": ""PHEXT""}",anomalia,Desviacion de Correlacion,anomalia,Ruido,fail,,0.9989775071750632,anomalia,False,False,False,False,0,1,,B_type_mismatch
CD_ceda2887a541,CD,"{""corr_sign"": 1, ""reference"": ""XHINV"", ""reference_quartile"": ""high"", ""target"": ""PHEXT""}",anomalia,Desviacion de Correlacion,anomalia,Ruido,fail,,0.98855912648715,anomalia,False,False,False,False,0,1,,B_type_mismatch
CD_2b6be3f8dbc9,CD,"{""corr_sign"": 1, ""reference"": ""XHINV"", ""reference_quartile"": ""high"", ""target"": ""PHEXT""}",anomalia,Desviacion de Correlacion,anomalia,Ruido,fail,,0.9969844125293196,anomalia,False,False,False,False,0,0,,B_type_mismatch
CD_1c6bdd942f52,CD,"{""corr_sign"": 1, ""reference"": ""XHINV"", ""reference_quartile"": ""high"", ""target"": ""PHEXT""}",anomalia,Desviacion de Correlacion,anomalia,Ruido,fail,,0.9568286444921316,anomalia,False,False,False,False,0,0,,B_type_mismatch
CD_4d2d526d0c6e,CD,"{""corr_sign"": 1, ""reference"": ""XHINV"", ""reference_quartile"": ""high"", ""target"": ""PHEXT""}",anomalia,Desviacion de Correlacion,anomalia,Ruido,fail,,0.9950546445622944,anomalia,False,False,False,False,0,0,,B_type_mismatch
CD_211d3821e1f5,CD,"{""corr_sign"": 1, ""reference"": ""XHINV"", ""reference_quartile"": ""high"", ""target"": ""PHEXT""}",anomalia,Desviacion de Correlacion,anomalia,Ruido,fail,,0.9975970111732646,anomalia,False,False,False,False,0,0,,B_type_mismatch
CD_279f0bb3de4c,CD,"{""corr_sign"": 1, ""reference"": ""XHINV"", ""reference_quartile"": ""high"", ""target"": ""PHEXT""}",anomalia,Desviacion de Correlacion,anomalia,Ruido,fail,,0.998202759958609,anomalia,False,False,False,False,0,0,,B_type_mismatch
CD_bfb86170f37b,CD,"{""corr_sign"": 1, ""reference"": ""XHINV"", ""reference_quartile"": ""high"", ""target"": ""PHEXT""}",anomalia,Desviacion de Correlacion,anomalia,Ruido,fail,,0.9770760214474916,anomalia,False,False,False,False,0,0,,B_type_mismatch
CD_4c7aaa3988eb,CD,"{""corr_sign"": 1, ""reference"": ""XHINV"", ""reference_quartile"": ""high"", ""target"": ""PHEXT""}",anomalia,Desviacion de Correlacion,normal,normal,fail,,0.0750672848206653,normal,False,False,False,False,0,1,,A_binary_miss
CD_9a6331285c47,CD,"{""corr_sign"": 1, ""reference"": ""XHINV"", ""reference_quartile"": ""high"", ""target"": ""PHEXT""}",anomalia,Desviacion de Correlacion,anomalia,Ruido,fail,,0.9967043433219648,anomalia,False,False,False,False,0,0,,B_type_mismatch
CD_46c3f797c89f,CD,"{""corr_sign"": 1, ""reference"": ""XHINV"", ""reference_quartile"": ""high"", ""target"": ""PHEXT""}",anomalia,Desviacion de Correlacion,anomalia,Ruido,fail,,0.9985591972923054,anomalia,False,False,False,False,0,0,,B_type_mismatch
CD_fdd72d4e7ceb,CD,"{""corr_sign"": 1, ""reference"": ""XHINV"", ""reference_quartile"": ""high"", ""target"": ""PHEXT""}",anomalia,Desviacion de Correlacion,anomalia,Ruido,fail,,0.9904716655254704,anomalia,False,False,False,False,0,0,,B_type_mismatch
CD_e9230ee9b6fd,CD,"{""corr_sign"": 1, ""reference"": ""XHINV"", ""reference_quartile"": ""high"", ""target"": ""PHEXT""}",anomalia,Desviacion de Correlacion,anomalia,Ruido,fail,,0.9931514201031848,anomalia,False,False,False,False,0,0,,B_type_mismatch
CD_b60f317de9ef,CD,"{""corr_sign"": 1, ""reference"": ""XHINV"", ""reference_quartile"": ""high"", ""target"": ""PHEXT""}",anomalia,Desviacion de Correlacion,normal,normal,fail,,0.013645724961521,normal,False,False,False,False,0,1,,A_binary_miss
CD_0d506e4d22b7,CD,"{""corr_sign"": 1, ""reference"": ""XHINV"", ""reference_quartile"": ""high"", ""target"": ""PHEXT""}",anomalia,Desviacion de Correlacion,anomalia,Ruido,fail,,0.998863374267415,anomalia,False,False,False,False,0,1,,B_type_mismatch
CD_a3fc4960c4ee,CD,"{""corr_sign"": 1, ""reference"": ""XHINV"", ""reference_quartile"": ""high"", ""target"": ""PHEXT""}",anomalia,Desviacion de Correlacion,anomalia,Ruido,fail,,0.998561165114756,anomalia,False,False,False,False,0,1,,B_type_mismatch
CD_000a69a95a0d,CD,"{""corr_sign"": 1, ""reference"": ""XHINV"", ""reference_quartile"": ""high"", ""target"": ""PHEXT""}",anomalia,Desviacion de Correlacion,anomalia,Ruido,fail,,0.987569571668011,anomalia,False,False,False,False,0,1,,B_type_mismatch
CD_bb6e2ae5f8c9,CD,"{""corr_sign"": 1, ""reference"": ""XHINV"", ""reference_quartile"": ""high"", ""target"": ""PHEXT""}",anomalia,Desviacion de Correlacion,anomalia,Ruido,fail,,0.9992238245618624,anomalia,False,False,False,False,0,1,,B_type_mismatch
CD_864999008b77,CD,"{""corr_sign"": 1, ""reference"": ""XHINV"", ""reference_quartile"": ""high"", ""target"": ""PHEXT""}",anomalia,Desviacion de Correlacion,anomalia,Ruido,fail,,0.9979537000633956,anomalia,False,False,False,False,0,1,,B_type_mismatch
CD_93140af7f629,CD,"{""corr_sign"": 1, ""reference"": ""XHINV"", ""reference_quartile"": ""high"", ""target"": ""PHEXT""}",anomalia,Desviacion de Correlacion,anomalia,Ruido,fail,,0.9961451607486544,anomalia,False,False,False,False,0,1,,B_type_mismatch
CD_3cb1322acc23,CD,"{""corr_sign"": 1, ""reference"": ""XHINV"", ""reference_quartile"": ""high"", ""target"": ""PHEXT""}",anomalia,Desviacion de Correlacion,anomalia,Ruido,fail,,0.9968619991453695,anomalia,False,False,False,False,0,1,,B_type_mismatch
CD_f3b2572955ab,CD,"{""corr_sign"": 1, ""reference"": ""XHINV"", ""reference_quartile"": ""high"", ""target"": ""PHEXT""}",anomalia,Desviacion de Correlacion,normal,normal,fail,,0.7626031378448055,normal,False,False,False,False,0,0,,A_binary_miss
CD_452269bd9dfe,CD,"{""corr_sign"": 1, ""reference"": ""XHINV"", ""reference_quartile"": ""high"", ""target"": ""PHEXT""}",anomalia,Desviacion de Correlacion,anomalia,Ruido,fail,,0.994667696874666,anomalia,False,False,False,False,0,0,,B_type_mismatch
CD_4b9dc3c5a11e,CD,"{""corr_sign"": 1, ""reference"": ""XHINV"", ""reference_quartile"": ""high"", ""target"": ""PHEXT""}",anomalia,Desviacion de Correlacion,anomalia,Ruido,fail,,0.9978050408175336,anomalia,False,False,False,False,0,1,,B_type_mismatch
CD_2277d20e6655,CD,"{""corr_sign"": 1, ""reference"": ""XHINV"", ""reference_quartile"": ""high"", ""target"": ""PHEXT""}",anomalia,Desviacion de Correlacion,anomalia,Ruido,fail,,0.9975321090829108,anomalia,False,False,False,False,0,1,,B_type_mismatch
CD_cef328ab3d10,CD,"{""corr_sign"": 1, ""reference"": ""XHINV"", ""reference_quartile"": ""high"", ""target"": ""PHEXT""}",anomalia,Desviacion de Correlacion,anomalia,Ruido,fail,,0.9990624846643996,anomalia,False,False,False,False,0,0,,B_type_mismatch
CD_c8286dbe9e1e,CD,"{""corr_sign"": 1, ""reference"": ""XHINV"", ""reference_quartile"": ""high"", ""target"": ""PHEXT""}",anomalia,Desviacion de Correlacion,anomalia,Ruido,fail,,0.9984851867297448,anomalia,False,False,False,False,0,1,,B_type_mismatch
CD_3cfab80ae584,CD,"{""corr_sign"": 1, ""reference"": ""XHINV"", ""reference_quartile"": ""high"", ""target"": ""PHEXT""}",anomalia,Desviacion de Correlacion,normal,normal,fail,,0.7017605816420901,normal,False,False,False,False,0,1,,A_binary_miss
CD_d6ee9adc120e,CD,"{""corr_sign"": 1, ""reference"": ""XHINV"", ""reference_quartile"": ""high"", ""target"": ""PHEXT""}",anomalia,Desviacion de Correlacion,anomalia,Ruido,fail,,0.999396638087275,anomalia,False,False,False,False,0,1,,B_type_mismatch
CD_0e590e56e465,CD,"{""corr_sign"": 1, ""reference"": ""XHINV"", ""reference_quartile"": ""high"", ""target"": ""PHEXT""}",anomalia,Desviacion de Correlacion,anomalia,Ruido,fail,,0.9986932512757658,anomalia,False,False,False,False,0,1,,B_type_mismatch
CD_bc36e9fde0d4,CD,"{""corr_sign"": 1, ""reference"": ""XHINV"", ""reference_quartile"": ""high"", ""target"": ""PHEXT""}",anomalia,Desviacion de Correlacion,anomalia,Ruido,fail,,0.9799294021189856,anomalia,False,False,False,False,0,0,,B_type_mismatch
CD_b6b98a510f43,CD,"{""corr_sign"": 1, ""reference"": ""XHINV"", ""reference_quartile"": ""high"", ""target"": ""PHEXT""}",anomalia,Desviacion de Correlacion,anomalia,Ruido,fail,,0.9917293874903488,anomalia,False,False,False,False,0,0,,B_type_mismatch
CD_85c377bc317c,CD,"{""corr_sign"": 1, ""reference"": ""XHINV"", ""reference_quartile"": ""high"", ""target"": ""PHEXT""}",anomalia,Desviacion de Correlacion,anomalia,Ruido,fail,,0.9960458739745328,anomalia,False,False,False,False,0,0,,B_type_mismatch
CD_dd0f9562a9e5,CD,"{""corr_sign"": 1, ""reference"": ""XHINV"", ""reference_quartile"": ""high"", ""target"": ""PHEXT""}",anomalia,Desviacion de Correlacion,anomalia,Ruido,fail,,0.9980925390087052,anomalia,False,False,False,False,0,0,,B_type_mismatch
CD_938f3cbc6aa9,CD,"{""corr_sign"": 1, ""reference"": ""XHINV"", ""reference_quartile"": ""high"", ""target"": ""PHEXT""}",anomalia,Desviacion de Correlacion,anomalia,Ruido,fail,,0.9983328995588612,anomalia,False,False,False,False,0,1,,B_type_mismatch
CD_fdb18caf571f,CD,"{""corr_sign"": 1, ""reference"": ""XHINV"", ""reference_quartile"": ""high"", ""target"": ""PHEXT""}",anomalia,Desviacion de Correlacion,anomalia,Ruido,fail,,0.997897006457115,anomalia,False,False,False,False,0,1,,B_type_mismatch
CD_9cc185176862,CD,"{""corr_sign"": 1, ""reference"": ""XHINV"", ""reference_quartile"": ""high"", ""target"": ""PHEXT""}",anomalia,Desviacion de Correlacion,anomalia,Ruido,fail,,0.9988295798504992,anomalia,False,False,False,False,0,1,,B_type_mismatch
CD_26554e5d934c,CD,"{""corr_sign"": 1, ""reference"": ""XHINV"", ""reference_quartile"": ""high"", ""target"": ""PHEXT""}",anomalia,Desviacion de Correlacion,anomalia,Ruido,fail,,0.9957931184924618,anomalia,False,False,False,False,0,0,,B_type_mismatch
CD_953a0d2381c7,CD,"{""corr_sign"": 1, ""reference"": ""XHINV"", ""reference_quartile"": ""high"", ""target"": ""PHEXT""}",anomalia,Desviacion de Correlacion,anomalia,Ruido,fail,,0.983477276929752,anomalia,False,False,False,False,0,0,,B_type_mismatch
CD_f5b2ba6b19c3,CD,"{""corr_sign"": 1, ""reference"": ""XHINV"", ""reference_quartile"": ""high"", ""target"": ""PHEXT""}",anomalia,Desviacion de Correlacion,anomalia,Ruido,fail,,0.9982359616813936,anomalia,False,False,False,False,0,1,,B_type_mismatch
CD_b8615a77cf9f,CD,"{""corr_sign"": 1, ""reference"": ""XHINV"", ""reference_quartile"": ""high"", ""target"": ""PHEXT""}",anomalia,Desviacion de Correlacion,anomalia,Ruido,fail,,0.9955501816944924,anomalia,False,False,False,False,0,1,,B_type_mismatch
CD_42d7c186cf75,CD,"{""corr_sign"": 1, ""reference"": ""XHINV"", ""reference_quartile"": ""high"", ""target"": ""PHEXT""}",anomalia,Desviacion de Correlacion,anomalia,Ruido,fail,,0.9993864142387788,anomalia,False,False,False,False,0,1,,B_type_mismatch
CD_0f80142a7af5,CD,"{""corr_sign"": 1, ""reference"": ""XHINV"", ""reference_quartile"": ""high"", ""target"": ""PHEXT""}",anomalia,Desviacion de Correlacion,anomalia,Ruido,fail,,0.9988022356508997,anomalia,False,False,False,False,0,1,,B_type_mismatch
CD_bb4acee411fe,CD,"{""corr_sign"": 1, ""reference"": ""XHINV"", ""reference_quartile"": ""high"", ""target"": ""PHEXT""}",anomalia,Desviacion de Correlacion,anomalia,Ruido,fail,,0.9971443299338998,anomalia,False,False,False,False,0,1,,B_type_mismatch
CD_e285d8378454,CD,"{""corr_sign"": 1, ""reference"": ""XHINV"", ""reference_quartile"": ""high"", ""target"": ""PHEXT""}",anomalia,Desviacion de Correlacion,anomalia,Ruido,fail,,0.997229310824706,anomalia,False,False,False,False,0,1,,B_type_mismatch
CD_4650817157e3,CD,"{""corr_sign"": 1, ""reference"": ""XHINV"", ""reference_quartile"": ""high"", ""target"": ""PHEXT""}",anomalia,Desviacion de Correlacion,anomalia,Ruido,fail,,0.9356012391452811,anomalia,False,False,False,False,0,0,,B_type_mismatch
CD_93f784ee4a28,CD,"{""corr_sign"": 1, ""reference"": ""XHINV"", ""reference_quartile"": ""high"", ""target"": ""PHEXT""}",anomalia,Desviacion de Correlacion,anomalia,Ruido,fail,,0.9977466160918133,anomalia,False,False,False,False,0,1,,B_type_mismatch
CD_6e6d7bbb2c14,CD,"{""corr_sign"": 1, ""reference"": ""XHINV"", ""reference_quartile"": ""high"", ""target"": ""PHEXT""}",anomalia,Desviacion de Correlacion,anomalia,Ruido,fail,,0.9458260655885572,anomalia,False,False,False,False,0,0,,B_type_mismatch
CD_6c6b334d4486,CD,"{""corr_sign"": 1, ""reference"": ""XHINV"", ""reference_quartile"": ""high"", ""target"": ""PHEXT""}",anomalia,Desviacion de Correlacion,anomalia,Ruido,fail,,0.9990903782482752,anomalia,False,False,False,False,0,0,,B_type_mismatch
CD_b59f0d8efec0,CD,"{""corr_sign"": 1, ""reference"": ""XHINV"", ""reference_quartile"": ""high"", ""target"": ""PHEXT""}",anomalia,Desviacion de Correlacion,normal,normal,fail,,0.0008701904955036,normal,False,False,False,False,0,1,,A_binary_miss
CD_6eb43ca57656,CD,"{""corr_sign"": 1, ""reference"": ""XHINV"", ""reference_quartile"": ""high"", ""target"": ""PHEXT""}",anomalia,Desviacion de Correlacion,anomalia,Ruido,fail,,0.9988117016420116,anomalia,False,False,False,False,0,1,,B_type_mismatch
CD_fbd43200f244,CD,"{""corr_sign"": 1, ""reference"": ""XHINV"", ""reference_quartile"": ""high"", ""target"": ""PHEXT""}",anomalia,Desviacion de Correlacion,anomalia,Ruido,fail,,0.9981085685713932,anomalia,False,False,False,False,0,1,,B_type_mismatch
CD_8b6a9270b226,CD,"{""corr_sign"": 1, ""reference"": ""XHINV"", ""reference_quartile"": ""high"", ""target"": ""PHEXT""}",anomalia,Desviacion de Correlacion,anomalia,Ruido,fail,,0.997841879345676,anomalia,False,False,False,False,0,1,,B_type_mismatch
CD_e29dfdc88af3,CD,"{""corr_sign"": 1, ""reference"": ""XHINV"", ""reference_quartile"": ""high"", ""target"": ""PHEXT""}",anomalia,Desviacion de Correlacion,anomalia,Ruido,fail,,0.998906575320124,anomalia,False,False,False,False,0,1,,B_type_mismatch
CD_0f73624757fb,CD,"{""corr_sign"": 1, ""reference"": ""XHINV"", ""reference_quartile"": ""high"", ""target"": ""PHEXT""}",anomalia,Desviacion de Correlacion,anomalia,Ruido,fail,,0.984329251963332,anomalia,False,False,False,False,0,1,,B_type_mismatch
CD_79b0a5dc818c,CD,"{""corr_sign"": 1, ""reference"": ""XHINV"", ""reference_quartile"": ""high"", ""target"": ""PHEXT""}",anomalia,Desviacion de Correlacion,anomalia,Ruido,fail,,0.9980121330341496,anomalia,False,False,False,False,0,1,,B_type_mismatch
CD_5b1115e1e867,CD,"{""corr_sign"": 1, ""reference"": ""XHINV"", ""reference_quartile"": ""high"", ""target"": ""PHEXT""}",anomalia,Desviacion de Correlacion,anomalia,Ruido,fail,,0.99916619019945,anomalia,False,False,False,False,0,1,,B_type_mismatch
CD_49c1c7a04b1e,CD,"{""corr_sign"": 1, ""reference"": ""XHINV"", ""reference_quartile"": ""high"", ""target"": ""PHEXT""}",anomalia,Desviacion de Correlacion,anomalia,Ruido,fail,,0.996581368749653,anomalia,False,False,False,False,0,0,,B_type_mismatch
CD_7e6fac79b4f7,CD,"{""corr_sign"": 1, ""reference"": ""XHINV"", ""reference_quartile"": ""high"", ""target"": ""PHEXT""}",anomalia,Desviacion de Correlacion,normal,normal,fail,,0.4496288796550446,normal,False,False,False,False,0,0,,A_binary_miss
CD_2e95d90400c4,CD,"{""corr_sign"": 1, ""reference"": ""XHINV"", ""reference_quartile"": ""high"", ""target"": ""PHEXT""}",anomalia,Desviacion de Correlacion,anomalia,Ruido,fail,,0.998957821989554,anomalia,False,False,False,False,0,1,,B_type_mismatch
CD_59f0bb704f70,CD,"{""corr_sign"": 1, ""reference"": ""XHINV"", ""reference_quartile"": ""high"", ""target"": ""PHEXT""}",anomalia,Desviacion de Correlacion,anomalia,Ruido,fail,,0.9860907254069584,anomalia,False,False,False,False,0,1,,B_type_mismatch
CD_b50658d852ee,CD,"{""corr_sign"": 1, ""reference"": ""XHINV"", ""reference_quartile"": ""high"", ""target"": ""PHEXT""}",anomalia,Desviacion de Correlacion,anomalia,Ruido,fail,,0.9989698341158736,anomalia,False,False,False,False,0,1,,B_type_mismatch
CD_ca5d412bbb69,CD,"{""corr_sign"": 1, ""reference"": ""XHINV"", ""reference_quartile"": ""high"", ""target"": ""PHEXT""}",anomalia,Desviacion de Correlacion,anomalia,Ruido,fail,,0.8472269454988638,anomalia,False,False,False,False,0,0,,B_type_mismatch
CD_5d7ab6306eb5,CD,"{""corr_sign"": 1, ""reference"": ""XHINV"", ""reference_quartile"": ""high"", ""target"": ""PHEXT""}",anomalia,Desviacion de Correlacion,anomalia,Ruido,fail,,0.9965418076614232,anomalia,False,False,False,False,0,0,,B_type_mismatch
CD_204382493682,CD,"{""corr_sign"": 1, ""reference"": ""XHINV"", ""reference_quartile"": ""high"", ""target"": ""PHEXT""}",anomalia,Desviacion de Correlacion,normal,normal,fail,,0.33153610595559,normal,False,False,False,False,0,0,,A_binary_miss
CD_0f645ccf113b,CD,"{""corr_sign"": 1, ""reference"": ""XHINV"", ""reference_quartile"": ""high"", ""target"": ""PHEXT""}",anomalia,Desviacion de Correlacion,anomalia,Ruido,fail,,0.9967087700131696,anomalia,False,False,False,False,0,0,,B_type_mismatch
CD_819ae2ea8249,CD,"{""corr_sign"": 1, ""reference"": ""XHINV"", ""reference_quartile"": ""high"", ""target"": ""PHEXT""}",anomalia,Desviacion de Correlacion,anomalia,Ruido,fail,,0.94965204977565,anomalia,False,False,False,False,0,0,,B_type_mismatch
CD_dd7171362f24,CD,"{""corr_sign"": 1, ""reference"": ""XHINV"", ""reference_quartile"": ""high"", ""target"": ""PHEXT""}",anomalia,Desviacion de Correlacion,anomalia,Ruido,fail,,0.995129463698125,anomalia,False,False,False,False,0,0,,B_type_mismatch
CD_47d560536dc1,CD,"{""corr_sign"": 1, ""reference"": ""XHINV"", ""reference_quartile"": ""high"", ""target"": ""PHEXT""}",anomalia,Desviacion de Correlacion,anomalia,Ruido,fail,,0.999133344756089,anomalia,False,False,False,False,0,1,,B_type_mismatch
CD_671b2ca94c1b,CD,"{""corr_sign"": 1, ""reference"": ""XHINV"", ""reference_quartile"": ""high"", ""target"": ""PHEXT""}",anomalia,Desviacion de Correlacion,anomalia,Ruido,fail,,0.9994069000334364,anomalia,False,False,False,False,0,1,,B_type_mismatch
CD_7bfbe6f37e76,CD,"{""corr_sign"": 1, ""reference"": ""XHINV"", ""reference_quartile"": ""high"", ""target"": ""PHEXT""}",anomalia,Desviacion de Correlacion,anomalia,Ruido,fail,,0.9949519249149236,anomalia,False,False,False,False,0,1,,B_type_mismatch
CD_6aa9e8fb29a5,CD,"{""corr_sign"": 1, ""reference"": ""XHINV"", ""reference_quartile"": ""high"", ""target"": ""PHEXT""}",anomalia,Desviacion de Correlacion,anomalia,Ruido,fail,,0.9983964361090468,anomalia,False,False,False,False,0,0,,B_type_mismatch
CD_eb2dbde8e1c5,CD,"{""corr_sign"": 1, ""reference"": ""XHINV"", ""reference_quartile"": ""high"", ""target"": ""PHEXT""}",anomalia,Desviacion de Correlacion,anomalia,Ruido,fail,,0.9940759722165472,anomalia,False,False,False,False,0,1,,B_type_mismatch
CD_9b860b2fad53,CD,"{""corr_sign"": 1, ""reference"": ""XHINV"", ""reference_quartile"": ""high"", ""target"": ""PHEXT""}",anomalia,Desviacion de Correlacion,anomalia,Ruido,fail,,0.9706722726727148,anomalia,False,False,False,False,0,0,,B_type_mismatch
CD_79d8f03eb1e8,CD,"{""corr_sign"": 1, ""reference"": ""XHINV"", ""reference_quartile"": ""high"", ""target"": ""PHEXT""}",anomalia,Desviacion de Correlacion,anomalia,Ruido,fail,,0.9993380160184924,anomalia,False,False,False,False,0,1,,B_type_mismatch
CD_60d9a87afe6e,CD,"{""corr_sign"": 1, ""reference"": ""XHINV"", ""reference_quartile"": ""high"", ""target"": ""PHEXT""}",anomalia,Desviacion de Correlacion,anomalia,Ruido,fail,,0.9992778323697564,anomalia,False,False,False,False,0,1,,B_type_mismatch
CD_c9dd2d428a97,CD,"{""corr_sign"": 1, ""reference"": ""XHINV"", ""reference_quartile"": ""high"", ""target"": ""PHEXT""}",anomalia,Desviacion de Correlacion,anomalia,Ruido,fail,,0.9991622768496649,anomalia,False,False,False,False,0,1,,B_type_mismatch
CD_f0417d964c05,CD,"{""corr_sign"": 1, ""reference"": ""XHINV"", ""reference_quartile"": ""high"", ""target"": ""PHEXT""}",anomalia,Desviacion de Correlacion,anomalia,Ruido,fail,,0.9982222818006954,anomalia,False,False,False,False,0,0,,B_type_mismatch
CD_ff87d2655352,CD,"{""corr_sign"": 1, ""reference"": ""XHINV"", ""reference_quartile"": ""high"", ""target"": ""PHEXT""}",anomalia,Desviacion de Correlacion,normal,normal,fail,,0.0011054324757387,normal,False,False,False,False,0,1,,A_binary_miss
CD_76f629cdf6aa,CD,"{""corr_sign"": 1, ""reference"": ""XHINV"", ""reference_quartile"": ""high"", ""target"": ""PHEXT""}",anomalia,Desviacion de Correlacion,anomalia,Ruido,fail,,0.9844468119690064,anomalia,False,False,False,False,0,0,,B_type_mismatch
CD_5e0e47cb5ac9,CD,"{""corr_sign"": 1, ""reference"": ""XHINV"", ""reference_quartile"": ""high"", ""target"": ""PHEXT""}",anomalia,Desviacion de Correlacion,anomalia,Ruido,fail,,0.9860164116301596,anomalia,False,False,False,False,0,1,,B_type_mismatch
CD_9e591e60f4bd,CD,"{""corr_sign"": 1, ""reference"": ""XHINV"", ""reference_quartile"": ""high"", ""target"": ""PHEXT""}",anomalia,Desviacion de Correlacion,anomalia,Ruido,fail,,0.9981168632450732,anomalia,False,False,False,False,0,1,,B_type_mismatch
CD_5c5d8bf10717,CD,"{""corr_sign"": 1, ""reference"": ""XHINV"", ""reference_quartile"": ""high"", ""target"": ""PHEXT""}",anomalia,Desviacion de Correlacion,anomalia,Ruido,fail,,0.9974810446528918,anomalia,False,False,False,False,0,1,,B_type_mismatch
CD_9d2ef151636a,CD,"{""corr_sign"": 1, ""reference"": ""XHINV"", ""reference_quartile"": ""high"", ""target"": ""PHEXT""}",anomalia,Desviacion de Correlacion,anomalia,Ruido,fail,,0.9987404601991272,anomalia,False,False,False,False,0,0,,B_type_mismatch
CD_041e324232e6,CD,"{""corr_sign"": 1, ""reference"": ""XHINV"", ""reference_quartile"": ""high"", ""target"": ""PHEXT""}",anomalia,Desviacion de Correlacion,anomalia,Ruido,fail,,0.9874384547585948,anomalia,False,False,False,False,0,0,,B_type_mismatch
CD_ad418fac5abf,CD,"{""corr_sign"": 1, ""reference"": ""XHINV"", ""reference_quartile"": ""high"", ""target"": ""PHEXT""}",anomalia,Desviacion de Correlacion,anomalia,Ruido,fail,,0.9755728409871236,anomalia,False,False,False,False,0,1,,B_type_mismatch
CD_a4f462a2ea30,CD,"{""corr_sign"": 1, ""reference"": ""XHINV"", ""reference_quartile"": ""high"", ""target"": ""PHEXT""}",anomalia,Desviacion de Correlacion,anomalia,Ruido,fail,,0.974220521792892,anomalia,False,False,False,False,0,0,,B_type_mismatch
CD_0e096cb4b8a3,CD,"{""corr_sign"": 1, ""reference"": ""XHINV"", ""reference_quartile"": ""high"", ""target"": ""PHEXT""}",anomalia,Desviacion de Correlacion,anomalia,Ruido,fail,,0.9982679731208748,anomalia,False,False,False,False,0,1,,B_type_mismatch
CD_6aabc73b8a09,CD,"{""corr_sign"": 1, ""reference"": ""XHINV"", ""reference_quartile"": ""high"", ""target"": ""PHEXT""}",anomalia,Desviacion de Correlacion,anomalia,Ruido,fail,,0.9974447406857574,anomalia,False,False,False,False,0,1,,B_type_mismatch
CD_baa71aff6d43,CD,"{""corr_sign"": 1, ""reference"": ""XHINV"", ""reference_quartile"": ""high"", ""target"": ""PHEXT""}",anomalia,Desviacion de Correlacion,anomalia,Ruido,fail,,0.9988619953483332,anomalia,False,False,False,False,0,1,,B_type_mismatch
CD_294cc7f0842c,CD,"{""corr_sign"": 1, ""reference"": ""XHINV"", ""reference_quartile"": ""high"", ""target"": ""PHEXT""}",anomalia,Desviacion de Correlacion,anomalia,Ruido,fail,,0.9978048624925636,anomalia,False,False,False,False,0,0,,B_type_mismatch
CD_7e9f2c6e5cf6,CD,"{""corr_sign"": 1, ""reference"": ""XHINV"", ""reference_quartile"": ""high"", ""target"": ""PHEXT""}",anomalia,Desviacion de Correlacion,anomalia,Ruido,fail,,0.9984806628425557,anomalia,False,False,False,False,0,0,,B_type_mismatch
CD_f3f0ec7aaef2,CD,"{""corr_sign"": 1, ""reference"": ""XHINV"", ""reference_quartile"": ""high"", ""target"": ""PHEXT""}",anomalia,Desviacion de Correlacion,anomalia,Ruido,fail,,0.999235437248489,anomalia,False,False,False,False,0,0,,B_type_mismatch
CD_6b16ea1c727b,CD,"{""corr_sign"": 1, ""reference"": ""XHINV"", ""reference_quartile"": ""high"", ""target"": ""PHEXT""}",anomalia,Desviacion de Correlacion,anomalia,Ruido,fail,,0.9978465675741895,anomalia,False,False,False,False,0,1,,B_type_mismatch
CD_a15d320f0d61,CD,"{""corr_sign"": 1, ""reference"": ""XHINV"", ""reference_quartile"": ""high"", ""target"": ""PHEXT""}",anomalia,Desviacion de Correlacion,anomalia,Ruido,fail,,0.9931625550501106,anomalia,False,False,False,False,0,0,,B_type_mismatch
CD_f849223eaf8a,CD,"{""corr_sign"": 1, ""reference"": ""XHINV"", ""reference_quartile"": ""high"", ""target"": ""PHEXT""}",anomalia,Desviacion de Correlacion,anomalia,Ruido,fail,,0.998767408943514,anomalia,False,False,False,False,0,1,,B_type_mismatch
CD_25f1ffb52130,CD,"{""corr_sign"": 1, ""reference"": ""XHINV"", ""reference_quartile"": ""high"", ""target"": ""PHEXT""}",anomalia,Desviacion de Correlacion,anomalia,Ruido,fail,,0.9969052818837556,anomalia,False,False,False,False,0,0,,B_type_mismatch
CD_100ec94a45df,CD,"{""corr_sign"": 1, ""reference"": ""XHINV"", ""reference_quartile"": ""high"", ""target"": ""PHEXT""}",anomalia,Desviacion de Correlacion,normal,normal,fail,,0.0041652397114102,normal,False,False,False,False,0,1,,A_binary_miss
CD_56fc11721606,CD,"{""corr_sign"": 1, ""reference"": ""XHINV"", ""reference_quartile"": ""high"", ""target"": ""PHEXT""}",anomalia,Desviacion de Correlacion,anomalia,Ruido,fail,,0.9635260187797886,anomalia,False,False,False,False,0,0,,B_type_mismatch
CD_ba821cc16365,CD,"{""corr_sign"": 1, ""reference"": ""XHINV"", ""reference_quartile"": ""high"", ""target"": ""PHEXT""}",anomalia,Desviacion de Correlacion,anomalia,Ruido,fail,,0.9968628118682388,anomalia,False,False,False,False,0,1,,B_type_mismatch
CD_80b3b33d7694,CD,"{""corr_sign"": 1, ""reference"": ""XHINV"", ""reference_quartile"": ""high"", ""target"": ""PHEXT""}",anomalia,Desviacion de Correlacion,anomalia,Ruido,fail,,0.9852201440112852,anomalia,False,False,False,False,0,1,,B_type_mismatch
CD_4e7171b3dc01,CD,"{""corr_sign"": 1, ""reference"": ""XHINV"", ""reference_quartile"": ""high"", ""target"": ""PHEXT""}",anomalia,Desviacion de Correlacion,anomalia,Ruido,fail,,0.9975840475147104,anomalia,False,False,False,False,0,1,,B_type_mismatch
CD_96c8293db240,CD,"{""corr_sign"": 1, ""reference"": ""XHINV"", ""reference_quartile"": ""high"", ""target"": ""PHEXT""}",anomalia,Desviacion de Correlacion,anomalia,Ruido,fail,,0.9987609087596572,anomalia,False,False,False,False,0,0,,B_type_mismatch
CD_15d68edafdba,CD,"{""corr_sign"": 1, ""reference"": ""XHINV"", ""reference_quartile"": ""high"", ""target"": ""PHEXT""}",anomalia,Desviacion de Correlacion,anomalia,Ruido,fail,,0.9972783221234636,anomalia,False,False,False,False,0,0,,B_type_mismatch
CD_21262e5a8fae,CD,"{""corr_sign"": 1, ""reference"": ""XHINV"", ""reference_quartile"": ""high"", ""target"": ""PHEXT""}",anomalia,Desviacion de Correlacion,anomalia,Ruido,fail,,0.9983273296644742,anomalia,False,False,False,False,0,0,,B_type_mismatch
CD_547b284f6700,CD,"{""corr_sign"": 1, ""reference"": ""XHINV"", ""reference_quartile"": ""high"", ""target"": ""PHEXT""}",anomalia,Desviacion de Correlacion,anomalia,Ruido,fail,,0.998861630929007,anomalia,False,False,False,False,0,1,,B_type_mismatch
CD_6ea21fbfbec7,CD,"{""corr_sign"": 1, ""reference"": ""XHINV"", ""reference_quartile"": ""high"", ""target"": ""PHEXT""}",anomalia,Desviacion de Correlacion,anomalia,Ruido,fail,,0.9972238315595328,anomalia,False,False,False,False,0,1,,B_type_mismatch
CD_2313e8f22d1a,CD,"{""corr_sign"": 1, ""reference"": ""XHINV"", ""reference_quartile"": ""high"", ""target"": ""PHEXT""}",anomalia,Desviacion de Correlacion,anomalia,Ruido,fail,,0.9990363650563104,anomalia,False,False,False,False,0,0,,B_type_mismatch
CD_9a610a5f2d57,CD,"{""corr_sign"": 1, ""reference"": ""XHINV"", ""reference_quartile"": ""high"", ""target"": ""PHEXT""}",anomalia,Desviacion de Correlacion,anomalia,Ruido,fail,,0.9681599060413676,anomalia,False,False,False,False,0,1,,B_type_mismatch
CD_3559f716fcfa,CD,"{""corr_sign"": 1, ""reference"": ""XHINV"", ""reference_quartile"": ""high"", ""target"": ""PHEXT""}",anomalia,Desviacion de Correlacion,anomalia,Ruido,fail,,0.9712988952934096,anomalia,False,False,False,False,0,1,,B_type_mismatch
CD_dd76e91227f7,CD,"{""corr_sign"": 1, ""reference"": ""XHINV"", ""reference_quartile"": ""high"", ""target"": ""PHEXT""}",anomalia,Desviacion de Correlacion,anomalia,Ruido,fail,,0.9862316598071236,anomalia,False,False,False,False,0,0,,B_type_mismatch
CD_0e49a876f9eb,CD,"{""corr_sign"": 1, ""reference"": ""XHINV"", ""reference_quartile"": ""high"", ""target"": ""PHEXT""}",anomalia,Desviacion de Correlacion,anomalia,Ruido,fail,,0.9655534327346984,anomalia,False,False,False,False,0,1,,B_type_mismatch
CD_2762fc734faf,CD,"{""corr_sign"": 1, ""reference"": ""XHINV"", ""reference_quartile"": ""high"", ""target"": ""PHEXT""}",anomalia,Desviacion de Correlacion,anomalia,Ruido,fail,,0.9984946572397296,anomalia,False,False,False,False,0,1,,B_type_mismatch
CD_71375169197d,CD,"{""corr_sign"": 1, ""reference"": ""XHINV"", ""reference_quartile"": ""high"", ""target"": ""PHEXT""}",anomalia,Desviacion de Correlacion,anomalia,Ruido,fail,,0.999103118479234,anomalia,False,False,False,False,0,0,,B_type_mismatch
CD_16dd6a9d1636,CD,"{""corr_sign"": 1, ""reference"": ""XHINV"", ""reference_quartile"": ""high"", ""target"": ""PHEXT""}",anomalia,Desviacion de Correlacion,anomalia,Ruido,fail,,0.9984208650132776,anomalia,False,False,False,False,0,1,,B_type_mismatch
CD_15773df5db3f,CD,"{""corr_sign"": 1, ""reference"": ""XHINV"", ""reference_quartile"": ""high"", ""target"": ""PHEXT""}",anomalia,Desviacion de Correlacion,anomalia,Ruido,fail,,0.884741359658283,anomalia,False,False,False,False,0,0,,B_type_mismatch
CD_8467c569ec71,CD,"{""corr_sign"": 1, ""reference"": ""XHINV"", ""reference_quartile"": ""high"", ""target"": ""PHEXT""}",anomalia,Desviacion de Correlacion,anomalia,Ruido,fail,,0.993957098152118,anomalia,False,False,False,False,0,1,,B_type_mismatch
CD_933f442bcb55,CD,"{""corr_sign"": 1, ""reference"": ""XHINV"", ""reference_quartile"": ""high"", ""target"": ""PHEXT""}",anomalia,Desviacion de Correlacion,anomalia,Ruido,fail,,0.9991974070572436,anomalia,False,False,False,False,0,0,,B_type_mismatch
CD_7a6893f230f0,CD,"{""corr_sign"": 1, ""reference"": ""XHINV"", ""reference_quartile"": ""high"", ""target"": ""PHEXT""}",anomalia,Desviacion de Correlacion,anomalia,Ruido,fail,,0.9986586137446258,anomalia,False,False,False,False,0,1,,B_type_mismatch
CD_f1fd4e95d3b7,CD,"{""corr_sign"": 1, ""reference"": ""XHINV"", ""reference_quartile"": ""high"", ""target"": ""PHEXT""}",anomalia,Desviacion de Correlacion,anomalia,Ruido,fail,,0.9915132278184292,anomalia,False,False,False,False,0,1,,B_type_mismatch
CD_5a1074849593,CD,"{""corr_sign"": 1, ""reference"": ""XHINV"", ""reference_quartile"": ""high"", ""target"": ""PHEXT""}",anomalia,Desviacion de Correlacion,anomalia,Ruido,fail,,0.9985720684178973,anomalia,False,False,False,False,0,0,,B_type_mismatch
CD_fc96c8b2a2c5,CD,"{""corr_sign"": 1, ""reference"": ""XHINV"", ""reference_quartile"": ""high"", ""target"": ""PHEXT""}",anomalia,Desviacion de Correlacion,anomalia,Ruido,fail,,0.9962907246638366,anomalia,False,False,False,False,0,0,,B_type_mismatch
CD_b2f073cd1b85,CD,"{""corr_sign"": 1, ""reference"": ""XHINV"", ""reference_quartile"": ""high"", ""target"": ""PHEXT""}",anomalia,Desviacion de Correlacion,anomalia,Ruido,fail,,0.9872728010088048,anomalia,False,False,False,False,0,1,,B_type_mismatch
CD_38d4d8861bf5,CD,"{""corr_sign"": 1, ""reference"": ""XHINV"", ""reference_quartile"": ""high"", ""target"": ""PHEXT""}",anomalia,Desviacion de Correlacion,anomalia,Ruido,fail,,0.9991737395305572,anomalia,False,False,False,False,0,0,,B_type_mismatch
CD_dff36c92f3a3,CD,"{""corr_sign"": 1, ""reference"": ""XHINV"", ""reference_quartile"": ""high"", ""target"": ""PHEXT""}",anomalia,Desviacion de Correlacion,anomalia,Ruido,fail,,0.9957432758712952,anomalia,False,False,False,False,0,0,,B_type_mismatch
CD_95f44db611b6,CD,"{""corr_sign"": 1, ""reference"": ""XHINV"", ""reference_quartile"": ""high"", ""target"": ""PHEXT""}",anomalia,Desviacion de Correlacion,anomalia,Ruido,fail,,0.9754023059814004,anomalia,False,False,False,False,0,0,,B_type_mismatch
CD_e3249b44da46,CD,"{""corr_sign"": 1, ""reference"": ""XHINV"", ""reference_quartile"": ""high"", ""target"": ""PHEXT""}",anomalia,Desviacion de Correlacion,anomalia,Ruido,fail,,0.9982017368866112,anomalia,False,False,False,False,0,1,,B_type_mismatch
CD_6c151da414b3,CD,"{""corr_sign"": 1, ""reference"": ""XHINV"", ""reference_quartile"": ""high"", ""target"": ""PHEXT""}",anomalia,Desviacion de Correlacion,normal,normal,fail,,0.0439964588442512,normal,False,False,False,False,0,1,,A_binary_miss
CD_0bdd0c75f2fd,CD,"{""corr_sign"": 1, ""reference"": ""XHINV"", ""reference_quartile"": ""high"", ""target"": ""PHEXT""}",anomalia,Desviacion de Correlacion,anomalia,Ruido,fail,,0.9965228820356912,anomalia,False,False,False,False,0,0,,B_type_mismatch
CD_e3611f5da009,CD,"{""corr_sign"": 1, ""reference"": ""XHINV"", ""reference_quartile"": ""high"", ""target"": ""PHEXT""}",anomalia,Desviacion de Correlacion,normal,normal,fail,,0.4006226485930748,normal,False,False,False,False,0,0,,A_binary_miss
CD_14f73f0b2070,CD,"{""corr_sign"": 1, ""reference"": ""XHINV"", ""reference_quartile"": ""high"", ""target"": ""PHEXT""}",anomalia,Desviacion de Correlacion,anomalia,Ruido,fail,,0.9990144161909156,anomalia,False,False,False,False,0,0,,B_type_mismatch
